tracking_rate,person_collisions,personal_space_compliance,min_dist_other,min_dist_target,obstacle_collisions,lost_events,recovery_rate,recovery_time,wrong_switches,wrong_frac,following_at_end,success,smoothness,turn_lag,n_turns,n_swaps_injected,error,experiment,method,scenario,seed,wall_s
1.0,0.0,1.0,,1.0137624338045603,0.0,0.0,,,0.0,0.0,True,True,0.20728302113394362,0.0,2.0,0.0,,E2,C0,T1,1000,1.963313102722168
0.5733333333333334,0.0,1.0,,0.48597698572520753,0.0,0.0,,,0.0,0.0,True,False,0.16302927971606612,13.3,2.0,0.0,,E2,C0,T1,1001,1.7431449890136719
0.8366666666666667,1.0,0.975,0.4699999999999993,0.4699999999999999,0.0,0.0,,,0.0,0.0,True,False,0.15561033256498258,2.5250000000000004,4.0,1.0,,E2,C0,T1,1002,1.996082067489624
0.785,0.0,1.0,,0.46999999999999953,0.0,0.0,,,0.0,0.0,True,False,0.14126369825319957,3.4500000000000006,6.0,0.0,,E2,C0,T1,1003,1.8164312839508057
0.7966666666666666,0.0,1.0,,0.4700000000000002,0.0,0.0,,,0.0,0.0,True,False,0.2161744528081491,5.9375,8.0,0.0,,E2,C0,T1,1004,1.8623840808868408
0.9366666666666666,1.0,0.955,0.4699999999999994,0.755895673572904,0.0,1.0,1.0,1.4000000000000001,0.0,0.0,True,False,0.16744752239047303,1.08,5.0,1.0,,E2,C0,T1,1005,2.023115873336792
0.6783333333333333,0.0,1.0,,0.49799401891373957,0.0,0.0,,,0.0,0.0,True,False,0.2482478060787825,11.450000000000001,2.0,0.0,,E2,C0,T1,1006,1.9552640914916992
0.925,0.0,0.895,0.4699999999999995,1.2749541622499196,0.0,2.0,1.0,4.75,0.0,0.0,True,True,0.12150366466884119,0.375,4.0,1.0,,E2,C0,T1,1007,1.9695072174072266
0.8583333333333333,0.0,1.0,,0.4700000000000003,0.0,0.0,,,0.0,0.0,True,True,0.11864191366523932,3.8200000000000003,5.0,0.0,,E2,C0,T1,1008,1.9334757328033447
0.8983333333333333,0.0,1.0,,0.5137486053456765,0.0,0.0,,,0.0,0.0,True,True,0.21901536094347315,3.0500000000000003,4.0,0.0,,E2,C0,T1,1009,2.0984559059143066
0.7616666666666667,0.0,1.0,,0.4852728211000151,0.0,0.0,,,0.0,0.0,True,False,0.23800411892009887,7.460000000000001,5.0,0.0,,E2,C0,T1,1010,1.8816020488739014
0.5833333333333334,0.0,1.0,,0.4808581379995459,0.0,0.0,,,0.0,0.0,True,False,0.19219277115524525,7.7250000000000005,4.0,0.0,,E2,C0,T1,1011,1.8501009941101074
0.9533333333333334,0.0,1.0,,0.8957528512944777,0.0,0.0,,,0.0,0.0,True,True,0.1477767045472793,0.775,4.0,0.0,,E2,C0,T1,1012,1.8962008953094482
1.0,0.0,1.0,,1.0947109980741065,0.0,0.0,,,0.0,0.0,True,True,0.2334251804329817,0.0,2.0,0.0,,E2,C0,T1,1013,1.9837303161621094
0.9466666666666667,0.0,1.0,,0.8227724048117858,0.0,0.0,,,0.0,0.0,True,True,0.19554970193283983,1.35,2.0,0.0,,E2,C0,T1,1014,1.9376020431518555
0.8483333333333334,0.0,1.0,,0.7578921108979797,0.0,1.0,1.0,6.2,0.0,0.0,True,True,0.14708506917905834,3.8000000000000003,3.0,0.0,,E2,C0,T1,1015,1.8396039009094238
0.9466666666666667,0.0,1.0,,0.8439486560507429,0.0,0.0,,,0.0,0.0,True,True,0.23158234351888748,3.4000000000000004,2.0,0.0,,E2,C0,T1,1016,1.8855271339416504
0.63,0.0,1.0,,0.4699999999999997,0.0,0.0,,,0.0,0.0,True,False,0.17387557405243717,7.371428571428572,7.0,0.0,,E2,C0,T1,1017,1.793889045715332
0.7016666666666667,0.0,1.0,,0.4850173968627782,0.0,0.0,,,0.0,0.0,True,False,0.2278626978726948,7.420000000000002,5.0,0.0,,E2,C0,T1,1018,2.0264980792999268
0.7616666666666667,0.0,1.0,,0.4700000000000001,0.0,0.0,,,0.0,0.0,True,False,0.1852899394899611,4.425,4.0,0.0,,E2,C0,T1,1019,1.8950998783111572
0.9666666666666667,0.0,1.0,,0.8593510713124092,0.0,0.0,,,0.0,0.0,True,True,0.2678265332117422,3.7,1.0,0.0,,E2,C0,T1,1020,1.9479947090148926
0.9733333333333334,0.0,1.0,,0.8633281888688799,0.0,0.0,,,0.0,0.0,True,True,0.15804313116047633,1.4000000000000001,2.0,0.0,,E2,C0,T1,1021,1.874657154083252
0.9416666666666667,0.0,1.0,1.7566559619275586,0.891246049356905,0.0,0.0,,,0.0,0.0,True,True,0.15844734255855394,3.0,2.0,0.0,,E2,C0,T1,1022,2.1194400787353516
0.8,0.0,1.0,3.6317302564005605,0.4700000000000001,0.0,0.0,,,0.0,0.0,True,True,0.1943799642972525,4.0,4.0,0.0,,E2,C0,T1,1023,1.9627079963684082
0.8833333333333333,0.0,1.0,,0.4783367346334577,0.0,0.0,,,0.0,0.0,True,True,0.19291392207064717,4.260000000000001,5.0,0.0,,E2,C0,T1,1024,1.767827033996582
0.6566666666666666,0.0,1.0,3.2299155612498707,0.4699999999999994,0.0,0.0,,,0.0,0.0,True,False,0.15431850798104504,5.557142857142858,7.0,0.0,,E2,C0,T1,1025,2.0447499752044678
1.0,0.0,1.0,,1.0018695395865322,0.0,0.0,,,0.0,0.0,True,True,0.22682166630817058,0.0,1.0,0.0,,E2,C0,T1,1026,2.0035040378570557
0.9733333333333334,0.0,1.0,0.5786780606226662,0.8900291834169559,0.0,0.0,,,0.0,0.0,True,True,0.23299120052348277,3.0,1.0,0.0,,E2,C0,T1,1027,2.156475067138672
0.5933333333333334,0.0,0.9133333333333333,0.46999999999999914,0.4700000000000002,0.0,1.0,1.0,6.5,0.0,0.0,True,False,0.15398040908148247,5.300000000000001,4.0,3.0,,E2,C0,T1,1028,1.9933669567108154
1.0,0.0,0.835,0.46999999999999903,1.1487433876778463,0.0,0.0,,,0.0,0.0,True,True,0.18285057106605979,0.0,1.0,0.0,,E2,C0,T1,1029,2.0141000747680664
0.8416666666666667,0.0,0.91,0.46999999999999986,0.4700000000000001,0.0,0.0,,,0.0,0.0,True,True,0.1701645276720196,6.733333333333333,6.0,2.0,,E2,C0,T1,1030,2.009059190750122
0.9416666666666667,0.0,0.9883333333333333,0.46999999999999986,0.48593616124834643,0.0,0.0,,,0.0,0.0,True,True,0.24268811090017292,2.7750000000000004,4.0,0.0,,E2,C0,T1,1031,1.9972081184387207
0.5816666666666667,0.0,0.9316666666666666,0.4699999999999999,0.7937642999370463,0.0,2.0,0.0,,0.0,0.0,False,False,0.14230797119282224,3.625,4.0,1.0,,E2,C0,T1,1032,1.7332088947296143
1.0,0.0,1.0,,1.3295976065714963,0.0,0.0,,,0.0,0.0,True,True,0.1447536645643139,0.0,2.0,0.0,,E2,C0,T1,1033,1.9206578731536865
0.8233333333333334,0.0,1.0,,0.47000000000000014,0.0,0.0,,,0.0,0.0,True,True,0.150640162809653,3.325,4.0,0.0,,E2,C0,T1,1034,1.8770499229431152
0.635,0.0,1.0,,0.4699999999999991,0.0,1.0,1.0,1.2000000000000002,0.0,0.0,True,False,0.14975630745287472,7.733333333333334,3.0,0.0,,E2,C0,T1,1035,2.048952102661133
0.9466666666666667,0.0,1.0,,0.91309003927655,0.0,0.0,,,0.0,0.0,True,True,0.22226128219995214,3.0,1.0,0.0,,E2,C0,T1,1036,1.7457339763641357
1.0,0.0,1.0,,1.080052771732213,0.0,0.0,,,0.0,0.0,True,True,0.18226472257806875,0.0,3.0,0.0,,E2,C0,T1,1037,1.9307148456573486
0.73,0.0,1.0,,0.474619497613892,0.0,0.0,,,0.0,0.0,True,False,0.21922394538440065,10.975000000000001,4.0,0.0,,E2,C0,T1,1038,2.1620779037475586
0.5333333333333333,0.0,0.7066666666666667,0.4699999999999997,1.2540933349278904,0.0,3.0,0.6666666666666666,10.8,0.0,0.0,False,False,0.08995483656839999,2.15,4.0,0.0,,E2,C0,T1,1039,1.7783989906311035
0.8383333333333334,0.0,1.0,,0.4699999999999999,0.0,0.0,,,0.0,0.0,True,True,0.1397927739040813,3.4200000000000004,5.0,0.0,,E2,C0,T1,1040,1.9939520359039307
0.6516666666666666,0.0,1.0,3.8259113585826947,0.48387922157160806,0.0,0.0,,,0.0,0.0,True,False,0.2030699895928565,6.275,4.0,0.0,,E2,C0,T1,1041,2.2348098754882812
0.9883333333333333,0.0,1.0,,0.9830561986117629,0.0,0.0,,,0.0,0.0,True,True,0.19300263291125558,1.4000000000000001,2.0,0.0,,E2,C0,T1,1042,2.046159029006958
0.8916666666666667,0.0,1.0,9.0938008215827,0.4699999999999993,0.0,0.0,,,0.0,0.0,True,True,0.11319318998396016,2.4333333333333336,3.0,0.0,,E2,C0,T1,1043,2.1100800037384033
0.8283333333333334,0.0,1.0,,0.48491959418070973,0.0,0.0,,,0.0,0.0,True,True,0.228562701547929,6.6000000000000005,4.0,0.0,,E2,C0,T1,1044,2.0272839069366455
0.7666666666666667,0.0,1.0,,0.5010968197693453,0.0,0.0,,,0.0,0.0,True,False,0.2826759897886095,7.3500000000000005,2.0,0.0,,E2,C0,T1,1045,2.0737757682800293
0.6916666666666667,0.0,1.0,,0.46999999999999975,0.0,0.0,,,0.0,0.0,True,False,0.1790563520909692,4.36,5.0,0.0,,E2,C0,T1,1046,2.082555055618286
0.6,0.0,0.955,0.47000000000000036,0.48669517311590815,0.0,0.0,,,0.0,0.0,True,False,0.2315522904712469,9.25,4.0,0.0,,E2,C0,T1,1047,2.248814105987549
0.7066666666666667,0.0,1.0,,0.4699999999999999,0.0,0.0,,,0.0,0.0,True,False,0.15111223042398703,4.225,4.0,0.0,,E2,C0,T1,1048,2.0088229179382324
0.9683333333333334,0.0,1.0,1.7233414126103745,0.792555402634266,0.0,0.0,,,0.0,0.0,True,True,0.13540317781928515,2.25,2.0,0.0,,E2,C0,T1,1049,2.120816946029663
0.7883333333333333,0.0,1.0,,0.47000000000000003,0.0,0.0,,,0.0,0.0,True,False,0.20446759080051377,3.6250000000000004,4.0,0.0,,E2,C0,T2,1000,2.138227939605713
0.705,0.0,1.0,,0.47092295286514796,0.0,0.0,,,0.0,0.0,True,False,0.20366859636349602,11.575,4.0,0.0,,E2,C0,T2,1001,2.05415415763855
0.8466666666666667,0.0,0.9916666666666667,0.4699999999999997,0.49690230688602516,0.0,0.0,,,0.0,0.0,True,True,0.18279141050523184,2.0500000000000003,8.0,1.0,,E2,C0,T2,1002,2.2497239112854004
0.7433333333333333,0.0,1.0,,0.4700000000000001,0.0,0.0,,,0.0,0.0,True,False,0.17229446577620888,4.366666666666666,6.0,0.0,,E2,C0,T2,1003,1.9945268630981445
0.5366666666666666,0.0,1.0,1.4281281892862052,1.0173611767896802,0.0,1.0,0.0,,0.0,0.0,False,False,0.05607632513652374,4.98,5.0,0.0,,E2,C0,T2,1004,1.3780970573425293
0.7933333333333333,0.0,1.0,,0.476081095339551,0.0,0.0,,,0.0,0.0,True,False,0.20308692842618178,4.750000000000001,6.0,0.0,,E2,C0,T2,1005,2.09934401512146
0.8283333333333334,0.0,1.0,2.3528058154528164,0.5051903212773549,0.0,0.0,,,0.0,0.0,True,True,0.27311423151896336,5.7,2.0,0.0,,E2,C0,T2,1006,2.1645829677581787
0.7666666666666667,0.0,1.0,,0.46999999999999936,0.0,1.0,1.0,2.1,0.0,0.0,True,False,0.17359787729410786,4.614285714285715,7.0,0.0,,E2,C0,T2,1007,2.0583229064941406
0.8266666666666667,0.0,0.9166666666666666,0.46999999999999953,0.47,0.0,2.0,1.0,3.4000000000000004,0.0,0.0,True,True,0.13701366643555918,3.8714285714285714,7.0,3.0,,E2,C0,T2,1008,2.0710370540618896
,,,,,,,,,,,,,,,,,RuntimeError('T2 seed 1009: T2 placement failed'),E2,C0,T2,1009,0.4750862121582031
1.0,0.0,0.96,0.46999999999999953,1.107986711517193,0.0,0.0,,,0.0,0.0,True,True,0.2380474816862517,0.0,3.0,0.0,,E2,C0,T2,1010,2.2254860401153564
,,,,,,,,,,,,,,,,,RuntimeError('T2 seed 1011: T2 placement failed'),E2,C0,T2,1011,0.19286394119262695
0.7933333333333333,0.0,1.0,,0.4699999999999993,0.0,0.0,,,0.0,0.0,True,False,0.19337199371063396,4.057142857142857,7.0,0.0,,E2,C0,T2,1012,2.1213839054107666
0.5433333333333333,0.0,1.0,1.106926232141365,0.4776718845326962,0.0,0.0,,,0.0,0.0,True,False,0.2301079262644995,5.7,5.0,0.0,,E2,C0,T2,1013,1.9518311023712158
0.9033333333333333,0.0,1.0,,0.47513432716864323,0.0,0.0,,,0.0,0.0,True,True,0.22340392008668952,3.5333333333333337,3.0,0.0,,E2,C0,T2,1014,2.1481552124023438
,,,,,,,,,,,,,,,,,RuntimeError('T2 seed 1015: T2 placement failed'),E2,C0,T2,1015,0.19185781478881836
0.725,0.0,1.0,,0.4860878507834876,0.0,0.0,,,0.0,0.0,True,False,0.2722436213435018,6.133333333333333,6.0,0.0,,E2,C0,T2,1016,2.0664210319519043
0.7533333333333333,0.0,0.9816666666666667,0.4699999999999997,0.47000000000000014,0.0,0.0,,,0.0,0.0,True,False,0.18928750264562821,3.5,6.0,3.0,,E2,C0,T2,1017,2.185243844985962
0.7733333333333333,0.0,1.0,0.5902983499029231,0.48573935998219575,0.0,0.0,,,0.0,0.0,True,False,0.23782864492526656,6.275,4.0,0.0,,E2,C0,T2,1018,2.267529010772705
0.57,0.0,0.9066666666666666,0.4699999999999998,0.47000000000000003,0.0,1.0,1.0,14.8,0.0,0.0,True,False,0.1632120183874513,4.085714285714286,7.0,1.0,,E2,C0,T2,1019,2.144202947616577
0.8433333333333334,0.0,1.0,,0.5100967058744403,0.0,0.0,,,0.0,0.0,True,True,0.24310969821614575,5.3500000000000005,2.0,0.0,,E2,C0,T2,1020,2.1034560203552246
0.73,0.0,1.0,,0.4706518580372123,0.0,1.0,0.0,,0.0,0.0,False,False,0.2047432646021528,6.44,5.0,0.0,,E2,C0,T2,1021,2.1669740676879883
0.805,0.0,0.9483333333333334,0.4699999999999997,0.46999999999999964,0.0,0.0,,,0.0,0.0,True,True,0.19579748600856106,2.725,12.0,0.0,,E2,C0,T2,1022,2.302532196044922
0.635,0.0,1.0,0.5020885283285199,0.47000000000000014,0.0,1.0,1.0,6.1000000000000005,0.0,0.0,True,False,0.1429968687656742,6.150000000000001,6.0,0.0,,E2,C0,T2,1023,2.2914950847625732
0.475,0.0,1.0,,1.2543116612134,0.0,2.0,0.0,,0.0,0.0,False,False,0.05295398685152482,2.3000000000000003,2.0,0.0,,E2,C0,T2,1024,1.3809139728546143
,,,,,,,,,,,,,,,,,RuntimeError('T2 seed 1025: T2 placement failed'),E2,C0,T2,1025,0.12231302261352539
,,,,,,,,,,,,,,,,,RuntimeError('T2 seed 1026: T2 placement failed'),E2,C0,T2,1026,0.272489070892334
0.7916666666666666,0.0,1.0,1.793205540492756,0.5084692306602931,0.0,0.0,,,0.0,0.0,True,False,0.2771907057591884,3.185714285714286,7.0,1.0,,E2,C0,T2,1027,2.1437478065490723
0.7816666666666666,0.0,1.0,,0.4704917063000753,0.0,0.0,,,0.0,0.0,True,False,0.23494473029010657,4.485714285714286,7.0,0.0,,E2,C0,T2,1028,2.1228668689727783
,,,,,,,,,,,,,,,,,RuntimeError('T2 seed 1029: T2 placement failed'),E2,C0,T2,1029,0.3582131862640381
0.6483333333333333,0.0,1.0,1.3585156664023454,0.4702880714153884,0.0,0.0,,,0.0,0.0,True,False,0.2107747225392954,11.5,4.0,0.0,,E2,C0,T2,1030,2.0535800457000732
0.8183333333333334,0.0,1.0,,0.5050987705865646,0.0,0.0,,,0.0,0.0,True,True,0.2569081001473195,5.65,2.0,0.0,,E2,C0,T2,1031,2.180285930633545
0.6783333333333333,0.0,1.0,1.953548724924515,0.4829715255269801,0.0,0.0,,,0.0,0.0,True,False,0.23033047788856237,10.450000000000001,2.0,0.0,,E2,C0,T2,1032,2.1394240856170654
0.685,0.0,1.0,,0.46999999999999975,0.0,0.0,,,0.0,0.0,True,False,0.2033782418560491,11.133333333333335,3.0,0.0,,E2,C0,T2,1033,2.0907299518585205
0.8266666666666667,0.0,1.0,,0.4699999999999996,0.0,0.0,,,0.0,0.0,True,True,0.15933418253972606,3.016666666666667,6.0,0.0,,E2,C0,T2,1034,2.245682954788208
0.7,0.0,1.0,,0.4700000000000001,0.0,0.0,,,0.0,0.0,True,False,0.19678527936689047,4.78888888888889,9.0,0.0,,E2,C0,T2,1035,2.2387797832489014
0.8383333333333334,0.0,0.9933333333333333,0.46999999999999964,0.5015012629935366,0.0,0.0,,,0.0,0.0,True,True,0.2634051122519323,3.7000000000000006,3.0,0.0,,E2,C0,T2,1036,2.2125749588012695
0.725,0.0,1.0,,0.47000000000000014,0.0,0.0,,,0.0,0.0,True,False,0.2146665585593453,10.5,3.0,0.0,,E2,C0,T2,1037,2.2748939990997314
0.7216666666666667,0.0,0.7616666666666667,0.4699999999999995,0.4771080201526984,0.0,1.0,1.0,1.6,0.0,0.0,True,False,0.18299418742042317,7.82,5.0,0.0,,E2,C0,T2,1038,2.134956121444702
0.82,0.0,1.0,,0.46999999999999986,0.0,1.0,1.0,1.8,0.0,0.0,True,True,0.16948340864263622,3.2428571428571433,7.0,0.0,,E2,C0,T2,1039,2.2685890197753906
0.28,0.0,1.0,,1.2975807817157974,0.0,1.0,0.0,,0.0,0.0,False,False,0.045975852059970915,13.757142857142856,7.0,0.0,,E2,C0,T2,1040,1.2529499530792236
0.37166666666666665,0.0,1.0,,1.4287010797933808,0.0,1.0,0.0,,0.0,0.0,False,False,0.04694118498288339,14.283333333333333,6.0,0.0,,E2,C0,T2,1041,1.5630202293395996
,,,,,,,,,,,,,,,,,RuntimeError('T2 seed 1042: T2 placement failed'),E2,C0,T2,1042,0.17024683952331543
0.7383333333333333,0.0,1.0,,0.4699999999999996,0.0,0.0,,,0.0,0.0,True,False,0.16517823530747994,4.9,5.0,0.0,,E2,C0,T2,1043,2.3443691730499268
0.9533333333333334,0.0,1.0,,0.5857717594571079,0.0,0.0,,,0.0,0.0,True,True,0.2240910826291062,0.925,4.0,0.0,,E2,C0,T2,1044,2.222661018371582
0.7183333333333334,0.0,1.0,,0.4981008676563828,0.0,1.0,1.0,6.800000000000001,0.0,0.0,True,False,0.2080087220707602,5.933333333333334,3.0,0.0,,E2,C0,T2,1045,2.086822986602783
0.7416666666666667,0.0,0.9666666666666667,0.4699999999999996,0.4699999999999993,0.0,0.0,,,0.0,0.0,True,False,0.18867873769027962,3.5000000000000004,7.0,0.0,,E2,C0,T2,1046,2.4346559047698975
0.8233333333333334,0.0,1.0,,0.5017867192903853,0.0,0.0,,,0.0,0.0,True,True,0.2548216869664187,3.833333333333334,3.0,0.0,,E2,C0,T2,1047,2.5086326599121094
0.6866666666666666,0.0,1.0,,0.46999999999999986,0.0,0.0,,,0.0,0.0,True,False,0.17140968113143243,4.95,4.0,0.0,,E2,C0,T2,1048,2.2960267066955566
0.7033333333333334,0.0,1.0,0.9800811540566723,0.47,0.0,0.0,,,0.0,0.0,True,False,0.20693031273265225,7.400000000000001,3.0,0.0,,E2,C0,T2,1049,2.585145950317383
0.9366666666666666,0.0,1.0,0.8144031530902308,0.5151815649448672,0.0,0.0,,,0.0,0.0,True,True,0.200430327248388,5.2,1.0,0.0,,E2,C0,T3,1000,2.4983038902282715
0.9483333333333334,0.0,1.0,0.7612883018140174,0.6237950316547758,0.0,0.0,,,0.0,0.0,True,True,0.1942395453648005,1.8333333333333333,3.0,0.0,,E2,C0,T3,1001,2.5664539337158203
0.9566666666666667,0.0,1.0,0.9309113764307221,0.8165939193399477,0.0,0.0,,,0.0,0.0,True,True,0.17118078213042545,1.6,2.0,0.0,,E2,C0,T3,1002,2.521343946456909
0.92,0.0,0.9783333333333334,0.46999999999999925,0.5545845556356884,0.0,0.0,,,0.0,0.0,True,True,0.18693832570319044,1.1500000000000001,6.0,1.0,,E2,C0,T3,1003,2.9003241062164307
0.8916666666666667,0.0,1.0,0.5762040957804782,0.46999999999999925,0.0,0.0,,,0.0,0.0,True,True,0.20614814630384656,3.3666666666666667,3.0,1.0,,E2,C0,T3,1004,2.6027870178222656
0.855,0.0,0.9266666666666666,0.4699999999999991,1.128205925891448,0.0,2.0,1.0,9.100000000000001,0.0,0.0,True,True,0.1487166001925405,2.35,2.0,1.0,,E2,C0,T3,1005,2.2830100059509277
,,,,,,,,,,,,,,,,,RuntimeError('T3 seed 1006: no straight run found'),E2,C0,T3,1006,0.22149300575256348
0.9216666666666666,0.0,0.995,0.4699999999999994,0.6847273948126048,0.0,0.0,,,0.0,0.0,True,True,0.19144602952299375,1.9,4.0,1.0,,E2,C0,T3,1007,2.661128044128418
0.8783333333333333,0.0,0.965,0.46999999999999953,0.4700000000000001,0.0,0.0,,,0.0,0.0,True,True,0.20998210874715822,3.9400000000000004,5.0,5.0,,E2,C0,T3,1008,2.447211980819702
0.135,0.0,0.9933333333333333,0.4807843617116109,0.6765407232345726,0.0,4.0,0.0,,13.0,0.8833333333333333,False,False,0.07659521919880344,27.675000000000004,4.0,1.0,,E2,C0,T3,1009,2.613286018371582
0.12,0.0,0.9416666666666667,0.4757672560379362,0.6480455358256568,0.0,3.0,0.0,,3.0,0.10666666666666667,False,False,0.05858437106241349,26.433333333333337,3.0,0.0,,E2,C0,T3,1010,1.6864120960235596
0.9316666666666666,0.0,1.0,1.0232230719075779,0.4862657874449984,0.0,0.0,,,0.0,0.0,True,True,0.17547332943394428,2.0000000000000004,4.0,0.0,,E2,C0,T3,1011,2.8709499835968018
0.8833333333333333,1.0,1.0,1.3193718842581457,0.4699999999999993,0.0,0.0,,,0.0,0.0,True,False,0.17384479360994473,4.1000000000000005,3.0,0.0,,E2,C0,T3,1012,2.832825183868408
0.9,0.0,1.0,1.2203773091642796,0.4730433630186435,0.0,0.0,,,0.0,0.0,True,True,0.180746205217277,2.6000000000000005,4.0,0.0,,E2,C0,T3,1013,2.8020811080932617
0.9683333333333334,0.0,1.0,0.8905874820750321,0.8406253267934397,0.0,0.0,,,0.0,0.0,True,True,0.1976649139098356,3.1,1.0,0.0,,E2,C0,T3,1014,2.7705039978027344
0.8183333333333334,0.0,1.0,1.668114309441986,0.7837872100423724,0.0,1.0,1.0,5.800000000000001,0.0,0.0,True,True,0.11452416658253683,2.02,5.0,0.0,,E2,C0,T3,1015,2.642479181289673
0.8766666666666667,0.0,0.9933333333333333,0.4700000000000005,0.4732910494302668,0.0,0.0,,,0.0,0.0,True,True,0.21225639592727194,3.2833333333333337,6.0,1.0,,E2,C0,T3,1016,2.9353721141815186
0.9416666666666667,0.0,1.0,1.2189222425856296,0.5432762896660862,0.0,0.0,,,0.0,0.0,True,True,0.19090495490255674,4.9,1.0,2.0,,E2,C0,T3,1017,2.859351873397827
0.865,2.0,0.96,0.4699999999999995,0.4839744283003302,0.0,0.0,,,0.0,0.0,True,False,0.17030537509299415,1.9600000000000002,5.0,3.0,,E2,C0,T3,1018,2.6794681549072266
0.955,0.0,1.0,1.4451286769636014,0.5331724613699271,0.0,0.0,,,0.0,0.0,True,True,0.19010666071019294,4.2,1.0,0.0,,E2,C0,T3,1019,2.964539051055908
0.92,0.0,1.0,0.7322565398527688,0.5237831502116277,0.0,0.0,,,0.0,0.0,True,True,0.25998439471054335,2.85,2.0,0.0,,E2,C0,T3,1020,2.9474358558654785
0.9516666666666667,0.0,1.0,1.3780577554155606,0.7518830082853919,0.0,0.0,,,0.0,0.0,True,True,0.24791753672019362,4.4,1.0,0.0,,E2,C0,T3,1021,3.0422048568725586
1.0,0.0,1.0,0.6342620765801436,1.1632195991506067,0.0,0.0,,,0.0,0.0,True,True,0.22589550088404134,,0.0,0.0,,E2,C0,T3,1022,2.670929193496704
0.7833333333333333,0.0,1.0,1.1533557917752046,0.5045194688174224,0.0,1.0,1.0,7.0,0.0,0.0,True,False,0.17893761725148805,6.0,4.0,1.0,,E2,C0,T3,1023,2.8534011840820312
0.095,0.0,1.0,1.380456200959207,0.6445721310463807,0.0,1.0,0.0,,6.0,0.26666666666666666,False,False,0.052484887360048194,25.933333333333334,3.0,1.0,,E2,C0,T3,1024,2.1285929679870605
0.9533333333333334,0.0,1.0,1.3283317176906908,0.5346663709817834,0.0,0.0,,,0.0,0.0,True,True,0.17393441774708798,2.1,2.0,1.0,,E2,C0,T3,1025,2.828197956085205
0.9083333333333333,0.0,0.9716666666666667,0.47780410699312853,0.5347705999036223,0.0,1.0,1.0,8.9,0.0,0.0,True,True,0.15842677772554553,1.957142857142857,7.0,3.0,,E2,C0,T3,1026,2.714686155319214
0.8733333333333333,0.0,1.0,1.1267959226120248,0.4699999999999995,0.0,0.0,,,0.0,0.0,True,True,0.1959795275086675,2.8000000000000003,5.0,1.0,,E2,C0,T3,1027,2.846558094024658
0.915,0.0,0.9933333333333333,0.47261511565585707,0.8277354639548536,0.0,2.0,1.0,3.1,0.0,0.0,True,True,0.1834180108990625,2.566666666666667,6.0,7.0,,E2,C0,T3,1028,2.7796452045440674
0.9833333333333333,0.0,1.0,1.6503345995296745,0.8903424831910831,0.0,0.0,,,0.0,0.0,True,True,0.20675236885166864,2.1666666666666665,3.0,3.0,,E2,C0,T3,1029,2.9081101417541504
0.93,0.0,0.995,0.4699999999999995,0.49392420225736844,0.0,0.0,,,0.0,0.0,True,True,0.1939089669556188,2.5,2.0,2.0,,E2,C0,T3,1030,2.797926902770996
0.9466666666666667,0.0,1.0,0.7374492219797427,0.5873823239363122,0.0,0.0,,,0.0,0.0,True,True,0.19024218390403688,2.3000000000000003,2.0,0.0,,E2,C0,T3,1031,2.872480869293213
0.9283333333333333,0.0,1.0,1.1849845524783797,0.5139541748235332,0.0,0.0,,,0.0,0.0,True,True,0.2201676983275572,1.8,3.0,2.0,,E2,C0,T3,1032,2.9941000938415527
1.0,0.0,1.0,0.5623479552124235,1.1787357209232965,0.0,0.0,,,0.0,0.0,True,True,0.21458385458551768,0.0,1.0,0.0,,E2,C0,T3,1033,2.8125147819519043
0.9883333333333333,0.0,1.0,0.9421507680142062,0.9524741208482644,0.0,0.0,,,0.0,0.0,True,True,0.16995523780878585,0.9,2.0,0.0,,E2,C0,T3,1034,2.719902276992798
0.9616666666666667,0.0,1.0,1.761287014588063,0.7115132899602727,0.0,0.0,,,0.0,0.0,True,True,0.19214016063339584,1.366666666666667,3.0,0.0,,E2,C0,T3,1035,2.9233758449554443
0.8883333333333333,0.0,1.0,0.5433562009083357,0.47,0.0,0.0,,,0.0,0.0,True,True,0.16931070134192258,2.0250000000000004,4.0,1.0,,E2,C0,T3,1036,3.020496129989624
0.8883333333333333,0.0,1.0,0.8217734340997872,0.47,0.0,0.0,,,0.0,0.0,True,True,0.18747255837923316,6.266666666666667,3.0,0.0,,E2,C0,T3,1037,2.78792405128479
0.9933333333333333,0.0,1.0,1.5865758385121076,0.9831935663891503,0.0,0.0,,,0.0,0.0,True,True,0.17275340379806672,1.5,2.0,0.0,,E2,C0,T3,1038,2.9991419315338135
0.9566666666666667,1.0,0.975,0.46999999999999914,0.5499214096188808,0.0,0.0,,,0.0,0.0,True,False,0.1590309743013099,1.6333333333333335,3.0,0.0,,E2,C0,T3,1039,3.2933602333068848
0.97,0.0,1.0,1.3539112651228535,0.8119033401768148,0.0,0.0,,,0.0,0.0,True,True,0.2257211554428794,3.7,1.0,0.0,,E2,C0,T3,1040,3.0174849033355713
0.935,2.0,0.9283333333333333,0.46999999999999964,0.9466272505492153,0.0,1.0,0.0,,0.0,0.0,False,False,0.15598871609370307,0.8000000000000002,3.0,2.0,,E2,C0,T3,1041,3.101302146911621
0.9616666666666667,0.0,1.0,0.5277235669065619,0.5894702294532319,0.0,0.0,,,0.0,0.0,True,True,0.14712876682133913,3.3000000000000003,1.0,0.0,,E2,C0,T3,1042,2.967869997024536
0.9833333333333333,0.0,0.985,0.46999999999999975,0.934121213856438,0.0,0.0,,,0.0,0.0,True,True,0.18776111928379705,1.1,5.0,3.0,,E2,C0,T3,1043,3.099900007247925
0.945,0.0,0.9633333333333334,0.4699999999999993,0.5249968964309825,0.0,0.0,,,0.0,0.0,True,True,0.22846244041089456,2.4000000000000004,2.0,0.0,,E2,C0,T3,1044,3.112253189086914
0.9133333333333333,0.0,1.0,1.1557283382762726,0.5837039052958528,0.0,0.0,,,0.0,0.0,True,True,0.20181966515495653,1.85,4.0,1.0,,E2,C0,T3,1045,3.3039398193359375
0.9066666666666666,0.0,1.0,1.1395763869972269,0.5818866668051789,0.0,0.0,,,0.0,0.0,True,True,0.21495771149038434,3.475,4.0,5.0,,E2,C0,T3,1046,3.133579969406128
0.92,0.0,1.0,1.1162748244673588,0.554949357725905,0.0,0.0,,,0.0,0.0,True,True,0.1933435168516896,1.6000000000000003,3.0,4.0,,E2,C0,T3,1047,3.1236648559570312
0.96,0.0,1.0,0.8349683604489405,0.6315394851824576,0.0,0.0,,,0.0,0.0,True,True,0.20694116128848905,0.9500000000000001,4.0,0.0,,E2,C0,T3,1048,3.291252851486206
0.9183333333333333,0.0,1.0,0.714116300811327,0.46999999999999986,0.0,0.0,,,0.0,0.0,True,True,0.19575691359142838,3.066666666666667,3.0,0.0,,E2,C0,T3,1049,3.0335910320281982
0.9633333333333334,0.0,0.965,0.4699999999999995,0.7553279568858356,0.0,0.0,,,0.0,0.0,True,True,0.18965192884964294,1.3333333333333333,3.0,0.0,,E2,C0,T4,1000,3.559960126876831
0.5883333333333334,0.0,0.7533333333333333,0.46995883505685154,0.46999999999999964,0.0,3.0,0.0,,0.0,0.0,False,False,0.14806520707466103,6.7,10.0,2.0,,E2,C0,T4,1001,2.6599981784820557
0.9516666666666667,0.0,1.0,1.985662521815872,0.6022044442605161,0.0,0.0,,,0.0,0.0,True,True,0.20078560312208665,1.5,3.0,0.0,,E2,C0,T4,1002,3.4157350063323975
0.93,0.0,1.0,0.8830832293973316,0.46999999999999936,0.0,0.0,,,0.0,0.0,True,True,0.17229362080010677,2.5333333333333337,3.0,0.0,,E2,C0,T4,1003,3.1856460571289062
0.8416666666666667,1.0,0.8633333333333333,0.4699999999999997,0.4714120452240242,0.0,3.0,1.0,4.1000000000000005,0.0,0.0,True,False,0.18784146253272216,2.5,9.0,1.0,,E2,C0,T4,1004,3.63250994682312
0.655,1.0,0.9133333333333333,0.4699999999999995,0.46999999999999964,0.0,3.0,1.0,5.033333333333334,0.0,0.0,True,False,0.15616226722191445,5.533333333333334,6.0,0.0,,E2,C0,T4,1005,2.7662761211395264
0.9033333333333333,0.0,0.9933333333333333,0.47000000000000036,0.5757201813135892,0.0,0.0,,,0.0,0.0,True,True,0.2116864484792649,3.133333333333334,3.0,0.0,,E2,C0,T4,1006,3.337517738342285
0.7833333333333333,0.0,1.0,0.7798432674117164,0.46999999999999986,0.0,0.0,,,0.0,0.0,True,False,0.1737934551126401,4.271428571428571,7.0,0.0,,E2,C0,T4,1007,3.145724058151245
0.6166666666666667,0.0,0.8583333333333333,0.46999999999999975,0.4699999999999998,0.0,4.0,0.75,3.5,0.0,0.0,True,False,0.14416577488672627,3.4000000000000004,11.0,3.0,,E2,C0,T4,1008,3.125870943069458
0.8683333333333333,1.0,0.8666666666666667,0.46999999999999975,0.4963771988152921,0.0,0.0,,,0.0,0.0,True,False,0.26226205470959996,2.9,6.0,1.0,,E2,C0,T4,1009,3.1452980041503906
1.0,0.0,1.0,4.365488899856025,1.1133709558002451,0.0,0.0,,,0.0,0.0,True,True,0.210663575735318,0.0,1.0,0.0,,E2,C0,T4,1010,3.399272918701172
0.9566666666666667,0.0,1.0,2.825659374394911,0.6979376727062281,0.0,0.0,,,0.0,0.0,True,True,0.18815065894571809,1.366666666666667,3.0,0.0,,E2,C0,T4,1011,2.9365530014038086
0.7366666666666667,0.0,0.9316666666666666,0.46999999999999925,0.48345188090896457,0.0,2.0,1.0,2.1500000000000004,0.0,0.0,True,False,0.18625527050635826,5.22,5.0,3.0,,E2,C0,T4,1012,3.7146639823913574
0.36833333333333335,1.0,0.44333333333333336,0.4375141885219765,0.484397321216005,0.0,3.0,0.6666666666666666,5.05,1.0,0.02666666666666667,False,False,0.17852162583444345,3.3500000000000005,8.0,0.0,,E2,C0,T4,1013,3.091954231262207
0.9033333333333333,0.0,0.965,0.4699999999999998,0.5024011716632967,0.0,0.0,,,0.0,0.0,True,True,0.20328032454622993,2.9200000000000004,5.0,0.0,,E2,C0,T4,1014,3.4879109859466553
0.7783333333333333,0.0,0.895,0.46999999999999964,0.4743162390944713,0.0,1.0,1.0,2.4000000000000004,0.0,0.0,True,False,0.19977906528662837,3.0625000000000004,8.0,0.0,,E2,C0,T4,1015,3.476907968521118
0.8866666666666667,0.0,1.0,1.1362237259158188,0.4940121405633173,0.0,1.0,1.0,7.0,0.0,0.0,True,True,0.23805589983210815,3.6666666666666665,3.0,0.0,,E2,C0,T4,1016,2.8624207973480225
0.7833333333333333,0.0,1.0,0.5772768454308097,0.4700000000000002,0.0,1.0,1.0,1.7000000000000002,0.0,0.0,True,False,0.1720019765076428,3.3833333333333333,6.0,4.0,,E2,C0,T4,1017,3.4239320755004883
0.8116666666666666,1.0,0.9366666666666666,0.38597450868227795,0.5011444940825516,0.0,1.0,1.0,2.2,0.0,0.0,True,False,0.21647831638479514,3.25,6.0,1.0,,E2,C0,T4,1018,3.09684681892395
0.8533333333333334,0.0,1.0,2.5595425033933847,0.47000000000000014,0.0,0.0,,,0.0,0.0,True,True,0.20294412611449195,6.075000000000001,4.0,0.0,,E2,C0,T4,1019,3.1301918029785156
0.33,0.0,0.7733333333333333,0.4699999999999998,1.1101220965176497,0.0,1.0,0.0,,0.0,0.0,False,False,0.06446523110753272,3.8000000000000003,1.0,0.0,,E2,C0,T4,1020,1.8290231227874756
0.92,0.0,1.0,1.9621261772089285,0.5874423156954909,0.0,0.0,,,0.0,0.0,True,True,0.19174146147499677,3.9000000000000004,2.0,0.0,,E2,C0,T4,1021,3.26674222946167
0.84,0.0,1.0,3.286594087488136,0.4699999999999997,0.0,0.0,,,0.0,0.0,True,True,0.15326348066261128,6.4750000000000005,4.0,0.0,,E2,C0,T4,1022,3.189397096633911
0.6316666666666667,3.0,0.7266666666666667,0.44373188606713304,0.46999999999999925,0.0,0.0,,,0.0,0.0016666666666666668,True,False,0.16966199652372085,6.750000000000001,8.0,12.0,,E2,C0,T4,1023,3.1264803409576416
0.7033333333333334,0.0,0.8783333333333333,0.46999999999999925,0.4737364373227395,0.0,1.0,1.0,1.9000000000000001,0.0,0.0,True,False,0.17855868896361546,6.011111111111112,9.0,0.0,,E2,C0,T4,1024,3.2292962074279785
0.2816666666666667,0.0,1.0,0.7706620980741546,0.6709966358712551,0.0,2.0,0.0,,1.0,0.08166666666666667,False,False,0.01867928681450358,6.42857142857143,7.0,0.0,,E2,C0,T4,1025,2.147477865219116
0.6766666666666666,0.0,0.7066666666666667,0.4699999999999992,0.4749734800547019,0.0,0.0,,,0.0,0.0,True,False,0.2491840463588825,9.02,5.0,0.0,,E2,C0,T4,1026,3.2302541732788086
0.8116666666666666,0.0,0.975,0.4700000000000001,0.4980878395117584,0.0,1.0,1.0,1.6,0.0,0.0,True,True,0.2269773956799619,3.4714285714285715,7.0,1.0,,E2,C0,T4,1027,3.174996852874756
0.9433333333333334,0.0,1.0,0.7760232675663344,0.5262246058521616,0.0,0.0,,,0.0,0.0,True,True,0.21918113372931544,4.6000000000000005,1.0,0.0,,E2,C0,T4,1028,3.08451771736145
0.8183333333333334,0.0,1.0,3.2904897786699023,0.4699999999999999,0.0,0.0,,,0.0,0.0,True,True,0.19152674027690386,3.8600000000000003,5.0,0.0,,E2,C0,T4,1029,3.2487690448760986
0.6166666666666667,0.0,0.74,0.4699999999999994,0.4700000000000001,0.0,0.0,,,0.0,0.0,True,False,0.20445005427350177,9.175,4.0,0.0,,E2,C0,T4,1030,3.0819218158721924
0.95,0.0,1.0,1.6853490264270634,0.6636823303578916,0.0,0.0,,,0.0,0.0,True,True,0.24561270441368352,2.62,5.0,1.0,,E2,C0,T4,1031,3.239384174346924
0.785,0.0,0.9933333333333333,0.47000000000000036,0.4837772753167412,0.0,0.0,,,0.0,0.0,True,False,0.23209155402552448,7.0200000000000005,5.0,0.0,,E2,C0,T4,1032,3.0546650886535645
0.6133333333333333,0.0,1.0,0.5095151238614519,0.48922859941849606,0.0,4.0,0.75,7.733333333333334,1.0,0.06166666666666667,False,False,0.1276568982223563,2.85,2.0,5.0,,E2,C0,T4,1033,3.236137866973877
0.695,0.0,0.9716666666666667,0.46999999999999953,0.4699999999999999,0.0,1.0,0.0,,0.0,0.035,False,False,0.16700104041468367,4.511111111111111,9.0,2.0,,E2,C0,T4,1034,2.902127981185913
0.7383333333333333,0.0,0.99,0.4699999999999998,0.46999999999999986,0.0,4.0,1.0,2.7250000000000005,0.0,0.0,True,False,0.15362607002255213,2.414285714285714,7.0,4.0,,E2,C0,T4,1035,3.3663928508758545
0.6866666666666666,0.0,1.0,1.9021709066916785,0.4780367171139004,0.0,0.0,,,0.0,0.0,True,False,0.24629395183036015,4.7666666666666675,6.0,0.0,,E2,C0,T4,1036,3.082028865814209
0.73,1.0,0.8866666666666667,0.4699999999999996,0.545500819496875,0.0,4.0,1.0,2.7750000000000004,0.0,0.0,True,False,0.19761286177129753,4.127272727272728,11.0,1.0,,E2,C0,T4,1037,3.324707269668579
0.825,0.0,0.9116666666666666,0.469999999999999,0.48664510244640335,0.0,1.0,1.0,2.9000000000000004,0.0,0.0,True,True,0.22992010383572045,5.166666666666667,3.0,0.0,,E2,C0,T4,1038,3.0709221363067627
0.6433333333333333,0.0,0.9066666666666666,0.4699999999999995,0.46999999999999964,0.0,5.0,0.8,8.350000000000001,5.0,0.24833333333333332,True,False,0.1508569814104466,3.4000000000000004,11.0,6.0,,E2,C0,T4,1039,3.038378953933716
0.7816666666666666,0.0,0.9866666666666667,0.4699999999999992,0.47,0.0,1.0,1.0,3.2,0.0,0.0,True,False,0.18088503703140846,3.3222222222222224,9.0,1.0,,E2,C0,T4,1040,2.8946688175201416
0.7916666666666666,0.0,0.9733333333333334,0.4700000000000002,0.49754518279990106,0.0,1.0,1.0,2.2,0.0,0.0,True,False,0.19892722509687089,3.8000000000000003,7.0,0.0,,E2,C0,T4,1041,3.276188850402832
0.965,0.0,1.0,1.3326325433526525,0.7480520606278145,0.0,0.0,,,0.0,0.0,True,True,0.18205685456432436,1.9500000000000002,2.0,0.0,,E2,C0,T4,1042,3.288447856903076
0.38166666666666665,0.0,0.82,0.4699999999999994,0.46999999999999964,0.0,3.0,1.0,9.200000000000001,0.0,0.0016666666666666668,True,False,0.09844347130266716,2.672727272727273,11.0,2.0,,E2,C0,T4,1043,2.7974889278411865
0.45166666666666666,0.0,0.935,0.46999999999999975,0.46999999999999964,0.0,2.0,1.0,2.4000000000000004,0.0,0.0,True,False,0.21021725733381827,9.455555555555557,9.0,2.0,,E2,C0,T4,1044,3.0822861194610596
0.7133333333333334,0.0,0.7583333333333333,0.4699999999999991,0.5323119821054764,0.0,1.0,1.0,1.3,0.0,0.0,True,False,0.2590828024291571,8.425,4.0,1.0,,E2,C0,T4,1045,3.231801748275757
0.43666666666666665,0.0,0.87,0.46999999999999975,0.4699999999999998,0.0,3.0,1.0,7.6000000000000005,0.0,0.0,True,False,0.11485156567228166,4.7125,8.0,0.0,,E2,C0,T4,1046,2.921605110168457
1.0,0.0,0.9633333333333334,0.4699999999999995,1.2675433346406335,0.0,0.0,,,0.0,0.0,True,True,0.22681210127672904,0.0,1.0,0.0,,E2,C0,T4,1047,3.380125045776367
0.6633333333333333,0.0,0.965,0.47,0.4699999999999997,0.0,0.0,,,0.0,0.0,True,False,0.16780722416421626,7.675000000000001,8.0,0.0,,E2,C0,T4,1048,3.351228952407837
0.6016666666666667,1.0,0.955,0.3555680599932238,0.46999999999999964,0.0,0.0,,,0.0,0.0,True,False,0.1799574843172892,4.09,10.0,0.0,,E2,C0,T4,1049,3.048849105834961
0.7883333333333333,0.0,1.0,,0.4699999999999999,0.0,0.0,,,0.0,0.0,True,False,0.22193107002080986,4.3875,8.0,0.0,,E2,C0,T5,1000,2.893712282180786
0.6166666666666667,0.0,1.0,,0.47,0.0,0.0,,,0.0,0.0,True,False,0.1914784075457558,4.881818181818183,11.0,0.0,,E2,C0,T5,1001,2.93613600730896
0.7083333333333334,0.0,1.0,,0.4699999999999996,0.0,0.0,,,0.0,0.0,True,False,0.2010864963789019,5.355555555555556,9.0,0.0,,E2,C0,T5,1002,2.9928629398345947
0.5733333333333334,0.0,0.915,0.46999999999999975,0.4699999999999992,0.0,0.0,,,0.0,0.0,True,False,0.1671012678470799,5.3100000000000005,10.0,1.0,,E2,C0,T5,1003,3.293125867843628
0.705,0.0,0.9866666666666667,0.47000000000000014,0.47,0.0,0.0,,,0.0,0.0,True,False,0.1885048934549573,3.79,10.0,1.0,,E2,C0,T5,1004,3.2727408409118652
0.6066666666666667,0.0,0.98,0.46999999999999953,0.4703961312490139,0.0,0.0,,,0.0,0.0,True,False,0.2460682137584101,5.9,10.0,0.0,,E2,C0,T5,1005,3.099860906600952
0.8833333333333333,0.0,1.0,,0.4901610580090922,0.0,0.0,,,0.0,0.0,True,True,0.25152079292408014,2.857142857142857,7.0,0.0,,E2,C0,T5,1006,2.974439859390259
0.6783333333333333,0.0,1.0,,0.46999999999999986,0.0,0.0,,,0.0,0.0,True,False,0.20239985261295942,4.266666666666667,6.0,0.0,,E2,C0,T5,1007,3.0064499378204346
0.7816666666666666,0.0,0.9783333333333334,0.46999999999999953,0.47000000000000003,0.0,0.0,,,0.0,0.0,True,False,0.16913104859161696,3.485714285714286,7.0,0.0,,E2,C0,T5,1008,3.167565107345581
0.85,0.0,1.0,0.5007583706167995,0.5368040488921121,0.0,0.0,,,0.0,0.0,True,True,0.23623957783608832,2.085714285714286,7.0,0.0,,E2,C0,T5,1009,3.2471370697021484
0.5433333333333333,0.0,0.9166666666666666,0.4699999999999996,0.48788201602697195,0.0,0.0,,,0.0,0.0,True,False,0.22514285523417912,6.840000000000001,5.0,0.0,,E2,C0,T5,1010,3.196298122406006
0.8583333333333333,0.0,1.0,,0.46999999999999925,0.0,0.0,,,0.0,0.0,True,True,0.20853685720364926,1.7375,8.0,0.0,,E2,C0,T5,1011,2.988184928894043
0.8183333333333334,0.0,1.0,0.6927848422420956,0.4739093377268938,0.0,1.0,1.0,3.9000000000000004,0.0,0.0,True,True,0.17844492616380042,1.6700000000000004,10.0,0.0,,E2,C0,T5,1012,3.287520170211792
0.7166666666666667,0.0,1.0,,0.48100774855215905,0.0,0.0,,,0.0,0.0,True,False,0.20931014580285306,5.955555555555555,9.0,0.0,,E2,C0,T5,1013,2.8717539310455322
0.8466666666666667,0.0,1.0,,0.4703755766478372,0.0,0.0,,,0.0,0.0,True,True,0.20320557305990633,2.8800000000000003,10.0,0.0,,E2,C0,T5,1014,3.142603874206543
0.685,0.0,0.9116666666666666,0.46999999999999953,0.47000000000000003,0.0,0.0,,,0.0,0.0,True,False,0.20656407099914298,3.966666666666667,9.0,0.0,,E2,C0,T5,1015,3.1483519077301025
0.76,0.0,1.0,2.243624469186175,0.4993425736314768,0.0,1.0,1.0,4.0,0.0,0.0,True,False,0.24251606162459854,2.9400000000000004,5.0,0.0,,E2,C0,T5,1016,3.0786590576171875
0.7766666666666666,0.0,1.0,,0.46999999999999975,0.0,0.0,,,0.0,0.0,True,False,0.19805278212162536,2.4555555555555557,9.0,0.0,,E2,C0,T5,1017,3.070456027984619
0.56,0.0,1.0,,0.4788293589101354,0.0,0.0,,,0.0,0.0,True,False,0.25546897005724944,5.755555555555556,9.0,0.0,,E2,C0,T5,1018,3.168652057647705
0.7716666666666666,0.0,0.9716666666666667,0.4700000000000005,0.4785101701231245,0.0,0.0,,,0.0,0.0,True,False,0.199776546464235,2.7,8.0,0.0,,E2,C0,T5,1019,3.1265149116516113
0.6566666666666666,0.0,1.0,,0.49529043610682927,0.0,0.0,,,0.0,0.0,True,False,0.24743283185996662,6.5200000000000005,5.0,0.0,,E2,C0,T5,1020,3.037994146347046
0.6716666666666666,0.0,1.0,,0.4700000000000002,0.0,0.0,,,0.0,0.0,True,False,0.19681449503979834,3.8500000000000005,8.0,0.0,,E2,C0,T5,1021,3.007159948348999
0.73,2.0,0.9166666666666666,0.4699999999999997,0.46999999999999975,0.0,1.0,0.0,,0.0,0.0,False,False,0.1829773392640768,4.0,9.0,1.0,,E2,C0,T5,1022,3.24186110496521
0.765,0.0,1.0,,0.4699999999999991,0.0,0.0,,,0.0,0.0,True,False,0.1961288890612275,3.728571428571428,7.0,0.0,,E2,C0,T5,1023,2.927004098892212
0.605,0.0,0.9733333333333334,0.47,0.47520816412592815,0.0,0.0,,,0.0,0.0,True,False,0.2002842496503367,5.083333333333334,6.0,0.0,,E2,C0,T5,1024,3.3313448429107666
0.57,0.0,1.0,,0.46999999999999936,0.0,1.0,0.0,,0.0,0.0,False,False,0.10184248057341572,1.8833333333333335,6.0,0.0,,E2,C0,T5,1025,2.4565927982330322
0.79,0.0,0.945,0.4699999999999993,0.5035806289838274,0.0,1.0,1.0,2.5,0.0,0.0,True,False,0.23283279990100206,3.6285714285714286,7.0,0.0,,E2,C0,T5,1026,3.0930941104888916
0.78,0.0,0.9916666666666667,0.47,0.47409258903145096,0.0,0.0,,,0.0,0.0,True,False,0.2499712308008548,3.1714285714285717,7.0,0.0,,E2,C0,T5,1027,3.115997791290283
0.8133333333333334,0.0,0.9,0.46999999999999914,0.4789545071686744,0.0,1.0,1.0,1.6,0.0,0.0,True,True,0.1839292534134775,2.0500000000000003,6.0,0.0,,E2,C0,T5,1028,3.1259970664978027
0.7,0.0,0.985,0.46999999999999953,0.47000000000000036,0.0,1.0,1.0,5.9,0.0,0.0,True,False,0.19126444449990257,3.0999999999999996,9.0,1.0,,E2,C0,T5,1029,3.0307600498199463
0.74,0.0,1.0,0.5906399344382426,0.4729931360508477,0.0,0.0,,,0.0,0.0,True,False,0.19283109058887435,2.855555555555556,9.0,3.0,,E2,C0,T5,1030,3.1194729804992676
0.7733333333333333,0.0,1.0,,0.4874499189804088,0.0,1.0,1.0,1.8,0.0,0.0,True,False,0.21964908853119755,3.3285714285714283,7.0,0.0,,E2,C0,T5,1031,2.8548197746276855
0.53,0.0,1.0,,0.4779332361312432,0.0,0.0,,,0.0,0.0,True,False,0.23078099351066533,16.46666666666667,6.0,0.0,,E2,C0,T5,1032,2.982715129852295
0.7033333333333334,0.0,1.0,,0.47,0.0,0.0,,,0.0,0.0,True,False,0.20380958134735144,5.4750000000000005,8.0,0.0,,E2,C0,T5,1033,2.9630379676818848
0.5883333333333334,0.0,1.0,,0.46999999999999964,0.0,1.0,1.0,6.4,0.0,0.0,True,False,0.15556527283312133,5.311111111111111,9.0,0.0,,E2,C0,T5,1034,2.8905742168426514
0.8,0.0,0.99,0.4722787741253204,0.47000000000000075,0.0,0.0,,,0.0,0.0,True,True,0.19027637672468214,2.511111111111111,9.0,0.0,,E2,C0,T5,1035,3.1195080280303955
0.805,0.0,1.0,,0.4817724071386511,0.0,0.0,,,0.0,0.0,True,True,0.21836306565582095,2.7600000000000002,5.0,0.0,,E2,C0,T5,1036,3.0140199661254883
0.6866666666666666,0.0,0.9566666666666667,0.4699999999999996,0.47806022752713895,0.0,0.0,,,0.0,0.0,True,False,0.2008357094930434,4.022222222222222,9.0,0.0,,E2,C0,T5,1037,3.059380054473877
0.73,0.0,0.8683333333333333,0.4699999999999992,0.4700000000000003,0.0,0.0,,,0.0,0.0,True,False,0.20511001590966565,4.327272727272727,11.0,0.0,,E2,C0,T5,1038,3.3310558795928955
0.7766666666666666,0.0,1.0,1.5671529079224298,0.46999999999999925,0.0,0.0,,,0.0,0.0,True,False,0.18254623255008795,3.1375,8.0,0.0,,E2,C0,T5,1039,3.066542148590088
0.67,0.0,1.0,0.989385529539663,0.4700000000000001,0.0,0.0,,,0.0,0.0,True,False,0.19194975067823192,5.4222222222222225,9.0,0.0,,E2,C0,T5,1040,3.1391758918762207
0.715,0.0,0.895,0.4699999999999993,0.47473278310149136,0.0,0.0,,,0.0,0.0,True,False,0.19096586381901137,3.522222222222222,9.0,1.0,,E2,C0,T5,1041,3.0996809005737305
0.7866666666666666,1.0,0.9916666666666667,0.4699999999999998,0.47000000000000003,0.0,1.0,1.0,1.2000000000000002,0.0,0.0,True,False,0.18511180590708812,4.1625000000000005,8.0,1.0,,E2,C0,T5,1042,3.0786030292510986
0.74,0.0,1.0,,0.47000000000000025,0.0,1.0,1.0,1.2000000000000002,0.0,0.0,True,False,0.1542332164389843,3.750000000000001,10.0,0.0,,E2,C0,T5,1043,2.9887049198150635
0.785,0.0,1.0,,0.49218850975721506,0.0,0.0,,,0.0,0.0,True,False,0.2548863184914984,3.7,8.0,0.0,,E2,C0,T5,1044,2.914236068725586
0.845,0.0,0.9766666666666667,0.4699999999999997,0.4700000000000004,0.0,0.0,,,0.0,0.0,True,True,0.2364554287963822,2.375,8.0,0.0,,E2,C0,T5,1045,3.1015281677246094
0.43166666666666664,0.0,0.9433333333333334,0.4699999999999996,0.4699999999999996,0.0,1.0,0.0,,0.0,0.0,True,False,0.1525243210828262,5.409090909090909,11.0,5.0,,E2,C0,T5,1046,2.7151708602905273
0.7533333333333333,0.0,0.9933333333333333,0.48307230265063333,0.4993686218799241,0.0,2.0,1.0,8.4,0.0,0.0,True,False,0.17539873862543615,3.7571428571428576,7.0,0.0,,E2,C0,T5,1047,2.7538928985595703
0.6916666666666667,0.0,0.955,0.46999999999999925,0.4699999999999999,0.0,0.0,,,0.0,0.0,True,False,0.17318577623278344,2.975,12.0,1.0,,E2,C0,T5,1048,3.1867101192474365
0.6516666666666666,0.0,1.0,,0.4699999999999993,0.0,0.0,,,0.0,0.0,True,False,0.19546145906642126,4.922222222222222,9.0,0.0,,E2,C0,T5,1049,2.945909023284912
0.91,0.0,0.465,0.4699999999999988,0.6076887457954256,0.0,1.0,1.0,3.3000000000000003,0.0,0.0,True,True,0.18940165404404785,2.685714285714286,7.0,7.0,,E2,C0,T6,1000,3.462085008621216
0.935,1.0,0.22666666666666666,0.4699999999999992,0.47000000000000003,0.0,1.0,1.0,3.7,0.0,0.0,True,False,0.1744515624358721,2.216666666666667,6.0,0.0,,E2,C0,T6,1001,3.343259811401367
0.3383333333333333,0.0,0.5266666666666666,0.4699999999999989,1.488818753648064,0.0,3.0,0.0,,0.0,0.0,False,False,0.06202192855217626,18.657142857142855,7.0,1.0,,E2,C0,T6,1002,2.120751142501831
0.25333333333333335,0.0,0.7083333333333334,0.4699999999999991,1.4947314777084317,0.0,3.0,0.0,,0.0,0.0,False,False,0.059881659164176496,22.933333333333337,3.0,0.0,,E2,C0,T6,1003,2.0950469970703125
0.8733333333333333,0.0,0.465,0.4699999999999992,0.4799505176480468,0.0,2.0,1.0,1.5,0.0,0.0,True,True,0.203179838908635,2.0875000000000004,8.0,3.0,,E2,C0,T6,1004,3.3759779930114746
0.30666666666666664,0.0,0.8683333333333333,0.4699999999999996,1.3739384491406608,0.0,4.0,0.5,10.65,0.0,0.0,False,False,0.06429020968686446,10.488888888888889,9.0,0.0,,E2,C0,T6,1005,2.7909131050109863
0.85,1.0,0.6433333333333333,0.4699999999999992,0.4937655616016295,0.0,1.0,1.0,1.9000000000000001,0.0,0.0,True,False,0.26140444593084566,2.1,10.0,0.0,,E2,C0,T6,1006,3.2966179847717285
0.93,2.0,0.485,0.4408839194665624,0.47709607510496255,0.0,2.0,1.0,3.2,0.0,0.0,True,False,0.14445658745754533,3.35,4.0,0.0,,E2,C0,T6,1007,3.1078169345855713
0.4033333333333333,0.0,0.81,0.4699999999999995,0.4699999999999997,0.0,1.0,0.0,,0.0,0.0,False,False,0.06281446202119015,12.200000000000001,6.0,3.0,,E2,C0,T6,1008,2.229487180709839
0.8266666666666667,0.0,0.7866666666666666,0.4699999999999992,0.47000000000000003,0.0,1.0,1.0,5.5,0.0,0.0,True,True,0.24729270757057775,1.692857142857143,14.0,4.0,,E2,C0,T6,1009,3.1130030155181885
0.25166666666666665,0.0,0.8283333333333334,0.4699999999999993,1.6406939731273222,0.0,2.0,0.0,,0.0,0.0,False,False,0.07254566106396143,23.322222222222223,9.0,0.0,,E2,C0,T6,1010,2.1231000423431396
0.30666666666666664,0.0,0.7216666666666667,0.4699999999999992,1.479508251990922,0.0,1.0,0.0,,0.0,0.0,False,False,0.055376696004695816,19.900000000000002,6.0,0.0,,E2,C0,T6,1011,2.170008897781372
0.8766666666666667,1.0,0.8583333333333333,0.46999999999999925,0.4699999999999997,0.0,3.0,0.6666666666666666,3.45,0.0,0.0,False,False,0.11420208875578139,2.5714285714285716,7.0,10.0,,E2,C0,T6,1012,3.4580609798431396
0.8483333333333334,1.0,0.7066666666666667,0.4699999999999993,0.46999999999999936,0.0,4.0,1.0,3.9250000000000003,0.0,0.0,True,False,0.16320622029298612,2.0363636363636366,11.0,1.0,,E2,C0,T6,1013,3.3153488636016846
1.0,0.0,0.37833333333333335,0.4699999999999992,1.217634470991707,0.0,0.0,,,0.0,0.0,True,True,0.2174544009797259,0.0,6.0,0.0,,E2,C0,T6,1014,3.237593650817871
,,,,,,,,,,,,,,,,,RuntimeError('T6 seed 1015: T6 crowd placement failed'),E2,C0,T6,1015,0.12061381340026855
0.8783333333333333,0.0,0.8066666666666666,0.4699999999999996,0.4973929342883409,0.0,1.0,1.0,3.6,0.0,0.0,True,True,0.22911261879268033,2.25,10.0,3.0,,E2,C0,T6,1016,3.258035898208618
0.6283333333333333,0.0,0.7866666666666666,0.4699999999999994,0.4700000000000001,0.0,3.0,0.6666666666666666,8.350000000000001,0.0,0.0,True,False,0.10727053159150159,3.1375,8.0,1.0,,E2,C0,T6,1017,2.662600040435791
0.8666666666666667,1.0,0.54,0.46999999999999925,0.6984621714618795,0.0,3.0,1.0,4.4,0.0,0.0,True,False,0.1707576745685595,1.3090909090909093,11.0,4.0,,E2,C0,T6,1018,3.328439950942993
0.8416666666666667,1.0,0.485,0.4699999999999992,0.5054154480982771,0.0,7.0,0.7142857142857143,4.0600000000000005,0.0,0.0,False,False,0.10218083963985697,3.6375,8.0,1.0,,E2,C0,T6,1019,3.148315191268921
0.9433333333333334,0.0,0.855,0.4699999999999992,0.6411935578062948,0.0,1.0,1.0,4.7,0.0,0.0,True,True,0.24254707009652327,0.75,6.0,2.0,,E2,C0,T6,1020,3.23221492767334
0.9433333333333334,0.0,0.7166666666666667,0.4699999999999992,0.7221511601057975,0.0,1.0,1.0,3.9000000000000004,0.0,0.0,True,True,0.23300698790808344,1.5285714285714287,7.0,1.0,,E2,C0,T6,1021,3.6423468589782715
0.26166666666666666,0.0,0.8316666666666667,0.4699999999999997,0.8570302089121933,0.0,4.0,0.25,2.3000000000000003,0.0,0.0,False,False,0.047496211016424615,10.7875,8.0,0.0,,E2,C0,T6,1022,2.026257276535034
0.4816666666666667,0.0,0.6566666666666666,0.4699999999999992,0.47,0.0,3.0,0.3333333333333333,5.6000000000000005,0.0,0.0,False,False,0.07119065124740011,4.025,8.0,1.0,,E2,C0,T6,1023,2.531820058822632
0.7133333333333334,1.0,0.5533333333333333,0.46999999999999964,0.4832674314048717,0.0,4.0,1.0,5.65,0.0,0.0,True,False,0.14358434286287755,1.4571428571428573,7.0,5.0,,E2,C0,T6,1024,3.061563014984131
0.6533333333333333,0.0,0.7816666666666666,0.4699999999999993,0.5885199676849057,0.0,2.0,0.5,3.5,0.0,0.0,True,False,0.10542556293106553,3.5500000000000003,4.0,1.0,,E2,C0,T6,1025,2.9799318313598633
0.87,0.0,0.765,0.46999999999999914,0.6473273906802859,0.0,2.0,1.0,2.4000000000000004,0.0,0.0,True,True,0.23068055836088106,3.885714285714286,7.0,5.0,,E2,C0,T6,1026,3.334014892578125
0.36333333333333334,0.0,0.8166666666666667,0.46999999999999925,0.9159805846587883,0.0,3.0,0.3333333333333333,3.9000000000000004,0.0,0.0,False,False,0.08675380638775661,7.183333333333333,6.0,1.0,,E2,C0,T6,1027,2.483396291732788
0.9366666666666666,0.0,0.5533333333333333,0.46999999999999925,0.6035387094864261,0.0,0.0,,,0.0,0.0,True,True,0.21464324943558133,1.15,8.0,0.0,,E2,C0,T6,1028,3.501682996749878
0.4633333333333333,0.0,0.8133333333333334,0.46999999999999825,0.8727646971477607,0.0,2.0,1.0,9.650000000000002,0.0,0.0,False,False,0.07153905777864526,1.54,5.0,2.0,,E2,C0,T6,1029,2.992431879043579
0.2816666666666667,0.0,0.8233333333333334,0.46999999999999964,1.6293970429180982,0.0,3.0,0.0,,0.0,0.0,False,False,0.06762261659432242,16.772727272727273,11.0,0.0,,E2,C0,T6,1030,2.3192739486694336
0.9233333333333333,0.0,0.5733333333333334,0.4699999999999992,0.753540344862312,0.0,3.0,1.0,2.9000000000000004,0.0,0.0,True,True,0.2112182082318436,0.7333333333333334,9.0,9.0,,E2,C0,T6,1031,3.310636043548584
,,,,,,,,,,,,,,,,,RuntimeError('T6 seed 1032: T6 crowd placement failed'),E2,C0,T6,1032,0.14253807067871094
0.5416666666666666,2.0,0.7266666666666667,0.46999999999999925,0.4699999999999993,0.0,3.0,0.3333333333333333,9.1,0.0,0.0,True,False,0.10044176310698738,3.857142857142857,7.0,0.0,,E2,C0,T6,1033,3.0338661670684814
0.23833333333333334,1.0,0.915,0.4699999999999993,1.6870063452754163,0.0,1.0,0.0,,0.0,0.0,False,False,0.04230761867156048,21.450000000000003,4.0,1.0,,E2,C0,T6,1034,2.149935245513916
0.49666666666666665,0.0,0.56,0.4699999999999994,1.7996977909422802,0.0,6.0,1.0,6.816666666666667,0.0,0.0,False,False,0.07396177279677689,3.72,5.0,3.0,,E2,C0,T6,1035,3.25544810295105
0.905,0.0,0.38166666666666665,0.46999999999999914,0.47189419264967547,0.0,3.0,0.6666666666666666,3.75,0.0,0.0,True,True,0.17305804122907556,2.685714285714286,7.0,0.0,,E2,C0,T6,1036,3.313403844833374
0.5016666666666667,0.0,0.5283333333333333,0.46999999999999914,0.49920569105926893,0.0,5.0,0.4,1.8000000000000003,0.0,0.0,False,False,0.0773974634843863,2.4,7.0,1.0,,E2,C0,T6,1037,2.3987438678741455
1.0,2.0,0.6916666666666667,0.4699999999999996,1.071572726333012,0.0,2.0,1.0,3.55,0.0,0.0,True,False,0.20546908992777438,0.0,3.0,0.0,,E2,C0,T6,1038,3.2918341159820557
0.6383333333333333,0.0,0.8066666666666666,0.46999999999999964,0.46999999999999986,0.0,2.0,1.0,6.4,0.0,0.0,True,False,0.15827083047892368,3.5571428571428574,7.0,3.0,,E2,C0,T6,1039,3.116610050201416
0.93,0.0,0.715,0.46999999999999925,0.4699999999999999,0.0,1.0,1.0,3.1,0.0,0.0,True,True,0.14868143603103162,1.55,8.0,1.0,,E2,C0,T6,1040,3.219111204147339
0.915,0.0,0.13333333333333333,0.46999999999999914,0.47000000000000003,0.0,1.0,1.0,2.8000000000000003,0.0,0.0,True,True,0.20713853775291824,2.9333333333333336,6.0,11.0,,E2,C0,T6,1041,3.2373440265655518
0.435,0.0,0.6816666666666666,0.4699999999999991,1.3310829685211096,0.0,2.0,0.5,4.9,0.0,0.0,True,False,0.09081705824660115,8.77142857142857,7.0,7.0,,E2,C0,T6,1042,2.6670873165130615
0.39666666666666667,0.0,0.725,0.469999999999999,0.4725773888903579,0.0,4.0,0.75,7.833333333333333,0.0,0.0,False,False,0.08267941983783625,5.74,5.0,7.0,,E2,C0,T6,1043,2.8052728176116943
1.0,0.0,0.38333333333333336,0.46999999999999925,1.144447362805293,0.0,1.0,1.0,2.4000000000000004,0.0,0.0,True,True,0.23270902417621436,0.0,10.0,3.0,,E2,C0,T6,1044,3.4056310653686523
0.3416666666666667,0.0,0.6883333333333334,0.46999999999999953,1.350859074668055,0.0,2.0,0.0,,0.0,0.0,False,False,0.059519953246780805,9.46,10.0,1.0,,E2,C0,T6,1045,2.039581060409546
0.4116666666666667,0.0,0.695,0.46999999999999914,1.585022295846931,0.0,2.0,0.5,11.3,0.0,0.0,False,False,0.06958938650349242,8.950000000000001,4.0,5.0,,E2,C0,T6,1046,2.6383280754089355
0.23666666666666666,0.0,0.6883333333333334,0.4699999999999993,1.6228684242635776,0.0,1.0,0.0,,0.0,0.0,False,False,0.06263810118381113,17.880000000000003,5.0,0.0,,E2,C0,T6,1047,1.9130890369415283
0.8116666666666666,1.0,0.33,0.4699999999999994,0.47000000000000003,0.0,2.0,1.0,5.9,0.0,0.0,True,False,0.1805592949708873,2.142857142857143,7.0,0.0,,E2,C0,T6,1048,3.262528896331787
0.44166666666666665,1.0,0.5316666666666666,0.46999999999999925,1.3297068078181569,0.0,2.0,0.0,,0.0,0.0,False,False,0.06389289465095259,9.4,3.0,0.0,,E2,C0,T6,1049,2.363234043121338
0.7,0.0,0.885,0.4699999999999996,0.4700000000000005,0.0,2.0,1.0,2.2,0.0,0.0,True,False,0.20886050009037468,3.5,8.0,6.0,,E2,C0,T7,1000,3.235651969909668
0.66,5.0,0.635,0.39042875233118907,0.47000000000000025,0.0,1.0,1.0,2.0,0.0,0.0,True,False,0.2043479241559433,4.530000000000001,10.0,0.0,,E2,C0,T7,1001,3.2681541442871094
0.975,0.0,1.0,,0.8838432673040316,0.0,0.0,,,0.0,0.0,True,True,0.1603326146892639,1.3,2.0,0.0,,E2,C0,T7,1002,2.748000144958496
0.38666666666666666,1.0,0.9216666666666666,0.4495514620422036,0.5881021271281801,0.0,3.0,0.3333333333333333,5.300000000000001,0.0,0.0,False,False,0.08577327109700757,4.855555555555556,9.0,1.0,,E2,C0,T7,1003,2.270746946334839
0.75,0.0,0.945,0.4699999999999994,0.4700000000000001,0.0,2.0,1.0,1.6,0.0,0.0,True,False,0.1955646776726592,2.7375000000000003,16.0,1.0,,E2,C0,T7,1004,3.1239709854125977
0.9083333333333333,0.0,1.0,,0.5093859434133045,0.0,0.0,,,0.0,0.0,True,True,0.2019182638207857,2.8333333333333335,3.0,0.0,,E2,C0,T7,1005,2.8177831172943115
0.5966666666666667,0.0,0.9416666666666667,0.4699999999999992,0.49440932767764556,0.0,1.0,0.0,,0.0,0.0,True,False,0.22122317098078825,4.800000000000001,9.0,0.0,,E2,C0,T7,1006,2.953338861465454
0.8333333333333334,0.0,1.0,,0.47000000000000003,0.0,1.0,1.0,3.8000000000000003,0.0,0.0,True,True,0.13900387368212644,3.216666666666667,6.0,0.0,,E2,C0,T7,1007,2.7501890659332275
0.645,0.0,0.9916666666666667,0.48066200083038035,0.4699999999999997,0.0,1.0,1.0,10.100000000000001,0.0,0.0,True,False,0.17892306396939034,5.140000000000001,5.0,1.0,,E2,C0,T7,1008,2.9340081214904785
0.9533333333333334,0.0,0.9966666666666667,0.4860613663095549,0.650181469508261,0.0,0.0,,,0.0,0.0,True,True,0.22823991798668583,4.6000000000000005,1.0,0.0,,E2,C0,T7,1009,3.0406510829925537
0.8583333333333333,0.0,0.9616666666666667,0.4618875115351735,0.4858795188015892,0.0,0.0,,,0.0,0.0,True,True,0.23935314930403886,5.975,4.0,0.0,,E2,C0,T7,1010,2.9621710777282715
0.9133333333333333,0.0,0.9116666666666666,0.46999999999999936,0.8354502668621323,0.0,1.0,1.0,2.6,0.0,0.0,True,True,0.18628514360237594,1.7777777777777777,9.0,10.0,,E2,C0,T7,1011,3.240457057952881
0.7966666666666666,0.0,1.0,0.5022925627590987,0.4699999999999992,0.0,1.0,1.0,1.2000000000000002,0.0,0.0,True,False,0.18854080655313923,3.85,6.0,4.0,,E2,C0,T7,1012,3.244546890258789
0.8366666666666667,0.0,1.0,,0.4869082829055243,0.0,0.0,,,0.0,0.0,True,True,0.2503482644681352,3.7750000000000004,4.0,0.0,,E2,C0,T7,1013,2.7063560485839844
0.7216666666666667,0.0,0.8783333333333333,0.469999999999999,0.46999999999999953,0.0,3.0,0.3333333333333333,4.3,0.0,0.0,False,False,0.1847683756840364,2.1222222222222222,9.0,2.0,,E2,C0,T7,1014,2.925771951675415
0.29833333333333334,1.0,0.9333333333333333,0.33660591586299754,1.1309407549307935,0.0,2.0,0.5,5.7,0.0,0.0,False,False,0.05647853789869453,11.066666666666668,6.0,1.0,,E2,C0,T7,1015,2.0418176651000977
0.91,0.0,1.0,5.3421458706813,0.5543828032839381,0.0,1.0,1.0,3.5,0.0,0.0,True,True,0.2208835397366296,6.9,1.0,0.0,,E2,C0,T7,1016,2.8816821575164795
0.6966666666666667,0.0,0.895,0.46999999999999964,0.47000000000000036,0.0,5.0,0.6,1.8666666666666665,0.0,0.0,False,False,0.15564495210666796,3.0818181818181816,11.0,4.0,,E2,C0,T7,1017,2.8050971031188965
0.87,1.0,0.9316666666666666,0.4423980364181652,0.49676823706266043,0.0,1.0,1.0,1.8,0.0,0.0,True,False,0.22578172329900154,2.12,5.0,0.0,,E2,C0,T7,1018,2.9895081520080566
0.8316666666666667,0.0,0.64,0.4680806841447578,0.49561967462837175,0.0,3.0,0.6666666666666666,1.85,0.0,0.0,False,False,0.177507652454087,2.9100000000000006,10.0,3.0,,E2,C0,T7,1019,3.2473809719085693
0.6383333333333333,0.0,1.0,,0.49484587297058985,0.0,0.0,,,0.0,0.0,True,False,0.256025153312005,14.899999999999999,3.0,0.0,,E2,C0,T7,1020,2.7082221508026123
0.9533333333333334,0.0,1.0,7.134235683694391,0.7869766921546646,0.0,0.0,,,0.0,0.0,True,True,0.27179689855390554,,0.0,0.0,,E2,C0,T7,1021,3.8521270751953125
0.83,0.0,1.0,,0.47774363173329637,0.0,0.0,,,0.0,0.0,True,True,0.19223382548990336,2.9125,8.0,0.0,,E2,C0,T7,1022,2.8439581394195557
0.3616666666666667,0.0,0.785,0.4699999999999997,0.4699999999999998,0.0,2.0,0.5,3.2,0.0,0.0,True,False,0.12220478178076091,6.660000000000001,10.0,0.0,,E2,C0,T7,1023,2.2386648654937744
0.835,2.0,0.8016666666666666,0.4699999999999992,0.5046750085358597,0.0,1.0,0.0,,0.0,0.0,False,False,0.2042440093206306,2.825,8.0,2.0,,E2,C0,T7,1024,3.079845905303955
0.5766666666666667,2.0,0.81,0.4699999999999992,0.46999999999999975,0.0,3.0,0.6666666666666666,5.200000000000001,0.0,0.0,True,False,0.1441029216916267,2.5636363636363635,11.0,6.0,,E2,C0,T7,1025,2.798522710800171
0.555,1.0,0.965,0.46999999999999975,0.4699999999999994,0.0,1.0,1.0,2.0,0.0,0.0,True,False,0.22475707845062923,6.458333333333335,12.0,2.0,,E2,C0,T7,1026,3.216301202774048
0.7633333333333333,0.0,1.0,,0.48400410851161263,0.0,0.0,,,0.0,0.0,True,False,0.2210796713728617,5.666666666666667,3.0,0.0,,E2,C0,T7,1027,2.732207775115967
0.605,1.0,0.6983333333333334,0.426128877683379,0.47313505261600003,0.0,4.0,1.0,5.2250000000000005,0.0,0.0,False,False,0.12953410084090952,3.0300000000000002,10.0,3.0,,E2,C0,T7,1028,2.9154269695281982
1.0,0.0,1.0,0.6670110847631529,1.5555365199103885,0.0,0.0,,,0.0,0.0,True,True,0.1733055142708024,0.0,2.0,0.0,,E2,C0,T7,1029,3.327148199081421
0.8516666666666667,0.0,1.0,,0.4699999999999999,0.0,0.0,,,0.0,0.0,True,True,0.22420820386626386,4.2,4.0,0.0,,E2,C0,T7,1030,2.8061001300811768
1.0,0.0,1.0,,1.1536823314267488,0.0,0.0,,,0.0,0.0,True,True,0.21433438230885166,0.0,3.0,0.0,,E2,C0,T7,1031,2.9010109901428223
0.6916666666666667,0.0,0.9666666666666667,0.46999999999999986,0.49358147756716386,0.0,0.0,,,0.0,0.0,True,False,0.22458749362901165,9.4,2.0,0.0,,E2,C0,T7,1032,2.953530788421631
0.9333333333333333,0.0,1.0,0.518741129956773,0.5370234599107576,0.0,1.0,1.0,1.5,0.0,0.0,True,True,0.20089609413421788,1.6333333333333335,3.0,0.0,,E2,C0,T7,1033,3.1693787574768066
0.7116666666666667,0.0,0.9366666666666666,0.46999999999999975,0.4700000000000002,0.0,0.0,,,0.0,0.0,True,False,0.13953097687496707,2.4299999999999997,10.0,0.0,,E2,C0,T7,1034,3.0594210624694824
0.8633333333333333,1.0,0.98,0.46999999999999953,0.47000000000000003,0.0,0.0,,,0.0,0.0,True,False,0.1841428874302641,2.5333333333333337,6.0,1.0,,E2,C0,T7,1035,3.199064016342163
1.0,1.0,0.6933333333333334,0.45172650389144686,1.152913375675076,0.0,1.0,1.0,2.3000000000000003,0.0,0.0,True,False,0.2634422802539078,0.0,3.0,0.0,,E2,C0,T7,1036,2.822844982147217
0.8433333333333334,0.0,0.8833333333333333,0.4699999999999995,0.472494036943323,0.0,1.0,1.0,1.4000000000000001,0.0,0.0,True,True,0.19209036591544726,2.2600000000000002,10.0,2.0,,E2,C0,T7,1037,3.0801029205322266
0.4683333333333333,1.0,0.6783333333333333,0.4699759278087607,0.47290196102304144,0.0,4.0,0.25,1.9000000000000001,0.0,0.0,False,False,0.09664785793485578,4.3133333333333335,15.0,8.0,,E2,C0,T7,1038,2.4077517986297607
0.6816666666666666,0.0,0.9266666666666666,0.46999999999999986,0.47000000000000003,0.0,0.0,,,0.0,0.0,True,False,0.1725707689497219,7.040000000000001,5.0,0.0,,E2,C0,T7,1039,3.0880520343780518
0.3333333333333333,0.0,0.805,0.4699999999999995,0.4699999999999992,0.0,1.0,1.0,6.2,0.0,0.0,True,False,0.2026680944106439,11.476923076923079,13.0,1.0,,E2,C0,T7,1040,3.1199638843536377
0.97,0.0,1.0,0.7362776771588475,0.9505204097815918,0.0,0.0,,,0.0,0.0,True,True,0.22487183087793,3.7,2.0,0.0,,E2,C0,T7,1041,3.3743600845336914
0.365,0.0,0.88,0.4699999999999992,1.4563568508332545,0.0,2.0,0.0,,0.0,0.0,False,False,0.07899675801425568,8.566666666666668,6.0,1.0,,E2,C0,T7,1042,1.9697158336639404
0.35333333333333333,0.0,1.0,1.5648909369780493,0.46999999999999964,0.0,1.0,0.0,,0.0,0.0,True,False,0.10101032836350411,7.371428571428572,7.0,2.0,,E2,C0,T7,1043,2.833513021469116
0.75,1.0,0.8433333333333334,0.4699999999999995,0.49422056918232765,0.0,1.0,1.0,3.8000000000000003,0.0,0.0,True,False,0.2537780020791377,1.7454545454545458,11.0,5.0,,E2,C0,T7,1044,3.284634828567505
0.48833333333333334,0.0,1.0,0.9687479671922282,0.7773637399923445,0.0,1.0,0.0,,0.0,0.0,False,False,0.061101111565311866,4.51111111111111,9.0,0.0,,E2,C0,T7,1045,2.0863449573516846
0.7283333333333334,0.0,1.0,1.689665014527984,0.4699999999999997,0.0,0.0,,,0.0,0.0,True,False,0.1750888642561502,5.771428571428572,7.0,0.0,,E2,C0,T7,1046,3.1944308280944824
0.915,0.0,0.99,0.4700000000000003,0.5454197726282894,0.0,0.0,,,0.0,0.0,True,True,0.2411108740182321,5.5,1.0,0.0,,E2,C0,T7,1047,3.223256826400757
1.0,0.0,0.9666666666666667,0.4699999999999996,1.2766149166243168,0.0,1.0,1.0,1.8,0.0,0.0,True,True,0.13480656208967234,0.0,4.0,0.0,,E2,C0,T7,1048,3.238616943359375
0.8883333333333333,0.0,1.0,,0.634088194795437,0.0,1.0,1.0,3.6,0.0,0.0,True,True,0.18848035369138022,2.675,4.0,0.0,,E2,C0,T7,1049,2.8344390392303467
0.9816666666666667,0.0,1.0,,0.9377489773251055,0.0,0.0,,,0.0,0.0,True,True,0.13112393966796188,0.0,2.0,0.0,,E2,C1+P0,T1,1000,2.8406739234924316
0.555,0.0,1.0,,0.47130832573117565,0.0,0.0,,,0.0,0.0,True,False,0.12115785915341208,13.3,2.0,0.0,,E2,C1+P0,T1,1001,2.6942949295043945
0.835,0.0,0.9716666666666667,0.47,0.47,0.0,0.0,,,0.0,0.0,True,True,0.09971860787166616,1.925,4.0,1.0,,E2,C1+P0,T1,1002,2.849390983581543
0.82,0.0,1.0,,0.4700000000000001,0.0,0.0,,,0.0,0.0,True,True,0.12033705624780543,4.516666666666667,6.0,0.0,,E2,C1+P0,T1,1003,2.7535290718078613
0.7916666666666666,0.0,1.0,,0.4716679237172403,0.0,0.0,,,0.0,0.0,True,False,0.1615298867550804,6.257142857142857,7.0,0.0,,E2,C1+P0,T1,1004,2.7764010429382324
0.965,2.0,0.94,0.46999999999999925,0.8136066514064341,0.0,0.0,,,0.0,0.0,True,False,0.10554840981322224,0.7000000000000001,6.0,1.0,,E2,C1+P0,T1,1005,2.9553122520446777
0.6816666666666666,0.0,1.0,,0.4989758795988932,0.0,0.0,,,0.0,0.0,True,False,0.15186969820632867,11.350000000000001,2.0,0.0,,E2,C1+P0,T1,1006,2.6891930103302
0.8816666666666667,0.0,1.0,1.7574850710553591,0.4699999999999994,0.0,0.0,,,0.0,0.0,True,True,0.12014710193363859,3.4200000000000004,5.0,0.0,,E2,C1+P0,T1,1007,2.788135051727295
0.695,0.0,1.0,,0.46999999999999914,0.0,0.0,,,0.0,0.0,True,False,0.11229526609191323,6.0125,8.0,0.0,,E2,C1+P0,T1,1008,2.785313129425049
0.89,0.0,1.0,,0.5157769462632429,0.0,0.0,,,0.0,0.0,True,True,0.1514775317087357,3.3750000000000004,4.0,0.0,,E2,C1+P0,T1,1009,2.546420097351074
0.7133333333333334,0.0,1.0,,0.48851891700426014,0.0,0.0,,,0.0,0.0,True,False,0.16998128312030117,7.9,4.0,0.0,,E2,C1+P0,T1,1010,2.6498188972473145
0.505,0.0,1.0,,0.47295526075889305,0.0,2.0,0.0,,0.0,0.0,False,False,0.07800429225953805,4.733333333333333,3.0,0.0,,E2,C1+P0,T1,1011,2.0350189208984375
0.9466666666666667,0.0,1.0,,0.8317463576421897,0.0,0.0,,,0.0,0.0,True,True,0.10466596164398587,0.42500000000000004,4.0,0.0,,E2,C1+P0,T1,1012,2.750900983810425
0.98,0.0,1.0,,0.9301046949360774,0.0,0.0,,,0.0,0.0,True,True,0.16602125372220353,1.55,2.0,0.0,,E2,C1+P0,T1,1013,2.8881289958953857
0.9783333333333334,0.0,1.0,,0.9206037052868034,0.0,0.0,,,0.0,0.0,True,True,0.12940062603560162,1.3,2.0,0.0,,E2,C1+P0,T1,1014,2.7021780014038086
0.9866666666666667,0.0,1.0,,0.9597706164620293,0.0,0.0,,,0.0,0.0,True,True,0.12575863395218306,1.2,3.0,0.0,,E2,C1+P0,T1,1015,2.7902719974517822
0.935,0.0,1.0,,0.8444717277340056,0.0,0.0,,,0.0,0.0,True,True,0.15391514672737425,1.6500000000000001,2.0,0.0,,E2,C1+P0,T1,1016,2.650238037109375
0.6583333333333333,0.0,1.0,,0.4699999999999999,0.0,0.0,,,0.0,0.0,True,False,0.12928691187098854,8.05,6.0,0.0,,E2,C1+P0,T1,1017,2.800302267074585
0.845,0.0,1.0,,0.4888233333447782,0.0,0.0,,,0.0,0.0,True,True,0.16653614723525456,3.7499999999999996,4.0,0.0,,E2,C1+P0,T1,1018,2.8476598262786865
0.76,0.0,1.0,,0.4700000000000002,0.0,0.0,,,0.0,0.0,True,False,0.12456318397900486,4.855555555555556,9.0,0.0,,E2,C1+P0,T1,1019,2.9106078147888184
0.9516666666666667,0.0,1.0,,0.8851522189584939,0.0,0.0,,,0.0,0.0,True,True,0.19031566433541844,3.4000000000000004,1.0,0.0,,E2,C1+P0,T1,1020,2.8004469871520996
0.9733333333333334,0.0,1.0,,0.91536045280021,0.0,0.0,,,0.0,0.0,True,True,0.12384924231215924,1.4000000000000001,2.0,0.0,,E2,C1+P0,T1,1021,2.715198040008545
0.82,0.0,0.9966666666666667,0.47869136599197787,1.0242108546700848,0.0,1.0,1.0,6.9,0.0,0.0,True,True,0.08818271423403959,6.550000000000001,2.0,0.0,,E2,C1+P0,T1,1022,2.7241899967193604
0.71,0.0,0.9266666666666666,0.4699999999999997,0.4699999999999999,0.0,0.0,,,0.0,0.0,True,False,0.15758189662238445,5.0600000000000005,5.0,0.0,,E2,C1+P0,T1,1023,2.908643960952759
0.915,0.0,1.0,,0.4950826702103096,0.0,0.0,,,0.0,0.0,True,True,0.13432515268756254,2.425,4.0,0.0,,E2,C1+P0,T1,1024,2.8364901542663574
0.4683333333333333,0.0,1.0,3.3905226666204245,0.46999999999999925,0.0,0.0,,,0.0,0.0,True,False,0.13500338663488445,7.363636363636365,11.0,0.0,,E2,C1+P0,T1,1025,3.0259220600128174
0.9733333333333334,0.0,1.0,,0.8859511367748971,0.0,0.0,,,0.0,0.0,True,True,0.1547541067135205,3.5,1.0,0.0,,E2,C1+P0,T1,1026,2.7738349437713623
0.94,0.0,1.0,8.079453691115196,0.5351272095810687,0.0,0.0,,,0.0,0.0,True,True,0.16608405396843584,3.3333333333333335,3.0,0.0,,E2,C1+P0,T1,1027,3.128875970840454
0.5866666666666667,0.0,0.695,0.4699999999999992,0.8631379363753765,0.0,2.0,0.5,6.300000000000001,0.0,0.0,False,False,0.09012642385083769,4.3,2.0,2.0,,E2,C1+P0,T1,1028,2.3150269985198975
1.0,0.0,0.945,0.46999999999999925,1.0059184375993049,0.0,0.0,,,0.0,0.0,True,True,0.12226692295462746,0.0,1.0,0.0,,E2,C1+P0,T1,1029,2.93843412399292
0.8483333333333334,0.0,0.93,0.46999999999999986,0.47000000000000014,0.0,0.0,,,0.0,0.0,True,True,0.13145514021889412,6.583333333333333,6.0,2.0,,E2,C1+P0,T1,1030,2.7751529216766357
1.0,0.0,0.9833333333333333,0.4699999999999994,1.1209082106394068,0.0,0.0,,,0.0,0.0,True,True,0.13614475400976,0.0,2.0,0.0,,E2,C1+P0,T1,1031,2.8258848190307617
0.535,0.0,0.935,0.47000000000000003,0.8450060141768408,0.0,1.0,0.0,,0.0,0.0,False,False,0.1096554677869827,3.0500000000000003,4.0,1.0,,E2,C1+P0,T1,1032,2.226112127304077
1.0,0.0,1.0,,1.086331081588163,0.0,0.0,,,0.0,0.0,True,True,0.11722487589406425,0.0,2.0,0.0,,E2,C1+P0,T1,1033,2.8054802417755127
0.7116666666666667,0.0,1.0,,0.46999999999999986,0.0,0.0,,,0.0,0.0,True,False,0.16020406614457844,5.82,5.0,0.0,,E2,C1+P0,T1,1034,2.679111957550049
0.79,0.0,1.0,,0.46999999999999964,0.0,0.0,,,0.0,0.0,True,False,0.11721304273978546,3.9000000000000004,6.0,0.0,,E2,C1+P0,T1,1035,2.732185125350952
0.96,0.0,1.0,,0.910683115346093,0.0,0.0,,,0.0,0.0,True,True,0.16309092406786896,0.0,1.0,0.0,,E2,C1+P0,T1,1036,2.637115955352783
0.98,0.0,1.0,,0.9043230736431344,0.0,0.0,,,0.0,0.0,True,True,0.11258637902599744,0.0,3.0,0.0,,E2,C1+P0,T1,1037,2.6887969970703125
0.7183333333333334,0.0,1.0,,0.4731374103311354,0.0,0.0,,,0.0,0.0,True,False,0.1540764072961458,6.8428571428571425,7.0,0.0,,E2,C1+P0,T1,1038,2.691833734512329
0.6233333333333333,0.0,0.9666666666666667,0.4699999999999999,0.46999999999999986,0.0,0.0,,,0.0,0.0,True,False,0.18169565728871917,9.100000000000001,6.0,0.0,,E2,C1+P0,T1,1039,3.1031131744384766
0.8783333333333333,0.0,1.0,,0.46999999999999964,0.0,0.0,,,0.0,0.0,True,True,0.12358029980634563,1.6600000000000001,5.0,0.0,,E2,C1+P0,T1,1040,2.869097948074341
0.8233333333333334,0.0,1.0,3.845248451220597,0.4802102012159691,0.0,0.0,,,0.0,0.0,True,True,0.17406109720033994,3.7500000000000004,6.0,0.0,,E2,C1+P0,T1,1041,3.258802890777588
0.9766666666666667,0.0,1.0,,0.9209150915720785,0.0,0.0,,,0.0,0.0,True,True,0.11609184099291758,1.4500000000000002,2.0,0.0,,E2,C1+P0,T1,1042,2.7771570682525635
0.8733333333333333,0.0,1.0,9.037789485164598,0.4699999999999994,0.0,0.0,,,0.0,0.0,True,True,0.09073422253372321,3.55,4.0,0.0,,E2,C1+P0,T1,1043,3.1020920276641846
0.7666666666666667,0.0,1.0,,0.4699999999999997,0.0,0.0,,,0.0,0.0,True,False,0.15268096155400523,9.575000000000001,4.0,0.0,,E2,C1+P0,T1,1044,2.7512640953063965
0.8833333333333333,0.0,1.0,,0.48253026382537534,0.0,0.0,,,0.0,0.0,True,True,0.17132989894718514,2.3600000000000003,5.0,0.0,,E2,C1+P0,T1,1045,2.9564270973205566
0.63,0.0,1.0,,0.47,0.0,0.0,,,0.0,0.0,True,False,0.12591849245136275,7.200000000000001,4.0,0.0,,E2,C1+P0,T1,1046,3.0117037296295166
0.825,0.0,0.9383333333333334,0.46999999999999925,0.4964442289602399,0.0,1.0,1.0,2.5,0.0,0.0,True,True,0.14489902891197642,4.533333333333334,6.0,0.0,,E2,C1+P0,T1,1047,2.963305950164795
0.8133333333333334,0.0,1.0,,0.46999999999999986,0.0,0.0,,,0.0,0.0,True,True,0.1278645999178452,3.3875,8.0,0.0,,E2,C1+P0,T1,1048,2.8901169300079346
0.9666666666666667,0.0,1.0,1.6587867427147407,0.7997218988058397,0.0,0.0,,,0.0,0.0,True,True,0.10231784277158017,2.25,2.0,0.0,,E2,C1+P0,T1,1049,2.9912099838256836
0.7333333333333333,0.0,1.0,,0.4747559097230316,0.0,0.0,,,0.0,0.0,True,False,0.17869674848822936,5.428571428571429,7.0,0.0,,E2,C1+P0,T2,1000,3.190392017364502
0.8066666666666666,0.0,1.0,,0.4813279083479076,0.0,0.0,,,0.0,0.0,True,True,0.13647550009514495,5.142857142857143,7.0,0.0,,E2,C1+P0,T2,1001,3.0701048374176025
0.7033333333333334,0.0,0.9933333333333333,0.46999999999999975,0.47139748255518565,0.0,0.0,,,0.0,0.0,True,False,0.16203183528856746,4.5,5.0,1.0,,E2,C1+P0,T2,1002,3.172290086746216
0.705,0.0,1.0,,0.47,0.0,0.0,,,0.0,0.0,True,False,0.13299900319888047,5.214285714285714,7.0,0.0,,E2,C1+P0,T2,1003,2.825058698654175
0.47,0.0,1.0,1.361979020380048,0.9307831240780476,0.0,1.0,0.0,,0.0,0.0,False,False,0.05647938355350039,5.0600000000000005,5.0,0.0,,E2,C1+P0,T2,1004,1.9401907920837402
0.84,0.0,1.0,,0.47911325998090304,0.0,0.0,,,0.0,0.0,True,True,0.14174901212091584,2.375,4.0,0.0,,E2,C1+P0,T2,1005,2.9715781211853027
0.7833333333333333,0.0,1.0,2.3397590261419356,0.48923898123227083,0.0,1.0,1.0,2.1,0.0,0.0,True,False,0.16543513870507354,6.666666666666667,3.0,0.0,,E2,C1+P0,T2,1006,3.101395845413208
0.8283333333333334,0.0,1.0,,0.4720168906379012,0.0,0.0,,,0.0,0.0,True,True,0.1247652857722372,3.6833333333333336,6.0,0.0,,E2,C1+P0,T2,1007,2.808037757873535
0.42,1.0,0.595,0.46999999999999964,0.661072200896872,0.0,2.0,0.0,,0.0,0.0,False,False,0.0706910585513999,12.06,5.0,0.0,,E2,C1+P0,T2,1008,2.2962958812713623
,,,,,,,,,,,,,,,,,RuntimeError('T2 seed 1009: T2 placement failed'),E2,C1+P0,T2,1009,0.6339812278747559
0.97,0.0,0.9766666666666667,0.46999999999999964,0.8762872016753065,0.0,0.0,,,0.0,0.0,True,True,0.14030895289804235,0.8250000000000001,4.0,0.0,,E2,C1+P0,T2,1010,3.1804628372192383
,,,,,,,,,,,,,,,,,RuntimeError('T2 seed 1011: T2 placement failed'),E2,C1+P0,T2,1011,0.2133321762084961
0.7633333333333333,0.0,1.0,,0.4699999999999993,0.0,0.0,,,0.0,0.0,True,False,0.13058317965518515,4.466666666666667,6.0,0.0,,E2,C1+P0,T2,1012,2.8380367755889893
0.735,0.0,0.9833333333333333,0.4700000000000001,0.47513897148661666,0.0,0.0,,,0.0,0.0,True,False,0.1822016290024672,3.483333333333334,6.0,0.0,,E2,C1+P0,T2,1013,2.8507049083709717
0.8733333333333333,0.0,1.0,,0.4765357887597505,0.0,0.0,,,0.0,0.0,True,True,0.13734242463164661,4.925000000000001,4.0,0.0,,E2,C1+P0,T2,1014,2.791574001312256
,,,,,,,,,,,,,,,,,RuntimeError('T2 seed 1015: T2 placement failed'),E2,C1+P0,T2,1015,0.2561507225036621
0.7183333333333334,0.0,1.0,,0.47,0.0,0.0,,,0.0,0.0,True,False,0.18809173538663707,7.271428571428571,7.0,0.0,,E2,C1+P0,T2,1016,2.8838961124420166
0.7983333333333333,0.0,0.965,0.4699999999999995,0.4699999999999997,0.0,0.0,,,0.0,0.0,True,False,0.12976842978378086,3.22,5.0,0.0,,E2,C1+P0,T2,1017,3.001779794692993
0.87,0.0,0.9866666666666667,0.4699999999999994,0.4851125792559334,0.0,0.0,,,0.0,0.0,True,True,0.14120328943211607,3.3571428571428577,7.0,0.0,,E2,C1+P0,T2,1018,3.003039836883545
0.52,0.0,0.93,0.46999999999999964,1.2185154370848013,0.0,2.0,0.0,,0.0,0.0,False,False,0.06337783420899504,4.925000000000001,4.0,0.0,,E2,C1+P0,T2,1019,2.1076159477233887
0.8733333333333333,0.0,1.0,,0.50175317421704,0.0,0.0,,,0.0,0.0,True,True,0.1855462043984429,4.75,4.0,0.0,,E2,C1+P0,T2,1020,2.7574191093444824
0.5,0.0,1.0,,0.47000000000000003,0.0,0.0,,,0.0,0.0,True,False,0.15691073946836423,21.15,4.0,0.0,,E2,C1+P0,T2,1021,2.835507869720459
0.8216666666666667,1.0,0.9633333333333334,0.4699999999999997,0.4699999999999999,0.0,1.0,1.0,1.9000000000000001,0.0,0.0,True,False,0.14330982042499835,2.6500000000000004,10.0,0.0,,E2,C1+P0,T2,1022,2.9764750003814697
0.8283333333333334,0.0,1.0,0.6119328198707397,0.46999999999999925,0.0,0.0,,,0.0,0.0,True,True,0.12783319688090405,3.366666666666667,6.0,0.0,,E2,C1+P0,T2,1023,2.833690881729126
0.685,0.0,1.0,,0.4700000000000001,0.0,0.0,,,0.0,0.0,True,False,0.1599340684897384,13.875,4.0,0.0,,E2,C1+P0,T2,1024,2.6600098609924316
,,,,,,,,,,,,,,,,,RuntimeError('T2 seed 1025: T2 placement failed'),E2,C1+P0,T2,1025,0.14756464958190918
,,,,,,,,,,,,,,,,,RuntimeError('T2 seed 1026: T2 placement failed'),E2,C1+P0,T2,1026,0.38422393798828125
0.84,0.0,1.0,0.7856365603235077,0.5052857679512918,0.0,0.0,,,0.0,0.0,True,True,0.15198150555623313,3.88,5.0,0.0,,E2,C1+P0,T2,1027,2.8904001712799072
0.795,0.0,1.0,,0.481989201910503,0.0,0.0,,,0.0,0.0,True,False,0.1591993766696545,5.533333333333334,6.0,0.0,,E2,C1+P0,T2,1028,2.7318100929260254
,,,,,,,,,,,,,,,,,RuntimeError('T2 seed 1029: T2 placement failed'),E2,C1+P0,T2,1029,0.44593310356140137
0.615,0.0,1.0,1.5233564149686003,0.47222402834358584,0.0,0.0,,,0.0,0.0,True,False,0.14400659249671968,14.600000000000001,3.0,0.0,,E2,C1+P0,T2,1030,2.8151941299438477
0.775,0.0,1.0,,0.49836199435430156,0.0,0.0,,,0.0,0.0,True,False,0.16225705628087,5.7,3.0,0.0,,E2,C1+P0,T2,1031,2.606438159942627
0.7383333333333333,0.0,1.0,1.5197608756981047,0.4803698451818413,0.0,0.0,,,0.0,0.0,True,False,0.19004753912830288,5.775,4.0,0.0,,E2,C1+P0,T2,1032,2.9733407497406006
0.6116666666666667,0.0,1.0,,0.4700000000000003,0.0,0.0,,,0.0,0.0,True,False,0.15307451070215786,4.633333333333334,6.0,0.0,,E2,C1+P0,T2,1033,2.7373340129852295
0.815,0.0,1.0,,0.4699999999999996,0.0,0.0,,,0.0,0.0,True,True,0.1317177659458462,3.575,8.0,0.0,,E2,C1+P0,T2,1034,2.7131991386413574
0.8066666666666666,0.0,1.0,,0.4699999999999997,0.0,0.0,,,0.0,0.0,True,True,0.14949862218058194,2.5142857142857147,7.0,0.0,,E2,C1+P0,T2,1035,2.7545552253723145
0.8466666666666667,0.0,0.9783333333333334,0.4699999999999993,0.4964308289671369,0.0,0.0,,,0.0,0.0,True,True,0.16038614349874053,3.466666666666667,3.0,0.0,,E2,C1+P0,T2,1036,2.863091230392456
0.6666666666666666,0.0,1.0,,0.4700000000000001,0.0,0.0,,,0.0,0.0,True,False,0.14874330181121562,8.32,5.0,0.0,,E2,C1+P0,T2,1037,2.807253122329712
0.7283333333333334,0.0,0.97,0.4699999999999992,0.47634712961269393,0.0,0.0,,,0.0,0.0,True,False,0.14697671450858182,5.925,4.0,0.0,,E2,C1+P0,T2,1038,2.8782777786254883
0.785,0.0,1.0,,0.4700000000000003,0.0,0.0,,,0.0,0.0,True,False,0.1277915771139911,4.4375,8.0,0.0,,E2,C1+P0,T2,1039,2.706176996231079
0.9033333333333333,0.0,1.0,,0.47000000000000003,0.0,2.0,1.0,2.05,0.0,0.0,True,True,0.14061467724897447,2.0,7.0,0.0,,E2,C1+P0,T2,1040,2.767246961593628
0.87,0.0,1.0,,0.49407812757695835,0.0,0.0,,,0.0,0.0,True,True,0.13640623495049262,3.2249999999999996,8.0,0.0,,E2,C1+P0,T2,1041,2.8247859477996826
,,,,,,,,,,,,,,,,,RuntimeError('T2 seed 1042: T2 placement failed'),E2,C1+P0,T2,1042,0.20913100242614746
0.72,0.0,1.0,,0.4699999999999992,0.0,0.0,,,0.0,0.0,True,False,0.13307767786532557,6.685714285714286,7.0,0.0,,E2,C1+P0,T2,1043,2.7503340244293213
0.9583333333333334,0.0,1.0,,0.49953316303065254,0.0,0.0,,,0.0,0.0,True,True,0.1447519449122336,0.925,4.0,0.0,,E2,C1+P0,T2,1044,2.7032549381256104
0.6033333333333334,0.0,1.0,,0.49666505781704284,0.0,2.0,0.0,,0.0,0.0,False,False,0.14901599072480093,11.3,2.0,0.0,,E2,C1+P0,T2,1045,2.5674171447753906
0.7566666666666667,1.0,0.9666666666666667,0.4699999999999997,0.46999999999999975,0.0,0.0,,,0.0,0.0,True,False,0.13840811361193,3.9666666666666672,6.0,0.0,,E2,C1+P0,T2,1046,2.957663059234619
0.7316666666666667,0.0,1.0,,0.48443332575311315,0.0,0.0,,,0.0,0.0,True,False,0.16699389390113956,6.0600000000000005,5.0,0.0,,E2,C1+P0,T2,1047,2.6956732273101807
0.6583333333333333,0.0,1.0,,0.46999999999999975,0.0,0.0,,,0.0,0.0,True,False,0.16227984564998651,8.333333333333334,6.0,0.0,,E2,C1+P0,T2,1048,3.0210061073303223
0.7783333333333333,0.0,0.9716666666666667,0.4699999999999999,0.47000000000000003,0.0,0.0,,,0.0,0.0,True,False,0.14137759731765143,3.3857142857142857,7.0,7.0,,E2,C1+P0,T2,1049,2.90592098236084
0.935,0.0,1.0,0.7134484470814318,0.49777271775969734,0.0,0.0,,,0.0,0.0,True,True,0.13229311977192543,5.5,1.0,0.0,,E2,C1+P0,T3,1000,2.889492988586426
0.9416666666666667,0.0,1.0,0.6304152213531466,0.6998682769643774,0.0,0.0,,,0.0,0.0,True,True,0.14477432340678165,1.8,3.0,0.0,,E2,C1+P0,T3,1001,2.8096060752868652
0.9583333333333334,0.0,1.0,0.7903504224003538,0.7749361834255579,0.0,0.0,,,0.0,0.0,True,True,0.16692904405165362,1.6500000000000001,2.0,0.0,,E2,C1+P0,T3,1002,2.9761569499969482
0.95,0.0,0.9783333333333334,0.46999999999999964,0.5200736098385783,0.0,0.0,,,0.0,0.0,True,True,0.1304762597615671,0.76,5.0,1.0,,E2,C1+P0,T3,1003,2.9715418815612793
0.7366666666666667,0.0,1.0,0.7496143725344003,0.4699999999999995,0.0,0.0,,,0.0,0.0,True,False,0.1502791979558543,4.3500000000000005,4.0,1.0,,E2,C1+P0,T3,1004,2.828010082244873
0.845,0.0,0.9766666666666667,0.47000000000000053,0.6463372607067678,0.0,2.0,1.0,7.050000000000001,0.0,0.0,True,True,0.1082689267675686,2.733333333333334,3.0,1.0,,E2,C1+P0,T3,1005,2.7332282066345215
,,,,,,,,,,,,,,,,,RuntimeError('T3 seed 1006: no straight run found'),E2,C1+P0,T3,1006,0.2333829402923584
0.9133333333333333,0.0,1.0,0.51678652616627,0.4865146305633429,0.0,0.0,,,0.0,0.0,True,True,0.16818850425506418,2.325,4.0,0.0,,E2,C1+P0,T3,1007,2.934929847717285
0.85,0.0,0.9716666666666667,0.46999999999999953,0.47000000000000003,0.0,0.0,,,0.0,0.0,True,True,0.16995626943195288,4.96,5.0,5.0,,E2,C1+P0,T3,1008,2.883509635925293
0.165,0.0,0.9,0.46999999999999964,0.6915815185384725,0.0,4.0,0.0,,10.0,0.605,False,False,0.06063753416378504,26.860000000000003,5.0,1.0,,E2,C1+P0,T3,1009,2.5158908367156982
0.08,0.0,0.9733333333333334,0.4699999999999996,0.6264647906462986,0.0,2.0,0.0,,4.0,0.14166666666666666,False,False,0.044059169305886915,28.166666666666668,3.0,0.0,,E2,C1+P0,T3,1010,2.0132296085357666
0.895,0.0,1.0,0.9095833102878922,0.4699999999999997,0.0,0.0,,,0.0,0.0,True,True,0.12264393247593294,4.433333333333334,3.0,0.0,,E2,C1+P0,T3,1011,2.977937936782837
0.8583333333333333,0.0,1.0,1.2921045032613823,0.4699999999999994,0.0,0.0,,,0.0,0.0,True,True,0.15990349118869238,5.0,4.0,0.0,,E2,C1+P0,T3,1012,3.0377891063690186
0.9316666666666666,0.0,1.0,1.0941170322217928,0.511624626956287,0.0,0.0,,,0.0,0.0,True,True,0.13583903020099752,3.3000000000000003,2.0,0.0,,E2,C1+P0,T3,1013,2.9083409309387207
0.97,0.0,1.0,0.7699990176337627,0.7653822459642589,0.0,0.0,,,0.0,0.0,True,True,0.1295526744991724,3.3000000000000003,1.0,0.0,,E2,C1+P0,T3,1014,3.009819984436035
0.7366666666666667,0.0,1.0,1.719823133343916,0.955147599467528,0.0,1.0,1.0,7.300000000000001,0.0,0.0,True,False,0.09715234744436835,3.960000000000001,5.0,0.0,,E2,C1+P0,T3,1015,2.895810127258301
0.8016666666666666,0.0,0.9966666666666667,0.4875687412034751,0.47318500673888225,0.0,0.0,,,0.0,0.0,True,True,0.14390699091263762,3.2833333333333337,6.0,2.0,,E2,C1+P0,T3,1016,2.8368380069732666
0.8483333333333334,0.0,1.0,1.0101194775634896,0.49941895282515336,0.0,0.0,,,0.0,0.0,True,True,0.18352873028239897,10.700000000000001,1.0,2.0,,E2,C1+P0,T3,1017,3.2188680171966553
0.805,0.0,0.9733333333333334,0.4699999999999993,0.47000000000000025,0.0,0.0,,,0.0,0.0,True,True,0.13111691909648038,3.2142857142857144,7.0,3.0,,E2,C1+P0,T3,1018,3.006321907043457
0.955,0.0,1.0,1.4677471033407283,0.5283355735530317,0.0,0.0,,,0.0,0.0,True,True,0.14490457217872577,4.5,1.0,0.0,,E2,C1+P0,T3,1019,3.1984591484069824
0.9283333333333333,0.0,1.0,0.6377107248632369,0.49673814449395,0.0,0.0,,,0.0,0.0,True,True,0.15054788117056392,4.2,2.0,0.0,,E2,C1+P0,T3,1020,2.925278902053833
0.9666666666666667,0.0,1.0,1.293020694873185,0.8534466131132226,0.0,0.0,,,0.0,0.0,True,True,0.1970888276362949,4.4,1.0,0.0,,E2,C1+P0,T3,1021,3.3462560176849365
1.0,0.0,1.0,0.5598192188577852,1.4445815451150297,0.0,0.0,,,0.0,0.0,True,True,0.1590183660574583,,0.0,0.0,,E2,C1+P0,T3,1022,2.8902809619903564
0.9066666666666666,0.0,1.0,0.9559806382196907,0.4999101445887343,0.0,0.0,,,0.0,0.0,True,True,0.1707175645761512,3.6,3.0,1.0,,E2,C1+P0,T3,1023,3.010317087173462
0.095,0.0,0.9283333333333333,0.46999999999999914,0.6214065278475497,0.0,1.0,0.0,,3.0,0.205,False,False,0.04477541747386279,25.96666666666667,3.0,1.0,,E2,C1+P0,T3,1024,2.0931010246276855
0.925,0.0,1.0,1.2343734115053153,0.5185077580305176,0.0,0.0,,,0.0,0.0,True,True,0.16686633615420393,2.35,2.0,1.0,,E2,C1+P0,T3,1025,3.157144069671631
0.915,1.0,0.9033333333333333,0.46999999999999975,0.8107743974250694,0.0,2.0,1.0,5.9,0.0,0.0,True,False,0.12170112014145097,3.5800000000000005,5.0,4.0,,E2,C1+P0,T3,1026,2.9564590454101562
0.8383333333333334,0.0,1.0,1.4107822578604279,0.46999999999999964,0.0,0.0,,,0.0,0.0,True,True,0.14804045843446192,2.9,5.0,0.0,,E2,C1+P0,T3,1027,3.0756759643554688
0.9933333333333333,0.0,0.9683333333333334,0.47,0.9917420700758203,0.0,1.0,1.0,2.9000000000000004,0.0,0.0,True,True,0.13761296464689526,0.5166666666666667,6.0,7.0,,E2,C1+P0,T3,1028,2.8897111415863037
0.965,0.0,1.0,1.5344737707523437,0.7685606425015116,0.0,0.0,,,0.0,0.0,True,True,0.1557679176269234,2.966666666666667,3.0,3.0,,E2,C1+P0,T3,1029,2.9700262546539307
0.8066666666666666,0.0,0.9933333333333333,0.47000000000000025,0.46999999999999975,0.0,0.0,,,0.0,0.0,True,True,0.14061647419405657,5.5,4.0,0.0,,E2,C1+P0,T3,1030,2.8917832374572754
0.9233333333333333,0.0,1.0,0.6918338833215704,0.5769814303811637,0.0,0.0,,,0.0,0.0,True,True,0.12663208488209463,3.45,2.0,0.0,,E2,C1+P0,T3,1031,2.9944357872009277
0.9283333333333333,0.0,1.0,1.1229040036685702,0.5157938651675698,0.0,0.0,,,0.0,0.0,True,True,0.16664975785680744,1.866666666666667,3.0,2.0,,E2,C1+P0,T3,1032,3.0840089321136475
1.0,0.0,1.0,0.6915094061452743,1.102772187277948,0.0,0.0,,,0.0,0.0,True,True,0.16746208733603152,0.0,1.0,0.0,,E2,C1+P0,T3,1033,2.9339349269866943
0.9883333333333333,0.0,1.0,0.8072214413744645,0.97215379907533,0.0,0.0,,,0.0,0.0,True,True,0.12993813175610447,0.5,2.0,0.0,,E2,C1+P0,T3,1034,2.8540899753570557
0.945,0.0,1.0,1.661890987998074,0.6833300981012735,0.0,0.0,,,0.0,0.0,True,True,0.13918954129799446,1.3,3.0,0.0,,E2,C1+P0,T3,1035,2.831406831741333
0.8516666666666667,0.0,0.9916666666666667,0.46999999999999964,0.47000000000000025,0.0,0.0,,,0.0,0.0,True,True,0.13021455023980807,2.7800000000000002,5.0,1.0,,E2,C1+P0,T3,1036,2.9664740562438965
0.875,0.0,1.0,0.7027332621958686,0.4756224153260464,0.0,0.0,,,0.0,0.0,True,True,0.13998135887441507,4.6000000000000005,2.0,0.0,,E2,C1+P0,T3,1037,2.8286101818084717
0.9616666666666667,0.0,1.0,1.5951671650368304,0.8528928309984519,0.0,0.0,,,0.0,0.0,True,True,0.17555561821090002,1.4500000000000002,2.0,0.0,,E2,C1+P0,T3,1038,3.121490955352783
0.8283333333333334,0.0,0.9933333333333333,0.4699999999999995,0.5411938888697382,0.0,0.0,,,0.0,0.0,True,True,0.15247776102076271,4.383333333333334,6.0,4.0,,E2,C1+P0,T3,1039,2.828089952468872
0.9666666666666667,0.0,1.0,1.3281166548539953,0.8005009866923058,0.0,0.0,,,0.0,0.0,True,True,0.1712945585393906,4.3,1.0,0.0,,E2,C1+P0,T3,1040,3.1974239349365234
0.9633333333333334,1.0,0.9066666666666666,0.3963671462873347,1.1761725870464568,0.0,1.0,0.0,,0.0,0.0,False,False,0.12305886504258494,0.0,3.0,2.0,,E2,C1+P0,T3,1041,2.9342200756073
0.9616666666666667,2.0,0.9633333333333334,0.4700000000000003,0.5949868648289244,0.0,0.0,,,0.0,0.0,True,False,0.16578946818726537,3.5,1.0,0.0,,E2,C1+P0,T3,1042,3.1440351009368896
1.0,1.0,0.955,0.43455784223344673,1.0961449472283675,0.0,0.0,,,0.0,0.0,True,False,0.16334241192404766,0.0,5.0,3.0,,E2,C1+P0,T3,1043,3.0752038955688477
0.9466666666666667,0.0,0.9783333333333334,0.46999999999999975,0.6227391066088698,0.0,1.0,1.0,1.3,0.0,0.0,True,True,0.16268911127242075,4.65,2.0,0.0,,E2,C1+P0,T3,1044,3.060062885284424
0.9116666666666666,0.0,1.0,1.0590254890176245,0.7232584376608173,0.0,0.0,,,0.0,0.0,True,True,0.16892520548976703,2.1,4.0,1.0,,E2,C1+P0,T3,1045,3.035198926925659
0.9016666666666666,0.0,1.0,1.121854280199693,0.6426362094372966,0.0,0.0,,,0.0,0.0,True,True,0.14020908685600342,3.3000000000000003,4.0,5.0,,E2,C1+P0,T3,1046,3.068202018737793
0.8266666666666667,0.0,1.0,0.9831305179065616,0.488033173154752,0.0,1.0,1.0,6.2,0.0,0.0,True,True,0.13707671407064245,4.000000000000001,4.0,4.0,,E2,C1+P0,T3,1047,2.874898910522461
0.9616666666666667,0.0,1.0,0.8591342123739563,0.6419806629455203,0.0,0.0,,,0.0,0.0,True,True,0.17085621320117994,0.925,4.0,0.0,,E2,C1+P0,T3,1048,3.100314140319824
0.8583333333333333,0.0,1.0,0.6286445561303822,0.4700000000000002,0.0,0.0,,,0.0,0.0,True,True,0.14647484208381462,4.033333333333334,3.0,0.0,,E2,C1+P0,T3,1049,3.0752480030059814
0.9633333333333334,1.0,0.9766666666666667,0.4699999999999992,0.7692881296757054,0.0,0.0,,,0.0,0.0,True,False,0.12211179052840551,1.2,3.0,0.0,,E2,C1+P0,T4,1000,3.00262188911438
0.725,2.0,0.79,0.41808517101677656,0.486732424071227,0.0,0.0,,,0.0,0.0,True,False,0.11965924849109646,3.057142857142857,7.0,0.0,,E2,C1+P0,T4,1001,2.879927158355713
0.9333333333333333,0.0,1.0,2.13382408945154,0.5004610421704,0.0,0.0,,,0.0,0.0,True,True,0.11177754698530615,1.5333333333333334,3.0,0.0,,E2,C1+P0,T4,1002,2.951211929321289
0.925,0.0,1.0,0.833545395521967,0.4700000000000001,0.0,0.0,,,0.0,0.0,True,True,0.12497521309701971,2.766666666666667,3.0,0.0,,E2,C1+P0,T4,1003,2.887816905975342
0.8933333333333333,3.0,0.8683333333333333,0.4699999999999992,0.4789816036569263,0.0,0.0,,,0.0,0.0,True,False,0.1587333914945825,1.488888888888889,9.0,1.0,,E2,C1+P0,T4,1004,3.0456788539886475
0.5766666666666667,0.0,0.9733333333333334,0.4699999999999996,0.4712011187839998,0.0,2.0,1.0,6.1000000000000005,0.0,0.0,True,False,0.13181645731074434,4.811111111111111,9.0,0.0,,E2,C1+P0,T4,1005,2.676685094833374
0.81,0.0,0.995,0.4699999999999996,0.4983232265698311,0.0,0.0,,,0.0,0.0,True,True,0.1344726742136616,7.050000000000001,2.0,0.0,,E2,C1+P0,T4,1006,3.0481772422790527
0.8433333333333334,0.0,1.0,1.2698226577265905,0.47,0.0,0.0,,,0.0,0.0,True,True,0.1556699917467827,2.7142857142857144,7.0,0.0,,E2,C1+P0,T4,1007,3.1589760780334473
0.55,1.0,0.9033333333333333,0.46999999999999975,0.4699999999999992,0.0,2.0,1.0,3.7,0.0,0.0,True,False,0.1383272472690285,5.233333333333333,12.0,0.0,,E2,C1+P0,T4,1008,2.93169903755188
0.8816666666666667,0.0,0.9783333333333334,0.47,0.5026383020488074,0.0,0.0,,,0.0,0.0,True,True,0.1427986064804633,4.925,4.0,0.0,,E2,C1+P0,T4,1009,3.0066587924957275
1.0,0.0,1.0,4.430911480131396,1.0696626189302267,0.0,0.0,,,0.0,0.0,True,True,0.16497213245814438,0.0,1.0,0.0,,E2,C1+P0,T4,1010,2.8852431774139404
0.9566666666666667,0.0,1.0,2.9202709507096163,0.7372113611595371,0.0,0.0,,,0.0,0.0,True,True,0.15536785137264297,1.4333333333333333,3.0,0.0,,E2,C1+P0,T4,1011,3.0149359703063965
0.7633333333333333,0.0,0.9383333333333334,0.46999999999999964,0.48217534797322725,0.0,0.0,,,0.0,0.0,True,False,0.14917368639251083,4.428571428571429,7.0,3.0,,E2,C1+P0,T4,1012,2.805860996246338
0.86,0.0,0.765,0.4643090019808913,0.47240408887117996,0.0,0.0,,,0.0,0.0,True,True,0.14646052672799334,2.488888888888889,9.0,0.0,,E2,C1+P0,T4,1013,3.012880802154541
0.8933333333333333,1.0,0.9433333333333334,0.4143993287765709,0.5025224879264902,0.0,0.0,,,0.0,0.0,True,False,0.14379228374319336,3.12,5.0,0.0,,E2,C1+P0,T4,1014,2.898392915725708
0.7016666666666667,0.0,1.0,0.8751072034919,0.472296217465879,0.0,0.0,,,0.0,0.0,True,False,0.1479841033484825,3.3375000000000004,8.0,2.0,,E2,C1+P0,T4,1015,3.0525219440460205
0.8866666666666667,0.0,1.0,1.1362237259158188,0.4940121405633173,0.0,1.0,1.0,7.0,0.0,0.0,True,True,0.13925025240535788,3.6666666666666665,3.0,0.0,,E2,C1+P0,T4,1016,2.646440029144287
0.735,1.0,0.9933333333333333,0.47,0.47000000000000003,0.0,0.0,,,0.0,0.0,True,False,0.1580812395294744,3.1875,8.0,2.0,,E2,C1+P0,T4,1017,3.0323829650878906
0.695,2.0,0.7383333333333333,0.38806365686176947,0.4809834601485656,0.0,1.0,1.0,5.6000000000000005,0.0,0.0,True,False,0.17243229754031048,7.575000000000001,8.0,1.0,,E2,C1+P0,T4,1018,3.010983943939209
0.85,1.0,0.9816666666666667,0.46999999999999964,0.47000000000000003,0.0,0.0,,,0.0,0.0,True,False,0.13701287761911551,5.220000000000001,5.0,1.0,,E2,C1+P0,T4,1019,2.9521379470825195
0.31833333333333336,0.0,0.6316666666666667,0.46999999999999975,1.1626304225039166,0.0,1.0,0.0,,0.0,0.0,False,False,0.04400387184866923,2.4000000000000004,1.0,0.0,,E2,C1+P0,T4,1020,1.8391139507293701
0.895,0.0,1.0,1.7568794855699064,0.5147344493840087,0.0,0.0,,,0.0,0.0,True,True,0.15898379882372002,4.8500000000000005,2.0,0.0,,E2,C1+P0,T4,1021,2.989448070526123
0.8366666666666667,0.0,1.0,3.286594087488136,0.46999999999999903,0.0,0.0,,,0.0,0.0,True,True,0.13064217806348122,6.525,4.0,0.0,,E2,C1+P0,T4,1022,2.961549758911133
0.515,0.0,0.6366666666666667,0.4699999999999996,0.4700000000000001,0.0,2.0,0.0,,0.0,0.0016666666666666668,False,False,0.09126444000800327,4.6000000000000005,11.0,10.0,,E2,C1+P0,T4,1023,2.3789987564086914
0.8683333333333333,0.0,0.985,0.4699999999999994,0.48366364358047204,0.0,0.0,,,0.0,0.0,True,True,0.15058494603231445,2.8833333333333333,6.0,6.0,,E2,C1+P0,T4,1024,2.991240978240967
0.2833333333333333,0.0,1.0,1.184440877269142,0.7886370784481248,0.0,2.0,0.0,,1.0,0.08333333333333333,False,False,0.013426254893967959,6.314285714285715,7.0,0.0,,E2,C1+P0,T4,1025,1.9686710834503174
0.935,0.0,0.6383333333333333,0.469999999999999,0.8373908515242455,0.0,0.0,,,0.0,0.0,True,True,0.13564693448309406,0.9,1.0,0.0,,E2,C1+P0,T4,1026,2.9785237312316895
0.8633333333333333,0.0,1.0,1.786460241476149,0.527122491665075,0.0,0.0,,,0.0,0.0,True,True,0.1419952804680328,4.766666666666667,3.0,0.0,,E2,C1+P0,T4,1027,2.921971082687378
0.9483333333333334,0.0,1.0,0.6970993167579111,0.6141247121509648,0.0,0.0,,,0.0,0.0,True,True,0.18144546609519163,4.6000000000000005,1.0,0.0,,E2,C1+P0,T4,1028,3.021925926208496
0.7433333333333333,0.0,1.0,0.9131848292626947,0.47000000000000003,0.0,0.0,,,0.0,0.0,True,False,0.1680956243823794,5.983333333333333,6.0,0.0,,E2,C1+P0,T4,1029,3.2352471351623535
0.915,1.0,0.96,0.4612346474125761,0.47727054849888884,0.0,1.0,1.0,5.800000000000001,2.0,0.07,True,False,0.14352496533690018,1.4500000000000002,12.0,5.0,,E2,C1+P0,T4,1030,2.9727396965026855
0.5033333333333333,0.0,0.975,0.4700000000000006,0.49623188646827954,0.0,1.0,1.0,14.700000000000001,0.0,0.0,True,False,0.13921406304568232,4.785714285714286,7.0,15.0,,E2,C1+P0,T4,1031,2.795210599899292
0.7466666666666667,0.0,1.0,0.5206350723815815,0.49321886130361337,0.0,0.0,,,0.0,0.0,True,False,0.18834874555623332,4.666666666666667,3.0,0.0,,E2,C1+P0,T4,1032,3.035385847091675
0.6533333333333333,0.0,1.0,0.504493410405008,0.4909918851027973,0.0,3.0,1.0,7.2,0.0,0.0,True,False,0.10558949580613251,4.75,2.0,4.0,,E2,C1+P0,T4,1033,2.951092004776001
0.7766666666666666,0.0,0.985,0.46999999999999975,0.47000000000000003,0.0,1.0,1.0,2.5,0.0,0.0,True,False,0.12407376836434725,3.0,9.0,0.0,,E2,C1+P0,T4,1034,2.904996871948242
0.6583333333333333,0.0,0.9133333333333333,0.46999999999999953,0.46999999999999975,0.0,5.0,0.8,4.6,0.0,0.0016666666666666668,True,False,0.11565475998755563,4.0125,8.0,3.0,,E2,C1+P0,T4,1035,2.952244997024536
0.7716666666666666,0.0,0.9616666666666667,0.46999999999999964,0.49470403440387994,0.0,0.0,,,0.0,0.0,True,False,0.17400486052664835,4.085714285714285,7.0,0.0,,E2,C1+P0,T4,1036,2.82273006439209
0.785,0.0,0.6983333333333334,0.4604187156884881,0.5058233509303014,0.0,4.0,1.0,3.65,0.0,0.0,True,False,0.13724798364387253,3.4272727272727277,11.0,1.0,,E2,C1+P0,T4,1037,3.018800735473633
1.0,1.0,0.9033333333333333,0.4357678153074181,1.2466656487865175,0.0,1.0,1.0,3.4000000000000004,0.0,0.0,True,False,0.13130816002533904,0.0,1.0,0.0,,E2,C1+P0,T4,1038,2.9361798763275146
0.6433333333333333,1.0,0.8666666666666667,0.46999999999999914,0.47885945155570114,0.0,3.0,1.0,8.966666666666667,0.0,0.0,True,False,0.10009401249451137,2.442857142857143,7.0,5.0,,E2,C1+P0,T4,1039,2.6678569316864014
0.735,0.0,1.0,0.8861404320601393,0.47000000000000064,0.0,0.0,,,0.0,0.0,True,False,0.1398800398068254,4.266666666666667,9.0,0.0,,E2,C1+P0,T4,1040,3.969712972640991
0.7683333333333333,0.0,1.0,1.54935308568799,0.4759789076693227,0.0,0.0,,,0.0,0.0,True,False,0.1692414046984222,4.671428571428572,7.0,0.0,,E2,C1+P0,T4,1041,3.014685869216919
0.965,0.0,1.0,1.510558233107372,0.7781684044393978,0.0,0.0,,,0.0,0.0,True,True,0.14258841220988,2.1,2.0,0.0,,E2,C1+P0,T4,1042,3.018889904022217
0.30333333333333334,0.0,0.81,0.46999999999999964,0.4699999999999997,0.0,2.0,0.0,,0.0,0.0,True,False,0.05995705612962093,4.557142857142857,7.0,1.0,,E2,C1+P0,T4,1043,1.712494134902954
0.805,1.0,0.7516666666666667,0.45016607432155265,0.5186478305549242,0.0,1.0,1.0,15.100000000000001,0.0,0.0,True,False,0.11380491953570948,2.0250000000000004,4.0,0.0,,E2,C1+P0,T4,1044,2.8956551551818848
0.7116666666666667,0.0,0.93,0.46999999999999914,0.48856976994452433,0.0,0.0,,,0.0,0.0,True,False,0.15182803371716544,6.0,4.0,0.0,,E2,C1+P0,T4,1045,2.8394107818603516
0.79,1.0,0.82,0.4383039638065016,0.48743730893857373,0.0,3.0,1.0,6.366666666666667,0.0,0.0,True,False,0.12848883881682654,3.2875,8.0,5.0,,E2,C1+P0,T4,1046,2.8259129524230957
0.765,0.0,1.0,2.932143784677942,0.48400610074475725,0.0,0.0,,,0.0,0.0,True,False,0.1862243351629867,7.24,5.0,0.0,,E2,C1+P0,T4,1047,3.1228830814361572
0.6533333333333333,0.0,0.9933333333333333,0.4699999999999997,0.47000000000000003,0.0,0.0,,,0.0,0.0,True,False,0.14762970264569958,7.15,8.0,0.0,,E2,C1+P0,T4,1048,3.0821621417999268
0.7216666666666667,0.0,1.0,1.5094341988403226,0.4699999999999997,0.0,0.0,,,0.0,0.0,True,False,0.11308959866354372,6.340000000000001,5.0,0.0,,E2,C1+P0,T4,1049,2.9466609954833984
0.7616666666666667,0.0,1.0,,0.4700000000000002,0.0,0.0,,,0.0,0.0,True,False,0.16935698649535624,3.35,6.0,0.0,,E2,C1+P0,T5,1000,2.683901071548462
0.665,0.0,1.0,,0.48257424281847555,0.0,0.0,,,0.0,0.0,True,False,0.14264502136133214,3.4166666666666665,12.0,0.0,,E2,C1+P0,T5,1001,2.979530096054077
0.705,0.0,1.0,,0.46999999999999936,0.0,0.0,,,0.0,0.0,True,False,0.130761609984232,4.3500000000000005,6.0,0.0,,E2,C1+P0,T5,1002,2.8463852405548096
0.7216666666666667,0.0,0.95,0.46999999999999986,0.4700000000000009,0.0,0.0,,,0.0,0.0,True,False,0.12585198741359338,3.266666666666667,9.0,0.0,,E2,C1+P0,T5,1003,3.015699863433838
0.715,1.0,0.9733333333333334,0.46999999999999953,0.47000000000000014,0.0,0.0,,,0.0,0.0,True,False,0.14234844396910667,3.177777777777778,9.0,1.0,,E2,C1+P0,T5,1004,3.0210461616516113
0.6116666666666667,0.0,0.9933333333333333,0.46999999999999964,0.47000000000000003,0.0,0.0,,,0.0,0.0,True,False,0.1502578479482271,5.66,10.0,0.0,,E2,C1+P0,T5,1005,3.012125253677368
0.8333333333333334,0.0,1.0,,0.485780092905247,0.0,0.0,,,0.0,0.0,True,True,0.15613041872831204,3.3200000000000003,5.0,0.0,,E2,C1+P0,T5,1006,2.8900370597839355
0.5366666666666666,0.0,1.0,,0.46999999999999914,0.0,0.0,,,0.0,0.0,True,False,0.1602092958917102,6.714285714285715,7.0,0.0,,E2,C1+P0,T5,1007,2.7521328926086426
0.6583333333333333,1.0,0.9266666666666666,0.46999999999999925,0.4699999999999992,0.0,0.0,,,0.0,0.0,True,False,0.13015158498019905,4.500000000000001,12.0,3.0,,E2,C1+P0,T5,1008,2.9457778930664062
0.7316666666666667,0.0,0.9966666666666667,0.4902155587415271,0.49798712913525583,0.0,0.0,,,0.0,0.0,True,False,0.15261527032763625,3.85,6.0,0.0,,E2,C1+P0,T5,1009,2.7502951622009277
0.5633333333333334,0.0,0.935,0.4699999999999994,0.5028876710189127,0.0,0.0,,,0.0,0.0,True,False,0.16926536369538325,5.266666666666667,6.0,0.0,,E2,C1+P0,T5,1010,3.059065103530884
0.7933333333333333,0.0,1.0,,0.4719651381251757,0.0,0.0,,,0.0,0.0,True,False,0.18498164581819032,3.9000000000000004,8.0,0.0,,E2,C1+P0,T5,1011,2.8238210678100586
0.69,0.0,1.0,0.6680789211204732,0.47,0.0,0.0,,,0.0,0.0,True,False,0.1293714067975599,3.716666666666667,6.0,0.0,,E2,C1+P0,T5,1012,3.12713885307312
0.715,0.0,1.0,,0.47455951471894703,0.0,0.0,,,0.0,0.0,True,False,0.15514581623328144,5.1000000000000005,8.0,0.0,,E2,C1+P0,T5,1013,2.7727410793304443
0.8966666666666666,0.0,1.0,,0.4952771974547005,0.0,0.0,,,0.0,0.0,True,True,0.1375542775937553,1.4500000000000002,6.0,0.0,,E2,C1+P0,T5,1014,2.881822109222412
0.6616666666666666,0.0,0.8316666666666667,0.46999999999999953,0.4700000000000002,0.0,0.0,,,0.0,0.0,True,False,0.1586112202357835,5.575,8.0,0.0,,E2,C1+P0,T5,1015,3.0466461181640625
0.5733333333333334,0.0,1.0,1.1562980508152039,0.49648351015772774,0.0,1.0,1.0,3.8000000000000003,0.0,0.0,True,False,0.15778433173761652,9.725000000000001,4.0,0.0,,E2,C1+P0,T5,1016,2.8575799465179443
0.8283333333333334,0.0,1.0,,0.530583128274765,0.0,0.0,,,0.0,0.0,True,True,0.12798211592154748,1.7666666666666668,9.0,0.0,,E2,C1+P0,T5,1017,2.915842056274414
0.54,0.0,1.0,,0.46999999999999986,0.0,0.0,,,0.0,0.0,True,False,0.16691664174911608,7.18,10.0,0.0,,E2,C1+P0,T5,1018,2.8450798988342285
0.7333333333333333,0.0,0.9766666666666667,0.46999999999999986,0.47,0.0,0.0,,,0.0,0.0,True,False,0.14604383734492435,3.6666666666666665,9.0,0.0,,E2,C1+P0,T5,1019,3.037503957748413
0.6033333333333334,0.0,1.0,,0.502561971843703,0.0,0.0,,,0.0,0.0,True,False,0.15515234057786254,8.566666666666668,3.0,0.0,,E2,C1+P0,T5,1020,2.6985950469970703
0.715,0.0,1.0,,0.47000000000000036,0.0,0.0,,,0.0,0.0,True,False,0.14448297289073314,4.5,9.0,0.0,,E2,C1+P0,T5,1021,2.777559757232666
0.6566666666666666,0.0,1.0,2.131736819464735,0.47000000000000003,0.0,0.0,,,0.0,0.0,True,False,0.15326132846607776,3.7750000000000004,8.0,0.0,,E2,C1+P0,T5,1022,3.0953757762908936
0.78,0.0,1.0,,0.47210884573277406,0.0,0.0,,,0.0,0.0,True,False,0.15714294087411623,2.9875,8.0,0.0,,E2,C1+P0,T5,1023,2.8045077323913574
0.6716666666666666,0.0,0.9716666666666667,0.46999999999999964,0.4700000000000001,0.0,1.0,0.0,,0.0,0.0,False,False,0.13906856086824723,3.8666666666666663,9.0,0.0,,E2,C1+P0,T5,1024,2.920851945877075
0.6483333333333333,0.0,1.0,,0.4699999999999996,0.0,0.0,,,0.0,0.0,True,False,0.12025048250866074,3.611111111111111,9.0,0.0,,E2,C1+P0,T5,1025,2.747860908508301
0.8266666666666667,0.0,0.9766666666666667,0.46999999999999953,0.5048783604004051,0.0,0.0,,,0.0,0.0,True,True,0.16559072083868484,3.571428571428572,7.0,0.0,,E2,C1+P0,T5,1026,3.024764060974121
0.7766666666666666,0.0,0.9916666666666667,0.4699999999999999,0.47429529886911626,0.0,0.0,,,0.0,0.0,True,False,0.17563368771415205,4.7125,8.0,0.0,,E2,C1+P0,T5,1027,2.9322571754455566
0.82,0.0,0.8833333333333333,0.46999999999999925,0.47062610867183474,0.0,1.0,1.0,1.4000000000000001,0.0,0.0,True,True,0.16734044894506478,2.0500000000000003,6.0,0.0,,E2,C1+P0,T5,1028,2.86165189743042
0.7616666666666667,1.0,0.9733333333333334,0.47000000000000014,0.47,0.0,0.0,,,0.0,0.0,True,False,0.14829135098823346,3.28,10.0,1.0,,E2,C1+P0,T5,1029,2.8750839233398438
0.6483333333333333,0.0,1.0,0.9570176555043478,0.47896310482122617,0.0,1.0,1.0,6.300000000000001,0.0,0.0,True,False,0.11678699563117007,5.733333333333334,6.0,5.0,,E2,C1+P0,T5,1030,2.7332868576049805
0.8183333333333334,0.0,1.0,,0.4937190441402154,0.0,0.0,,,0.0,0.0,True,True,0.14573811672672204,2.5142857142857147,7.0,0.0,,E2,C1+P0,T5,1031,2.8088619709014893
0.8516666666666667,0.0,1.0,,0.48805608862865224,0.0,0.0,,,0.0,0.0,True,True,0.16796979156975264,3.6857142857142864,7.0,0.0,,E2,C1+P0,T5,1032,2.7554869651794434
0.7466666666666667,0.0,1.0,,0.4699999999999999,0.0,0.0,,,0.0,0.0,True,False,0.1539193146325312,4.5125,8.0,0.0,,E2,C1+P0,T5,1033,2.793468952178955
0.6733333333333333,0.0,1.0,,0.4699999999999996,0.0,0.0,,,0.0,0.0,True,False,0.12967570070459986,4.625,12.0,0.0,,E2,C1+P0,T5,1034,2.7837109565734863
0.7683333333333333,0.0,1.0,2.40911157701348,0.4699999999999995,0.0,0.0,,,0.0,0.0,True,False,0.11433726921520719,3.8375000000000004,8.0,0.0,,E2,C1+P0,T5,1035,2.8577020168304443
0.6316666666666667,0.0,1.0,,0.4713754321122202,0.0,0.0,,,0.0,0.0,True,False,0.14390608948052955,6.69,10.0,0.0,,E2,C1+P0,T5,1036,2.8076999187469482
0.6933333333333334,0.0,0.9816666666666667,0.4699999999999997,0.47000000000000014,0.0,0.0,,,0.0,0.0,True,False,0.14868849868280684,3.685714285714286,7.0,0.0,,E2,C1+P0,T5,1037,2.823828935623169
0.6133333333333333,0.0,0.8633333333333333,0.46999999999999925,0.47303042143182733,0.0,0.0,,,0.0,0.0,True,False,0.16960276754390552,4.44,10.0,5.0,,E2,C1+P0,T5,1038,2.891831874847412
0.6583333333333333,0.0,1.0,1.4251636111974073,0.4699999999999996,0.0,0.0,,,0.0,0.0,True,False,0.13560647571545867,4.928571428571429,7.0,0.0,,E2,C1+P0,T5,1039,2.846266031265259
0.485,0.0,1.0,1.1293122836865335,0.47000000000000003,0.0,0.0,,,0.0,0.0,True,False,0.14587339991832823,10.7,5.0,0.0,,E2,C1+P0,T5,1040,2.902194023132324
0.8016666666666666,0.0,0.9633333333333334,0.46999999999999975,0.47286834067755956,0.0,0.0,,,0.0,0.0,True,True,0.1341005370989447,2.757142857142857,7.0,0.0,,E2,C1+P0,T5,1041,2.8699100017547607
0.8116666666666666,0.0,0.9933333333333333,0.47000000000000003,0.480119224610363,0.0,0.0,,,0.0,0.0,True,True,0.13618139236519836,3.855555555555556,9.0,1.0,,E2,C1+P0,T5,1042,2.839574098587036
0.68,0.0,1.0,,0.46999999999999925,0.0,0.0,,,0.0,0.0,True,False,0.12181687873239305,5.6000000000000005,7.0,0.0,,E2,C1+P0,T5,1043,2.696131944656372
0.6466666666666666,0.0,1.0,,0.4749654049744135,0.0,0.0,,,0.0,0.0,True,False,0.17292430606764886,4.655555555555555,9.0,0.0,,E2,C1+P0,T5,1044,2.7050318717956543
0.825,0.0,0.9816666666666667,0.4699999999999998,0.4953766680915158,0.0,0.0,,,0.0,0.0,True,True,0.14828098332114129,4.133333333333334,9.0,0.0,,E2,C1+P0,T5,1045,2.907180070877075
0.4533333333333333,0.0,0.9433333333333334,0.4699999999999996,0.47,0.0,1.0,0.0,,0.0,0.0,True,False,0.11406679375967037,7.112500000000001,8.0,9.0,,E2,C1+P0,T5,1046,2.483459949493408
0.8366666666666667,0.0,0.9833333333333333,0.4700000000000003,0.48931750695136195,0.0,2.0,1.0,1.9,0.0,0.0,True,True,0.15585632678645278,3.625,8.0,0.0,,E2,C1+P0,T5,1047,2.709362745285034
0.75,0.0,0.9216666666666666,0.4699999999999993,0.47000000000000064,0.0,1.0,1.0,1.7000000000000002,0.0,0.0,True,False,0.13067685174193863,4.108333333333333,12.0,3.0,,E2,C1+P0,T5,1048,2.85138201713562
0.6083333333333333,0.0,1.0,,0.46999999999999975,0.0,0.0,,,0.0,0.0,True,False,0.13828579955439999,5.533333333333333,9.0,0.0,,E2,C1+P0,T5,1049,2.727328062057495
0.8816666666666667,1.0,0.21,0.469999999999999,1.071861245145997,0.0,3.0,0.6666666666666666,3.75,0.0,0.0,False,False,0.10316945686239605,1.45,10.0,1.0,,E2,C1+P0,T6,1000,2.861812114715576
0.365,0.0,0.7733333333333333,0.46999999999999964,0.4699999999999997,0.0,6.0,0.6666666666666666,8.525,0.0,0.0,False,False,0.08965029743184197,4.322222222222223,9.0,0.0,,E2,C1+P0,T6,1001,2.6505861282348633
0.3616666666666667,0.0,0.7866666666666666,0.46999999999999925,0.49935874308676786,0.0,3.0,0.6666666666666666,9.25,0.0,0.0,False,False,0.05786988038108566,8.45,8.0,1.0,,E2,C1+P0,T6,1002,2.1254589557647705
0.26166666666666666,0.0,0.94,0.46999999999999936,1.483727934121404,0.0,3.0,0.6666666666666666,9.25,0.0,0.0,False,False,0.0516470498930209,7.820000000000002,5.0,0.0,,E2,C1+P0,T6,1003,2.149350881576538
0.74,0.0,0.5533333333333333,0.4699999999999992,1.0552242734239616,0.0,1.0,0.0,,0.0,0.0,False,False,0.09225584131854689,0.0,3.0,1.0,,E2,C1+P0,T6,1004,2.699099063873291
0.9233333333333333,0.0,0.3466666666666667,0.4699999999999992,0.5614046922809385,0.0,3.0,1.0,2.3000000000000003,0.0,0.0,True,True,0.14706199331624273,2.08,5.0,0.0,,E2,C1+P0,T6,1005,3.2292730808258057
0.9733333333333334,0.0,0.425,0.4699999999999995,0.8732498118111545,0.0,1.0,1.0,3.0,0.0,0.0,True,True,0.17445634072438945,0.3666666666666667,9.0,2.0,,E2,C1+P0,T6,1006,3.1749491691589355
0.6016666666666667,0.0,0.7766666666666666,0.4699999999999999,0.47000000000000003,0.0,4.0,0.75,3.966666666666667,0.0,0.0,True,False,0.08452899693595942,5.3,5.0,0.0,,E2,C1+P0,T6,1007,2.5888631343841553
0.8033333333333333,0.0,0.35333333333333333,0.46999999999999903,0.4699999999999997,0.0,1.0,1.0,5.1000000000000005,0.0,0.0,True,True,0.12468570953323636,5.566666666666667,6.0,3.0,,E2,C1+P0,T6,1008,2.9167611598968506
0.7633333333333333,1.0,0.74,0.43194096742312504,0.5240583103108732,0.0,2.0,1.0,9.35,0.0,0.0,True,False,0.14142241674385464,2.3636363636363638,11.0,0.0,,E2,C1+P0,T6,1009,2.797409772872925
0.3283333333333333,0.0,0.7633333333333333,0.4699999999999991,1.325251786414286,0.0,2.0,0.0,,0.0,0.0,False,False,0.07066115880482726,11.475,8.0,0.0,,E2,C1+P0,T6,1010,1.974344253540039
0.34,0.0,0.705,0.46999999999999914,1.437051679877838,0.0,1.0,0.0,,0.0,0.0,False,False,0.04331950688888458,6.45,6.0,0.0,,E2,C1+P0,T6,1011,1.8946537971496582
1.0,1.0,0.30833333333333335,0.46999999999999914,1.196342293592702,0.0,0.0,,,0.0,0.0,True,False,0.10716084990374912,0.0,6.0,1.0,,E2,C1+P0,T6,1012,3.0960910320281982
0.8866666666666667,3.0,0.39166666666666666,0.4699999999999992,0.46999999999999953,0.0,3.0,1.0,2.8333333333333335,0.0,0.0,True,False,0.15789042463408673,1.866666666666667,6.0,0.0,,E2,C1+P0,T6,1013,3.1977031230926514
0.8183333333333334,1.0,0.685,0.4699999999999992,0.48401881680141023,0.0,1.0,1.0,2.6,0.0,0.0,True,False,0.15222723941102947,2.3066666666666666,15.0,5.0,,E2,C1+P0,T6,1014,3.1290462017059326
,,,,,,,,,,,,,,,,,RuntimeError('T6 seed 1015: T6 crowd placement failed'),E2,C1+P0,T6,1015,0.11921000480651855
0.8766666666666667,0.0,0.8016666666666666,0.46999999999999953,0.6060057109566733,0.0,2.0,1.0,2.95,0.0,0.0,True,True,0.14901192497006824,2.0875,8.0,1.0,,E2,C1+P0,T6,1016,2.938894033432007
1.0,0.0,0.8066666666666666,0.4699999999999993,1.2799128031266724,0.0,0.0,,,0.0,0.0,True,True,0.10413206082404118,0.0,3.0,6.0,,E2,C1+P0,T6,1017,3.0417420864105225
0.82,1.0,0.405,0.46999999999999914,1.0669949676563895,0.0,3.0,0.6666666666666666,3.5500000000000003,0.0,0.0,False,False,0.14820301763571334,1.1111111111111112,9.0,2.0,,E2,C1+P0,T6,1018,2.8109679222106934
0.7433333333333333,0.0,0.6416666666666667,0.4699999999999993,0.4699999999999999,0.0,3.0,1.0,5.266666666666667,0.0,0.0,True,False,0.11010439187792412,7.0125,8.0,1.0,,E2,C1+P0,T6,1019,2.873033046722412
0.6866666666666666,1.0,0.5916666666666667,0.4699999999999994,0.8499643259072245,0.0,3.0,0.6666666666666666,4.300000000000001,0.0,0.0,False,False,0.12102986443676891,2.4571428571428577,14.0,1.0,,E2,C1+P0,T6,1020,2.5999250411987305
1.0,2.0,0.7233333333333334,0.46999999999999936,1.0606879069776727,0.0,4.0,1.0,2.9500000000000006,0.0,0.0,True,False,0.14508308776756013,0.0,8.0,4.0,,E2,C1+P0,T6,1021,2.950267791748047
0.35,0.0,0.6033333333333334,0.46999999999999964,1.7031521516437254,0.0,4.0,0.5,4.25,0.0,0.0,False,False,0.054719727758047676,10.530000000000001,10.0,0.0,,E2,C1+P0,T6,1022,2.374859094619751
0.9316666666666666,0.0,0.36333333333333334,0.46999999999999925,0.5289414978933109,0.0,4.0,1.0,2.75,0.0,0.0,True,True,0.11705280729092511,0.9454545454545454,11.0,1.0,,E2,C1+P0,T6,1023,3.033163070678711
0.715,1.0,0.315,0.46999999999999914,0.5922669074495855,0.0,5.0,0.8,6.1499999999999995,0.0,0.0,True,False,0.12124437760855243,2.8200000000000003,5.0,5.0,,E2,C1+P0,T6,1024,2.7428512573242188
0.8366666666666667,1.0,0.49333333333333335,0.4699999999999991,0.46999999999999925,0.0,1.0,1.0,1.8,0.0,0.0,True,False,0.13508482226929955,3.5142857142857147,7.0,1.0,,E2,C1+P0,T6,1025,2.909235954284668
0.89,1.0,0.47333333333333333,0.46999999999999914,1.1394791644671838,0.0,7.0,0.7142857142857143,5.2,0.0,0.0,False,False,0.13111890951916405,0.525,12.0,6.0,,E2,C1+P0,T6,1026,2.848607063293457
0.8633333333333333,1.0,0.5,0.46848336621838826,0.5971915244630887,0.0,2.0,1.0,2.3000000000000003,0.0,0.0,True,False,0.16278226152629516,1.6875,8.0,7.0,,E2,C1+P0,T6,1027,2.9461510181427
0.83,0.0,0.5866666666666667,0.4699999999999992,0.4742195008245922,0.0,1.0,1.0,2.5,0.0,0.0,True,True,0.1730536890512362,2.436363636363637,11.0,2.0,,E2,C1+P0,T6,1028,3.046236276626587
0.35333333333333333,1.0,0.87,0.4699999999999987,1.5268129137812823,0.0,2.0,0.0,,0.0,0.0,False,False,0.06812076488540016,0.925,4.0,2.0,,E2,C1+P0,T6,1029,2.1347708702087402
1.0,1.0,0.35,0.46999999999999914,1.052755081183926,0.0,1.0,1.0,1.9000000000000001,0.0,0.0,True,False,0.1675571960525419,0.0,9.0,5.0,,E2,C1+P0,T6,1030,2.955293893814087
0.9416666666666667,1.0,0.64,0.46999999999999914,0.5523686665804401,0.0,0.0,,,0.0,0.0,True,False,0.17902114932225607,2.257142857142857,7.0,5.0,,E2,C1+P0,T6,1031,3.0559000968933105
,,,,,,,,,,,,,,,,,RuntimeError('T6 seed 1032: T6 crowd placement failed'),E2,C1+P0,T6,1032,0.14061594009399414
0.9183333333333333,1.0,0.315,0.46999999999999903,0.47000000000000014,0.0,2.0,1.0,4.300000000000001,0.0,0.0,True,False,0.14298345820380925,1.2083333333333333,12.0,3.0,,E2,C1+P0,T6,1033,3.2287349700927734
0.7733333333333333,0.0,0.69,0.46999999999999925,0.4700000000000003,0.0,1.0,1.0,3.3000000000000003,0.0,0.0,True,False,0.15343993854101745,3.9000000000000004,12.0,1.0,,E2,C1+P0,T6,1034,3.051827907562256
0.8516666666666667,1.0,0.49333333333333335,0.46999999999999914,1.5623877104395536,0.0,4.0,0.75,3.733333333333334,0.0,0.0,False,False,0.09869959254308239,0.6250000000000001,8.0,4.0,,E2,C1+P0,T6,1035,3.013853073120117
0.9133333333333333,0.0,0.43666666666666665,0.4699999999999996,0.47041033301603385,0.0,3.0,1.0,2.566666666666667,0.0,0.0,True,True,0.1423189960403988,2.1428571428571432,7.0,0.0,,E2,C1+P0,T6,1036,3.140151262283325
0.985,0.0,0.5166666666666667,0.46999999999999914,0.928632687735684,0.0,0.0,,,0.0,0.0,True,True,0.19390408082361701,0.0,5.0,1.0,,E2,C1+P0,T6,1037,3.04231595993042
0.7733333333333333,0.0,0.47833333333333333,0.4699999999999993,1.052227130014122,0.0,2.0,0.0,,0.0,0.0,False,False,0.09799663089704809,1.2333333333333334,3.0,0.0,,E2,C1+P0,T6,1038,2.652695655822754
0.6616666666666666,1.0,0.7216666666666667,0.4699999999999996,1.435549253205206,0.0,3.0,0.6666666666666666,8.200000000000001,0.0,0.0,False,False,0.07161650211611721,1.6000000000000003,3.0,4.0,,E2,C1+P0,T6,1039,2.9336929321289062
0.8866666666666667,2.0,0.66,0.4699999999999996,0.47000000000000014,0.0,2.0,1.0,3.3000000000000003,0.0,0.0,True,False,0.12354112246572078,1.6250000000000002,8.0,1.0,,E2,C1+P0,T6,1040,3.071187973022461
0.735,2.0,0.17666666666666667,0.46999999999999914,0.47000000000000003,0.0,2.0,1.0,7.1000000000000005,0.0,0.0,True,False,0.1329953857452292,3.1500000000000004,6.0,16.0,,E2,C1+P0,T6,1041,3.0772528648376465
0.86,0.0,0.6433333333333333,0.46999999999999914,0.8517285187411262,0.0,3.0,1.0,5.166666666666667,0.0,0.0,True,True,0.10751922061321331,2.1285714285714286,7.0,0.0,,E2,C1+P0,T6,1042,2.91176700592041
0.615,0.0,0.7816666666666666,0.4699999999999991,0.47000000000000003,0.0,3.0,0.3333333333333333,2.1,0.0,0.0,False,False,0.11026624468856538,2.6,9.0,3.0,,E2,C1+P0,T6,1043,2.645190954208374
0.775,1.0,0.7383333333333333,0.46999999999999936,0.4948710189903963,0.0,4.0,1.0,2.1,0.0,0.0,True,False,0.1700315780977069,2.525,12.0,12.0,,E2,C1+P0,T6,1044,3.1690869331359863
0.35833333333333334,0.0,0.81,0.46999999999999964,0.4854993597857603,0.0,3.0,0.0,,0.0,0.0,False,False,0.04621473360061991,3.0222222222222226,9.0,1.0,,E2,C1+P0,T6,1045,2.014411211013794
0.38166666666666665,0.0,0.7366666666666667,0.46999999999999925,1.484420664256651,0.0,1.0,0.0,,0.0,0.0,False,False,0.05091631525395501,8.940000000000001,5.0,0.0,,E2,C1+P0,T6,1046,2.188962936401367
0.9133333333333333,2.0,0.4,0.46999999999999914,0.7192560045638077,0.0,2.0,1.0,2.5,0.0,0.0,True,False,0.157891933987139,1.0272727272727273,11.0,6.0,,E2,C1+P0,T6,1047,3.258948802947998
0.365,0.0,0.8166666666666667,0.46999999999999953,1.5115131173085745,0.0,4.0,0.5,6.200000000000001,0.0,0.0,False,False,0.06378075333499628,7.920000000000002,5.0,0.0,,E2,C1+P0,T6,1048,2.5120127201080322
0.5666666666666667,0.0,0.885,0.4699999999999995,0.5132239565437913,0.0,6.0,1.0,6.466666666666666,0.0,0.0,True,False,0.10933325577456608,2.1500000000000004,8.0,9.0,,E2,C1+P0,T6,1049,3.067003011703491
0.7266666666666667,1.0,0.9766666666666667,0.46999999999999964,0.47734731393644125,0.0,2.0,0.5,10.700000000000001,0.0,0.0,True,False,0.11870393399953527,2.8272727272727276,11.0,5.0,,E2,C1+P0,T7,1000,2.8669490814208984
0.8133333333333334,0.0,0.6133333333333333,0.45219451857446324,0.4701339298473599,0.0,0.0,,,0.0,0.0,True,True,0.14991411982000946,2.34,10.0,4.0,,E2,C1+P0,T7,1001,3.257996082305908
1.0,0.0,1.0,,1.1292436923901725,0.0,0.0,,,0.0,0.0,True,True,0.1243771634352412,0.0,2.0,0.0,,E2,C1+P0,T7,1002,2.7362990379333496
0.9066666666666666,0.0,0.97,0.4699999999999994,0.5131403498141559,0.0,0.0,,,0.0,0.0,True,True,0.12042959283633706,0.8777777777777778,9.0,1.0,,E2,C1+P0,T7,1003,3.0844509601593018
0.9066666666666666,0.0,0.9816666666666667,0.46999999999999975,0.4770804233417311,0.0,1.0,1.0,2.3000000000000003,0.0,0.0,True,True,0.12872621272119755,1.3636363636363635,11.0,1.0,,E2,C1+P0,T7,1004,3.455054759979248
0.9016666666666666,0.0,1.0,,0.5390432647134782,0.0,0.0,,,0.0,0.0,True,True,0.1673767610775612,4.55,2.0,0.0,,E2,C1+P0,T7,1005,2.783402919769287
0.755,0.0,0.98,0.4699999999999997,0.5058993381970928,0.0,0.0,,,0.0,0.0,True,False,0.19537902931111037,3.563636363636364,11.0,0.0,,E2,C1+P0,T7,1006,3.1862123012542725
0.8433333333333334,0.0,1.0,,0.47000000000000003,0.0,1.0,1.0,2.8000000000000003,0.0,0.0,True,True,0.11445717517246548,3.066666666666667,6.0,0.0,,E2,C1+P0,T7,1007,2.65470290184021
0.5883333333333334,0.0,0.8233333333333334,0.46999999999999975,1.4973534587077684,0.0,1.0,0.0,,0.0,0.0,False,False,0.08041486374475795,10.12,5.0,0.0,,E2,C1+P0,T7,1008,2.9783871173858643
0.95,0.0,1.0,0.5025321089511521,0.6349327230062382,0.0,0.0,,,0.0,0.0,True,True,0.1593148974993379,5.4,1.0,0.0,,E2,C1+P0,T7,1009,2.998523235321045
0.5866666666666667,0.0,0.63,0.46999999999999914,0.47393724940702375,0.0,0.0,,,0.0,0.0,True,False,0.18690429897954663,5.977777777777778,9.0,0.0,,E2,C1+P0,T7,1010,3.139862060546875
0.8983333333333333,2.0,0.8166666666666667,0.4699999999999994,0.5671107440011083,0.0,4.0,1.0,3.0250000000000004,0.0,0.0,True,False,0.1656152537499633,1.0625,8.0,10.0,,E2,C1+P0,T7,1011,3.233522891998291
0.94,0.0,1.0,0.5198766390635694,0.6441074238409153,0.0,0.0,,,0.0,0.0,True,True,0.11198200864640134,2.2800000000000002,5.0,1.0,,E2,C1+P0,T7,1012,3.158604860305786
0.7183333333333334,0.0,1.0,,0.4989162178273524,0.0,0.0,,,0.0,0.0,True,False,0.15752469053180132,4.720000000000001,5.0,0.0,,E2,C1+P0,T7,1013,2.8125
0.9316666666666666,0.0,0.9533333333333334,0.4534576565512229,0.4815660548818549,0.0,0.0,,,0.0,0.0,True,True,0.1454540378960317,1.1888888888888889,9.0,1.0,,E2,C1+P0,T7,1014,3.1342368125915527
0.5533333333333333,0.0,0.975,0.47000000000000025,0.47863361601785664,0.0,2.0,1.0,10.450000000000001,0.0,0.0,True,False,0.08292822201257571,2.8875,8.0,0.0,,E2,C1+P0,T7,1015,2.5335376262664795
0.9083333333333333,0.0,1.0,5.4513208824424275,0.5488523870137286,0.0,1.0,1.0,3.6,0.0,0.0,True,True,0.13501383966646327,7.0,1.0,0.0,,E2,C1+P0,T7,1016,2.7379860877990723
0.30666666666666664,0.0,1.0,1.2068369749798658,1.0588509922370326,0.0,1.0,0.0,,0.0,0.0,False,False,0.040328179508559256,12.254545454545456,11.0,0.0,,E2,C1+P0,T7,1017,2.0024631023406982
0.755,1.0,0.94,0.46999999999999986,0.4725404476126819,0.0,1.0,1.0,1.6,0.0,0.0,True,False,0.14292346799241862,3.5714285714285716,7.0,0.0,,E2,C1+P0,T7,1018,2.852228879928589
0.8716666666666667,1.0,0.8366666666666667,0.4699999999999995,0.48946634125190325,0.0,2.0,1.0,2.05,0.0,0.0,True,False,0.14024261513349665,2.45,8.0,4.0,,E2,C1+P0,T7,1019,3.5516061782836914
0.585,0.0,1.0,,0.4849891234545576,0.0,0.0,,,0.0,0.0,True,False,0.16421548767199148,7.6000000000000005,4.0,0.0,,E2,C1+P0,T7,1020,2.7946829795837402
0.5766666666666667,0.0,1.0,1.153855113125342,0.4700000000000005,0.0,0.0,,,0.0,0.0,True,False,0.16303765066232712,7.45,4.0,0.0,,E2,C1+P0,T7,1021,3.3094310760498047
0.5566666666666666,0.0,1.0,,0.4699999999999994,0.0,1.0,1.0,6.9,0.0,0.0,True,False,0.13433283025593193,5.614285714285714,7.0,0.0,,E2,C1+P0,T7,1022,2.6643452644348145
0.33666666666666667,1.0,0.61,0.43210989948084294,0.46999999999999964,0.0,3.0,0.3333333333333333,8.5,0.0,0.0,False,False,0.08379608722808136,8.42,10.0,0.0,,E2,C1+P0,T7,1023,2.7265660762786865
0.645,0.0,0.8516666666666667,0.4699999999999994,0.47994457536929747,0.0,1.0,1.0,2.4000000000000004,0.0,0.0,True,False,0.154853601287212,5.500000000000001,4.0,0.0,,E2,C1+P0,T7,1024,3.091792106628418
0.44,0.0,0.93,0.46999999999999914,0.47000000000000003,0.0,3.0,0.3333333333333333,2.7,0.0,0.0,False,False,0.0660737430269458,10.290909090909091,11.0,5.0,,E2,C1+P0,T7,1025,2.4112420082092285
0.6016666666666667,2.0,0.915,0.44306079462286363,0.494935137431028,0.0,0.0,,,0.0,0.0,True,False,0.1466502751731389,4.771428571428571,14.0,0.0,,E2,C1+P0,T7,1026,3.3644490242004395
0.8283333333333334,0.0,1.0,,0.4883819285059692,0.0,0.0,,,0.0,0.0,True,True,0.14170761125372636,4.84,5.0,0.0,,E2,C1+P0,T7,1027,2.729175090789795
0.5783333333333334,0.0,0.7866666666666666,0.4699999999999992,0.48428356346105245,0.0,1.0,1.0,2.1,0.0,0.0,True,False,0.18997276949220585,6.590909090909093,11.0,3.0,,E2,C1+P0,T7,1028,3.2003087997436523
1.0,0.0,1.0,0.7180368698527039,1.2228780509301416,0.0,0.0,,,0.0,0.0,True,True,0.12594283887403207,0.0,2.0,0.0,,E2,C1+P0,T7,1029,3.273202896118164
0.865,0.0,1.0,,0.4700000000000002,0.0,0.0,,,0.0,0.0,True,True,0.1705829937729313,5.1,4.0,0.0,,E2,C1+P0,T7,1030,3.0765252113342285
1.0,0.0,1.0,,1.0831729746083776,0.0,0.0,,,0.0,0.0,True,True,0.15839659480719995,0.0,3.0,0.0,,E2,C1+P0,T7,1031,2.7928009033203125
0.7316666666666667,0.0,0.985,0.46999999999999975,0.480062808601348,0.0,0.0,,,0.0,0.0,True,False,0.17132444792788162,9.4,2.0,0.0,,E2,C1+P0,T7,1032,3.180438995361328
0.9483333333333334,0.0,0.9983333333333333,0.4947468398461668,0.5739448566667736,0.0,0.0,,,0.0,0.0,True,True,0.14023596568356453,1.1,4.0,0.0,,E2,C1+P0,T7,1033,3.0049710273742676
0.7283333333333334,0.0,1.0,2.2557451472062855,0.4699999999999997,0.0,0.0,,,0.0,0.0,True,False,0.12402003837851733,3.3499999999999996,12.0,0.0,,E2,C1+P0,T7,1034,2.8279800415039062
0.79,0.0,1.0,0.5565490894730948,0.4699999999999998,0.0,2.0,1.0,5.45,0.0,0.0,True,False,0.13596082408014704,2.675,8.0,1.0,,E2,C1+P0,T7,1035,2.908281087875366
1.0,0.0,0.9616666666666667,0.4699999999999997,1.2323284337793998,0.0,0.0,,,0.0,0.0,True,True,0.15453213728206328,0.0,3.0,0.0,,E2,C1+P0,T7,1036,2.826490879058838
0.8216666666666667,0.0,0.9966666666666667,0.4921465748341035,0.4740940188198994,0.0,0.0,,,0.0,0.0,True,True,0.14288539234942915,2.6800000000000006,10.0,0.0,,E2,C1+P0,T7,1037,3.0519649982452393
0.5816666666666667,4.0,0.5266666666666666,0.42020573866857397,0.5021198248955051,0.0,1.0,1.0,12.4,0.0,0.0,True,False,0.12703000932566175,4.864285714285714,14.0,1.0,,E2,C1+P0,T7,1038,3.1671228408813477
0.7066666666666667,0.0,0.9883333333333333,0.47,0.46999999999999964,0.0,0.0,,,0.0,0.0,True,False,0.12887118152491428,5.316666666666667,6.0,4.0,,E2,C1+P0,T7,1039,2.8918979167938232
0.6366666666666667,0.0,0.845,0.46999999999999903,0.46999999999999953,0.0,0.0,,,0.0,0.0,True,False,0.13079184397680457,8.20909090909091,11.0,1.0,,E2,C1+P0,T7,1040,3.102552652359009
0.9583333333333334,0.0,1.0,0.7034476555596406,0.8831239849633026,0.0,0.0,,,0.0,0.0,True,True,0.1708783100223789,3.2,2.0,0.0,,E2,C1+P0,T7,1041,3.2199931144714355
0.36333333333333334,0.0,0.9633333333333334,0.46999999999999964,1.3608304388315164,0.0,2.0,0.0,,0.0,0.0,False,False,0.06884984119030765,13.083333333333334,6.0,1.0,,E2,C1+P0,T7,1042,1.8955309391021729
0.865,1.0,0.615,0.4699999999999994,0.47000000000000003,0.0,4.0,0.75,2.3333333333333335,0.0,0.0,False,False,0.12329681385646525,2.675,8.0,8.0,,E2,C1+P0,T7,1043,3.262768030166626
0.56,0.0,0.8233333333333334,0.4699999999999996,0.4699999999999999,0.0,1.0,1.0,7.800000000000001,0.0,0.0,True,False,0.15367457820872657,5.760000000000001,15.0,3.0,,E2,C1+P0,T7,1044,3.0498721599578857
0.81,0.0,0.94,0.45703103896466274,0.5175345249573072,0.0,1.0,1.0,3.4000000000000004,0.0,0.0,True,True,0.15642902566980613,3.1111111111111116,9.0,3.0,,E2,C1+P0,T7,1045,3.142935037612915
0.8316666666666667,0.0,1.0,0.8339266489655799,0.46999999999999986,0.0,0.0,,,0.0,0.0,True,True,0.13678412264080406,3.516666666666667,6.0,0.0,,E2,C1+P0,T7,1046,3.067173719406128
0.9466666666666667,0.0,0.9816666666666667,0.469999999999999,0.5599738222281753,0.0,0.0,,,0.0,0.0,True,True,0.1607494498594112,5.4,1.0,0.0,,E2,C1+P0,T7,1047,3.2594521045684814
1.0,0.0,1.0,0.5501823332988534,1.2307753855151,0.0,0.0,,,0.0,0.0,True,True,0.09480091301076483,0.0,4.0,0.0,,E2,C1+P0,T7,1048,3.163288116455078
0.9216666666666666,0.0,1.0,,0.5722431106227227,0.0,1.0,1.0,1.7000000000000002,0.0,0.0,True,True,0.1421272840361086,2.1500000000000004,4.0,0.0,,E2,C1+P0,T7,1049,2.8093008995056152
0.9866666666666667,0.0,1.0,,0.962657608000934,0.0,0.0,,,0.0,0.0,True,True,0.1164693609633431,1.4500000000000002,2.0,0.0,,E2,C1+P1,T1,1000,4.924608945846558
0.6733333333333333,0.0,1.0,,0.47116437469368694,0.0,0.0,,,0.0,0.0,True,False,0.11697303432889174,9.88,5.0,0.0,,E2,C1+P1,T1,1001,3.736212968826294
0.7233333333333334,0.0,0.79,0.469999999999999,0.5204888865408744,0.0,1.0,1.0,11.4,0.0,0.0,True,False,0.094705613683769,2.1,8.0,1.0,,E2,C1+P1,T1,1002,4.382022857666016
0.84,0.0,1.0,,0.46999999999999925,0.0,0.0,,,0.0,0.0,True,True,0.10303024251524934,3.266666666666667,6.0,0.0,,E2,C1+P1,T1,1003,4.084287881851196
0.9383333333333334,0.0,1.0,,0.47,0.0,0.0,,,0.0,0.0,True,True,0.13053703000081068,1.98,5.0,0.0,,E2,C1+P1,T1,1004,4.496396064758301
0.6933333333333334,2.0,0.9283333333333333,0.46999999999999914,0.4700000000000003,0.0,1.0,1.0,3.4000000000000004,0.0,0.0,True,False,0.12176401606400866,5.9,7.0,1.0,,E2,C1+P1,T1,1005,4.38827109336853
0.6866666666666666,0.0,1.0,,0.49306703428742793,0.0,0.0,,,0.0,0.0,True,False,0.15283421923370563,11.450000000000001,2.0,0.0,,E2,C1+P1,T1,1006,4.390722990036011
0.8966666666666666,1.0,0.88,0.45625988360719244,0.6861553908815312,0.0,2.0,1.0,5.5,0.0,0.0,True,False,0.08606934947584785,0.8600000000000001,5.0,1.0,,E2,C1+P1,T1,1007,4.1540632247924805
0.8633333333333333,0.0,1.0,,0.46999999999999986,0.0,0.0,,,0.0,0.0,True,True,0.08428920863432188,3.8333333333333335,6.0,0.0,,E2,C1+P1,T1,1008,4.465672254562378
0.9166666666666666,0.0,1.0,,0.5108749050422428,0.0,0.0,,,0.0,0.0,True,True,0.12035527128156995,2.9750000000000005,4.0,0.0,,E2,C1+P1,T1,1009,4.139312028884888
0.8633333333333333,0.0,1.0,,0.4899010591516927,0.0,0.0,,,0.0,0.0,True,True,0.1479743965461259,4.819999999999999,5.0,0.0,,E2,C1+P1,T1,1010,5.330979108810425
0.6316666666666667,0.0,1.0,,0.4700000000000006,0.0,0.0,,,0.0,0.0,True,False,0.14896816299741525,13.783333333333333,6.0,0.0,,E2,C1+P1,T1,1011,4.1467578411102295
1.0,0.0,1.0,,1.2062555884735084,0.0,0.0,,,0.0,0.0,True,True,0.0727881571314199,0.0,4.0,0.0,,E2,C1+P1,T1,1012,5.304067134857178
1.0,0.0,1.0,,1.1343617470446903,0.0,0.0,,,0.0,0.0,True,True,0.12016598736255198,0.0,2.0,0.0,,E2,C1+P1,T1,1013,4.514461040496826
1.0,0.0,1.0,,1.0407888168709598,0.0,0.0,,,0.0,0.0,True,True,0.10776380081817817,0.0,2.0,0.0,,E2,C1+P1,T1,1014,5.429835081100464
0.9866666666666667,0.0,1.0,,0.9555188305706191,0.0,0.0,,,0.0,0.0,True,True,0.11522164969467807,1.1666666666666667,3.0,0.0,,E2,C1+P1,T1,1015,4.384073972702026
1.0,0.0,1.0,,1.058247584452616,0.0,0.0,,,0.0,0.0,True,True,0.1331125419922489,0.0,2.0,0.0,,E2,C1+P1,T1,1016,4.146639108657837
0.77,0.0,1.0,,0.47000000000000036,0.0,0.0,,,0.0,0.0,True,False,0.1145747805999198,7.74,5.0,0.0,,E2,C1+P1,T1,1017,4.249851942062378
0.7766666666666666,0.0,1.0,,0.49610963811419273,0.0,0.0,,,0.0,0.0,True,False,0.16090772826154315,6.5600000000000005,5.0,0.0,,E2,C1+P1,T1,1018,4.24045205116272
0.705,0.0,1.0,,0.46999999999999986,0.0,0.0,,,0.0,0.0,True,False,0.1413368014226736,9.98,5.0,0.0,,E2,C1+P1,T1,1019,4.128031969070435
0.9916666666666667,0.0,1.0,,0.9912849283899634,0.0,0.0,,,0.0,0.0,True,True,0.1546292864706089,3.1,1.0,0.0,,E2,C1+P1,T1,1020,4.469530820846558
1.0,0.0,1.0,,1.2151787094910664,0.0,0.0,,,0.0,0.0,True,True,0.08632547919246517,0.0,2.0,0.0,,E2,C1+P1,T1,1021,4.270652770996094
1.0,0.0,1.0,1.8601211793298584,1.2590979157326292,0.0,0.0,,,0.0,0.0,True,True,0.10940783967972795,0.0,2.0,0.0,,E2,C1+P1,T1,1022,4.667515277862549
0.7733333333333333,0.0,1.0,4.263390742371073,0.47,0.0,0.0,,,0.0,0.0,True,False,0.12017529224195025,7.533333333333334,6.0,0.0,,E2,C1+P1,T1,1023,4.056735992431641
0.9016666666666666,0.0,1.0,,0.49782387027876346,0.0,0.0,,,0.0,0.0,True,True,0.13949048975138167,2.7750000000000004,4.0,0.0,,E2,C1+P1,T1,1024,4.535953044891357
0.6433333333333333,0.0,1.0,3.3677967394995973,0.4699999999999994,0.0,0.0,,,0.0,0.0,True,False,0.13833518132811393,7.1000000000000005,6.0,0.0,,E2,C1+P1,T1,1025,4.455397129058838
1.0,0.0,1.0,,1.1218048800672442,0.0,0.0,,,0.0,0.0,True,True,0.12324352655537586,0.0,1.0,0.0,,E2,C1+P1,T1,1026,4.403178930282593
1.0,0.0,1.0,0.5982663418901176,1.1415539730822521,0.0,0.0,,,0.0,0.0,True,True,0.12322171867582984,0.0,1.0,0.0,,E2,C1+P1,T1,1027,4.302422046661377
0.8916666666666667,1.0,0.9016666666666666,0.4699999999999993,0.7610830325195145,0.0,1.0,1.0,6.4,0.0,0.0,True,False,0.1060728415945225,4.7,2.0,4.0,,E2,C1+P1,T1,1028,4.584985017776489
1.0,0.0,0.9333333333333333,0.46999999999999986,1.0481596889607099,0.0,1.0,1.0,1.8,0.0,0.0,True,True,0.09581479963957201,0.0,1.0,0.0,,E2,C1+P1,T1,1029,4.149705410003662
0.8966666666666666,0.0,0.9333333333333333,0.4699999999999998,0.4715335720866194,0.0,0.0,,,0.0,0.0,True,True,0.10496747673416276,3.3400000000000007,5.0,2.0,,E2,C1+P1,T1,1030,4.324077844619751
0.9583333333333334,0.0,0.9933333333333333,0.46999999999999986,0.49789678601931653,0.0,0.0,,,0.0,0.0,True,True,0.13401806745660477,2.0,4.0,0.0,,E2,C1+P1,T1,1031,4.0438220500946045
0.75,1.0,0.9316666666666666,0.47,0.46999999999999975,0.0,1.0,1.0,15.9,0.0,0.0,True,False,0.1348728074508386,5.311111111111112,9.0,1.0,,E2,C1+P1,T1,1032,3.9174656867980957
1.0,0.0,1.0,,1.3063182340901607,0.0,0.0,,,0.0,0.0,True,True,0.11999533160438747,0.0,2.0,0.0,,E2,C1+P1,T1,1033,4.05264687538147
0.715,0.0,1.0,,0.4700000000000002,0.0,0.0,,,0.0,0.0,True,False,0.09500983119847534,4.28,5.0,0.0,,E2,C1+P1,T1,1034,3.898577928543091
0.7916666666666666,0.0,1.0,,0.46999999999999975,0.0,0.0,,,0.0,0.0,True,False,0.1359546514711806,4.683333333333334,6.0,0.0,,E2,C1+P1,T1,1035,3.9331820011138916
1.0,0.0,1.0,,1.2374277053191474,0.0,0.0,,,0.0,0.0,True,True,0.14847165488063283,0.0,1.0,0.0,,E2,C1+P1,T1,1036,3.9872639179229736
1.0,0.0,1.0,,1.158587950992506,0.0,0.0,,,0.0,0.0,True,True,0.09013937287612599,0.0,3.0,0.0,,E2,C1+P1,T1,1037,3.8274381160736084
0.665,0.0,1.0,,0.473909975735076,0.0,0.0,,,0.0,0.0,True,False,0.15402695931882435,12.38,5.0,0.0,,E2,C1+P1,T1,1038,4.150253057479858
0.5266666666666666,0.0,0.9,0.4699999999999996,1.2086525738000604,0.0,2.0,0.5,15.700000000000001,0.0,0.0,False,False,0.06978863378887909,2.6750000000000003,4.0,0.0,,E2,C1+P1,T1,1039,3.4482369422912598
0.81,0.0,1.0,,0.46999999999999964,0.0,0.0,,,0.0,0.0,True,True,0.11499435682433616,5.8500000000000005,4.0,0.0,,E2,C1+P1,T1,1040,4.058650016784668
0.6383333333333333,0.0,1.0,4.020879830377734,0.4707583883647316,0.0,0.0,,,0.0,0.0,True,False,0.12265449661385576,7.075000000000001,4.0,0.0,,E2,C1+P1,T1,1041,3.981624126434326
1.0,0.0,1.0,,1.162425495730498,0.0,0.0,,,0.0,0.0,True,True,0.09006543925588349,0.0,2.0,0.0,,E2,C1+P1,T1,1042,3.8040099143981934
0.885,0.0,1.0,8.915510570415863,0.4700000000000005,0.0,0.0,,,0.0,0.0,True,True,0.09833757156831557,4.04,5.0,0.0,,E2,C1+P1,T1,1043,4.12722373008728
0.8633333333333333,0.0,1.0,,0.4725385338681943,0.0,0.0,,,0.0,0.0,True,True,0.12910599483091528,6.125,4.0,0.0,,E2,C1+P1,T1,1044,3.756242036819458
0.8233333333333334,0.0,1.0,,0.4772631598641339,0.0,0.0,,,0.0,0.0,True,True,0.1667467044783623,3.4750000000000005,4.0,0.0,,E2,C1+P1,T1,1045,4.209801912307739
0.63,0.0,1.0,,0.4699999999999996,0.0,0.0,,,0.0,0.0,True,False,0.14405941403121456,9.225000000000001,4.0,0.0,,E2,C1+P1,T1,1046,3.991931915283203
0.715,0.0,0.9383333333333334,0.4699999999999996,0.4934278193012305,0.0,1.0,0.0,,0.0,0.0,False,False,0.1365987994524696,5.825000000000001,4.0,1.0,,E2,C1+P1,T1,1047,4.32169508934021
0.7466666666666667,0.0,1.0,,0.46999999999999964,0.0,0.0,,,0.0,0.0,True,False,0.13522324050498322,4.875,8.0,0.0,,E2,C1+P1,T1,1048,3.9857330322265625
0.9666666666666667,0.0,1.0,1.6945436075523104,0.751020935726147,0.0,0.0,,,0.0,0.0,True,True,0.1046126885922076,2.25,2.0,0.0,,E2,C1+P1,T1,1049,3.9518039226531982
0.675,0.0,1.0,,0.4699999999999995,0.0,0.0,,,0.0,0.0,True,False,0.16206713268262993,6.355555555555556,9.0,0.0,,E2,C1+P1,T2,1000,4.298372745513916
0.7833333333333333,0.0,1.0,,0.4798001820563081,0.0,0.0,,,0.0,0.0,True,False,0.14637108761548348,6.266666666666667,6.0,0.0,,E2,C1+P1,T2,1001,3.9126951694488525
0.865,0.0,0.9733333333333334,0.47,0.5160883484981488,0.0,0.0,,,0.0,0.0,True,True,0.12246436344214855,2.9200000000000004,5.0,1.0,,E2,C1+P1,T2,1002,4.336010932922363
0.7033333333333334,0.0,1.0,,0.4699999999999995,0.0,1.0,1.0,1.3,0.0,0.0,True,False,0.12285481438329267,5.844444444444445,9.0,0.0,,E2,C1+P1,T2,1003,3.80293607711792
0.735,0.0,0.93,0.46999999999999914,0.46999999999999975,0.0,1.0,1.0,6.800000000000001,0.0,0.0,True,False,0.12171363079208079,4.637500000000001,8.0,1.0,,E2,C1+P1,T2,1004,4.57337498664856
0.805,0.0,1.0,,0.4732731840970924,0.0,0.0,,,0.0,0.0,True,True,0.13630234337996905,3.0250000000000004,4.0,0.0,,E2,C1+P1,T2,1005,3.8773868083953857
0.745,0.0,1.0,1.9863831760661261,0.4987798661507888,0.0,0.0,,,0.0,0.0,True,False,0.18248988165991026,7.666666666666667,3.0,0.0,,E2,C1+P1,T2,1006,4.192134857177734
0.815,0.0,1.0,,0.4700000000000004,0.0,0.0,,,0.0,0.0,True,True,0.11838134506462401,4.066666666666667,6.0,0.0,,E2,C1+P1,T2,1007,3.764158010482788
0.8416666666666667,0.0,0.8666666666666667,0.46999999999999964,0.48373059186046713,0.0,2.0,1.0,3.5500000000000003,0.0,0.0,True,True,0.08956897788199515,0.7250000000000001,8.0,3.0,,E2,C1+P1,T2,1008,3.9006669521331787
,,,,,,,,,,,,,,,,,RuntimeError('T2 seed 1009: T2 placement failed'),E2,C1+P1,T2,1009,0.6683750152587891
0.9783333333333334,0.0,0.9616666666666667,0.46999999999999936,0.9659495325334454,0.0,0.0,,,0.0,0.0,True,True,0.1725354830376656,1.366666666666667,3.0,0.0,,E2,C1+P1,T2,1010,4.009443759918213
,,,,,,,,,,,,,,,,,RuntimeError('T2 seed 1011: T2 placement failed'),E2,C1+P1,T2,1011,0.25191473960876465
0.785,0.0,1.0,,0.4699999999999993,0.0,0.0,,,0.0,0.0,True,False,0.1256949868932044,4.3500000000000005,6.0,0.0,,E2,C1+P1,T2,1012,3.5773231983184814
0.5083333333333333,0.0,1.0,1.2000888449013438,0.4758323495863009,0.0,0.0,,,0.0,0.0,True,False,0.15820772086916696,7.75,4.0,0.0,,E2,C1+P1,T2,1013,5.009562969207764
0.87,0.0,1.0,,0.474170189933332,0.0,0.0,,,0.0,0.0,True,True,0.12095430332580062,5.3999999999999995,3.0,0.0,,E2,C1+P1,T2,1014,4.0537109375
,,,,,,,,,,,,,,,,,RuntimeError('T2 seed 1015: T2 placement failed'),E2,C1+P1,T2,1015,0.5144691467285156
0.7416666666666667,0.0,1.0,,0.4747798947139792,0.0,0.0,,,0.0,0.0,True,False,0.16856171758360902,7.2,6.0,0.0,,E2,C1+P1,T2,1016,4.706795692443848
0.8383333333333334,1.0,0.975,0.46999999999999975,0.46999999999999953,0.0,0.0,,,0.0,0.0,True,False,0.11745823670573924,3.3,8.0,0.0,,E2,C1+P1,T2,1017,5.010998964309692
0.8266666666666667,0.0,0.9533333333333334,0.46408508668792137,0.48487474146740583,0.0,1.0,1.0,1.4000000000000001,0.0,0.0,True,True,0.15777463078129433,4.05,8.0,1.0,,E2,C1+P1,T2,1018,5.217320919036865
0.72,0.0,0.92,0.4699999999999998,0.4711617411233159,0.0,1.0,1.0,1.9000000000000001,0.0,0.0,True,False,0.13975702243561422,6.92,5.0,0.0,,E2,C1+P1,T2,1019,4.569457054138184
0.8633333333333333,0.0,1.0,,0.49940821753896736,0.0,0.0,,,0.0,0.0,True,True,0.172124408458282,5.4,4.0,0.0,,E2,C1+P1,T2,1020,5.115128993988037
0.7183333333333334,0.0,1.0,,0.46999999999999975,0.0,0.0,,,0.0,0.0,True,False,0.12922876674255354,6.5200000000000005,5.0,0.0,,E2,C1+P1,T2,1021,4.477035999298096
0.785,0.0,0.99,0.4699999999999999,0.4700000000000001,0.0,0.0,,,0.0,0.0,True,False,0.16204386976128624,4.0200000000000005,10.0,0.0,,E2,C1+P1,T2,1022,5.064645767211914
0.815,0.0,1.0,0.6553733082768349,0.47942805121169246,0.0,0.0,,,0.0,0.0,True,True,0.14497358036819746,3.566666666666667,6.0,0.0,,E2,C1+P1,T2,1023,4.703131914138794
0.7166666666666667,0.0,1.0,,0.47360994181774463,0.0,0.0,,,0.0,0.0,True,False,0.15616520669777453,7.375,4.0,0.0,,E2,C1+P1,T2,1024,4.630500078201294
,,,,,,,,,,,,,,,,,RuntimeError('T2 seed 1025: T2 placement failed'),E2,C1+P1,T2,1025,0.18524527549743652
,,,,,,,,,,,,,,,,,RuntimeError('T2 seed 1026: T2 placement failed'),E2,C1+P1,T2,1026,0.43143200874328613
0.7616666666666667,0.0,1.0,2.7939719368702676,0.48849434968898187,0.0,0.0,,,0.0,0.0,True,False,0.16668054915769878,5.871428571428572,7.0,0.0,,E2,C1+P1,T2,1027,5.652354955673218
0.7933333333333333,0.0,1.0,,0.4798804756519592,0.0,0.0,,,0.0,0.0,True,False,0.16933605454046072,4.8,7.0,0.0,,E2,C1+P1,T2,1028,4.842241048812866
,,,,,,,,,,,,,,,,,RuntimeError('T2 seed 1029: T2 placement failed'),E2,C1+P1,T2,1029,0.6963188648223877
0.5783333333333334,0.0,1.0,1.3185982936694638,0.47000000000000014,0.0,0.0,,,0.0,0.0,True,False,0.16381073634013618,14.84,5.0,0.0,,E2,C1+P1,T2,1030,4.456263303756714
0.5983333333333334,0.0,1.0,,0.48277881721270166,0.0,0.0,,,0.0,0.0,True,False,0.14973337139611007,12.850000000000001,2.0,0.0,,E2,C1+P1,T2,1031,3.965435266494751
0.7,0.0,1.0,1.3734309714034203,0.4915235990863531,0.0,0.0,,,0.0,0.0,True,False,0.16946868921422886,7.175000000000001,4.0,0.0,,E2,C1+P1,T2,1032,4.591850996017456
0.7416666666666667,0.0,1.0,,0.46999999999999975,0.0,0.0,,,0.0,0.0,True,False,0.15498639068601397,4.24,5.0,0.0,,E2,C1+P1,T2,1033,4.620327949523926
0.75,0.0,1.0,,0.4699999999999994,0.0,0.0,,,0.0,0.0,True,False,0.13145895077037434,6.799999999999999,7.0,0.0,,E2,C1+P1,T2,1034,4.070323944091797
0.765,0.0,1.0,,0.4699999999999995,0.0,0.0,,,0.0,0.0,True,False,0.15129121830953932,4.425000000000001,8.0,0.0,,E2,C1+P1,T2,1035,5.0025999546051025
0.8066666666666666,0.0,0.9683333333333334,0.4699999999999996,0.4948921776545856,0.0,0.0,,,0.0,0.0,True,True,0.17163312848639253,4.9,5.0,0.0,,E2,C1+P1,T2,1036,4.255496978759766
0.7283333333333334,0.0,1.0,,0.4699999999999995,0.0,0.0,,,0.0,0.0,True,False,0.16433786557941402,7.483333333333333,6.0,0.0,,E2,C1+P1,T2,1037,4.654639720916748
0.6066666666666667,0.0,0.9283333333333333,0.46999999999999964,0.47606276830913846,0.0,0.0,,,0.0,0.0,True,False,0.1490307049511351,10.300000000000002,9.0,0.0,,E2,C1+P1,T2,1038,4.352468967437744
0.875,0.0,1.0,,0.47774333909771494,0.0,0.0,,,0.0,0.0,True,True,0.12387248688054452,3.0142857142857147,7.0,0.0,,E2,C1+P1,T2,1039,4.589422941207886
0.825,0.0,1.0,,0.47371049611802385,0.0,2.0,1.0,2.6500000000000004,0.0,0.0,True,True,0.1364042648062283,4.500000000000001,7.0,0.0,,E2,C1+P1,T2,1040,4.208885908126831
0.9066666666666666,0.0,1.0,,0.49978891355400984,0.0,0.0,,,0.0,0.0,True,True,0.11900317858102329,2.8000000000000003,7.0,0.0,,E2,C1+P1,T2,1041,4.623857021331787
,,,,,,,,,,,,,,,,,RuntimeError('T2 seed 1042: T2 placement failed'),E2,C1+P1,T2,1042,0.26573991775512695
0.7583333333333333,0.0,1.0,,0.4699999999999996,0.0,0.0,,,0.0,0.0,True,False,0.12836354442435807,4.58,10.0,0.0,,E2,C1+P1,T2,1043,4.331138849258423
0.47333333333333333,0.0,1.0,,1.314755090131457,0.0,1.0,0.0,,0.0,0.0,False,False,0.044838007775671936,9.225000000000001,4.0,0.0,,E2,C1+P1,T2,1044,2.530031204223633
0.8416666666666667,0.0,1.0,,0.5037000322421341,0.0,0.0,,,0.0,0.0,True,True,0.1883427976869707,5.550000000000001,2.0,0.0,,E2,C1+P1,T2,1045,4.7270941734313965
0.7166666666666667,0.0,0.9783333333333334,0.4699999999999998,0.46999999999999964,0.0,0.0,,,0.0,0.0,True,False,0.14700132853741787,4.7125,8.0,0.0,,E2,C1+P1,T2,1046,4.775500059127808
0.5616666666666666,0.0,1.0,,0.48088000355774174,0.0,0.0,,,0.0,0.0,True,False,0.1403946754045425,15.450000000000001,2.0,0.0,,E2,C1+P1,T2,1047,3.810967206954956
0.5833333333333334,0.0,1.0,,0.47000000000000003,0.0,0.0,,,0.0,0.0,True,False,0.13988304057061204,5.25,8.0,0.0,,E2,C1+P1,T2,1048,4.29338002204895
0.8116666666666666,0.0,0.9716666666666667,0.4699999999999997,0.4700000000000004,0.0,0.0,,,0.0,0.0,True,True,0.1257718599891063,3.828571428571429,7.0,0.0,,E2,C1+P1,T2,1049,4.276371002197266
0.915,0.0,1.0,0.7947327377442743,0.47702290344625786,0.0,0.0,,,0.0,0.0,True,True,0.13476410671293126,4.8,3.0,0.0,,E2,C1+P1,T3,1000,4.4544548988342285
0.9483333333333334,0.0,1.0,0.6199021111859513,0.6318646775586438,0.0,0.0,,,0.0,0.0,True,True,0.14216993853724574,1.7333333333333334,3.0,0.0,,E2,C1+P1,T3,1001,4.373367071151733
0.97,0.0,1.0,0.8350726250532334,0.8773997007679355,0.0,0.0,,,0.0,0.0,True,True,0.13920563523660517,1.8,2.0,0.0,,E2,C1+P1,T3,1002,3.8879828453063965
0.9466666666666667,0.0,0.925,0.46999999999999914,0.7835339535762097,0.0,0.0,,,0.0,0.0,True,True,0.1240451877404012,0.8,5.0,1.0,,E2,C1+P1,T3,1003,5.018585920333862
0.8433333333333334,0.0,1.0,0.6820429244880332,0.47000000000000003,0.0,0.0,,,0.0,0.0,True,True,0.17417394927278138,5.279999999999999,5.0,1.0,,E2,C1+P1,T3,1004,4.102104902267456
0.6216666666666667,1.0,0.95,0.4699999999999989,0.5177612724924399,0.0,2.0,1.0,8.9,0.0,0.0,True,False,0.07329191964476559,2.3000000000000003,3.0,1.0,,E2,C1+P1,T3,1005,4.42902398109436
,,,,,,,,,,,,,,,,,RuntimeError('T3 seed 1006: no straight run found'),E2,C1+P1,T3,1006,0.288006067276001
1.0,0.0,1.0,0.5615290757377205,1.1214956953511122,0.0,0.0,,,0.0,0.0,True,True,0.158336232988503,0.0,1.0,0.0,,E2,C1+P1,T3,1007,4.099213123321533
0.8716666666666667,0.0,0.9633333333333334,0.46999999999999953,0.4816779468459944,0.0,0.0,,,0.0,0.0,True,True,0.17720846531709541,4.4799999999999995,5.0,5.0,,E2,C1+P1,T3,1008,3.9156901836395264
0.13,0.0,1.0,0.6539962617877089,0.6118767857601318,0.0,4.0,0.0,,3.0,0.15,False,False,0.02444533716712524,12.3,5.0,1.0,,E2,C1+P1,T3,1009,3.1396501064300537
0.16166666666666665,0.0,1.0,0.8687010055397217,0.8115535831020586,0.0,7.0,0.0,,3.0,0.14333333333333334,False,False,0.036344955994795085,23.400000000000006,3.0,0.0,,E2,C1+P1,T3,1010,2.498386859893799
0.885,0.0,1.0,0.8787174127460827,0.469999999999999,0.0,0.0,,,0.0,0.0,True,True,0.1571019979459305,4.46,5.0,0.0,,E2,C1+P1,T3,1011,5.223912000656128
0.815,0.0,1.0,1.3699072953941656,0.4700000000000002,0.0,0.0,,,0.0,0.0,True,True,0.13495883616291396,7.7,2.0,0.0,,E2,C1+P1,T3,1012,5.475854873657227
0.9466666666666667,0.0,1.0,1.1005923818240253,0.5052177835074095,0.0,0.0,,,0.0,0.0,True,True,0.12889976175964662,2.35,2.0,0.0,,E2,C1+P1,T3,1013,4.273051023483276
1.0,0.0,1.0,0.7028795369532932,1.0613351356490903,0.0,0.0,,,0.0,0.0,True,True,0.14963076050359672,0.0,1.0,0.0,,E2,C1+P1,T3,1014,5.115787029266357
0.9816666666666667,0.0,1.0,1.6664157375668085,0.9084139650587867,0.0,0.0,,,0.0,0.0,True,True,0.10878796522317266,0.62,5.0,0.0,,E2,C1+P1,T3,1015,4.362619876861572
0.855,0.0,0.9966666666666667,0.4837108788567769,0.4761389869327084,0.0,0.0,,,0.0,0.0,True,True,0.1487365491914807,3.066666666666667,6.0,1.0,,E2,C1+P1,T3,1016,4.71273398399353
0.94,0.0,1.0,1.0420611425811726,0.5287957949229444,0.0,0.0,,,0.0,0.0,True,True,0.14026629554126546,5.5,1.0,2.0,,E2,C1+P1,T3,1017,4.567529916763306
0.935,1.0,0.9666666666666667,0.4699999999999994,0.4847976533073874,0.0,0.0,,,0.0,0.0,True,False,0.13446018295133472,1.04,5.0,2.0,,E2,C1+P1,T3,1018,4.934286117553711
0.95,0.0,1.0,1.491734557493608,0.5159675855967675,0.0,0.0,,,0.0,0.0,True,True,0.13474481290184714,4.7,1.0,0.0,,E2,C1+P1,T3,1019,4.622000694274902
0.9433333333333334,0.0,1.0,0.7313743890426295,0.5159152876185396,0.0,0.0,,,0.0,0.0,True,True,0.1547256156297884,2.6500000000000004,2.0,0.0,,E2,C1+P1,T3,1020,4.502631902694702
0.975,0.0,1.0,1.371589809426758,0.8829894943104856,0.0,0.0,,,0.0,0.0,True,True,0.20130610268734028,0.0,1.0,0.0,,E2,C1+P1,T3,1021,4.865063905715942
1.0,0.0,1.0,0.5444371841118815,1.359270044938158,0.0,0.0,,,0.0,0.0,True,True,0.1811665686941075,,0.0,0.0,,E2,C1+P1,T3,1022,4.4524149894714355
0.89,0.0,1.0,0.8939660995385286,0.4903036177399516,0.0,0.0,,,0.0,0.0,True,True,0.16240934544795083,4.3500000000000005,4.0,1.0,,E2,C1+P1,T3,1023,4.42149806022644
0.11166666666666666,0.0,1.0,1.593395018258431,0.6274528225263347,0.0,1.0,0.0,,4.0,0.17333333333333334,False,False,0.04349859049520758,43.800000000000004,3.0,3.0,,E2,C1+P1,T3,1024,2.9165120124816895
0.9316666666666666,0.0,1.0,1.1986272271376086,0.5896611754752988,0.0,1.0,1.0,3.2,0.0,0.0,True,True,0.13043816227554622,3.0,2.0,1.0,,E2,C1+P1,T3,1025,4.385840892791748
0.8666666666666667,0.0,0.9783333333333334,0.4763501021229016,0.49050572356513766,0.0,2.0,1.0,4.2,0.0,0.0,True,True,0.12875696809241924,1.9000000000000001,6.0,3.0,,E2,C1+P1,T3,1026,4.5489208698272705
0.87,0.0,1.0,1.3038836444371789,0.47,0.0,0.0,,,0.0,0.0,True,True,0.14497812087044956,3.4,6.0,1.0,,E2,C1+P1,T3,1027,4.4872777462005615
0.98,0.0,0.9916666666666667,0.46999999999999986,0.9380758571189527,0.0,1.0,1.0,2.1,0.0,0.0,True,True,0.1361487065465454,0.75,6.0,7.0,,E2,C1+P1,T3,1028,4.2230048179626465
1.0,0.0,1.0,1.5388106608816434,1.1898858610152676,0.0,0.0,,,0.0,0.0,True,True,0.1339878662487267,0.0,3.0,3.0,,E2,C1+P1,T3,1029,4.6565330028533936
0.8983333333333333,0.0,0.9816666666666667,0.46999999999999953,0.4872204295374782,0.0,0.0,,,0.0,0.0,True,True,0.1521460612891286,4.800000000000001,3.0,0.0,,E2,C1+P1,T3,1030,4.347404956817627
0.9566666666666667,0.0,1.0,0.6639857814420024,0.6032147854919261,0.0,1.0,1.0,1.5,0.0,0.0,True,True,0.120754025775874,2.25,2.0,0.0,,E2,C1+P1,T3,1031,4.716198921203613
0.9366666666666666,0.0,1.0,1.1930970230010238,0.5146069191083893,0.0,0.0,,,0.0,0.0,True,True,0.15204454529636893,1.8333333333333333,3.0,2.0,,E2,C1+P1,T3,1032,4.881666898727417
1.0,0.0,1.0,0.6474976566423988,1.206897143142767,0.0,0.0,,,0.0,0.0,True,True,0.148793539849517,0.0,1.0,0.0,,E2,C1+P1,T3,1033,4.54315710067749
1.0,0.0,1.0,0.7883396855383887,1.2573314322192,0.0,0.0,,,0.0,0.0,True,True,0.11389323135108394,0.0,2.0,0.0,,E2,C1+P1,T3,1034,4.217344045639038
0.965,0.0,1.0,1.6553449873073929,0.7146565937736856,0.0,0.0,,,0.0,0.0,True,True,0.1473520936307049,1.4666666666666668,3.0,0.0,,E2,C1+P1,T3,1035,4.580268859863281
0.975,2.0,0.9383333333333334,0.46999999999999925,0.8522506278000049,0.0,0.0,,,0.0,0.0,True,False,0.10705212385235106,0.9,4.0,1.0,,E2,C1+P1,T3,1036,4.512628078460693
0.8633333333333333,0.0,1.0,0.7046910360101719,0.4700000000000001,0.0,0.0,,,0.0,0.0,True,True,0.15040556445911127,4.700000000000001,4.0,0.0,,E2,C1+P1,T3,1037,4.553110837936401
0.9966666666666667,0.0,1.0,1.5979828048767217,0.9966371176172049,0.0,0.0,,,0.0,0.0,True,True,0.11673866326151179,1.5,2.0,0.0,,E2,C1+P1,T3,1038,4.449961423873901
0.855,0.0,0.985,0.46999999999999953,0.47000000000000053,0.0,0.0,,,0.0,0.0,True,True,0.1382080811646452,3.2600000000000002,5.0,0.0,,E2,C1+P1,T3,1039,4.456223011016846
0.9166666666666666,0.0,1.0,1.2339810588548648,0.7724399353523642,0.0,1.0,1.0,4.800000000000001,0.0,0.0,True,True,0.14863851953199061,7.800000000000001,1.0,0.0,,E2,C1+P1,T3,1040,4.444146156311035
0.9733333333333334,0.0,0.9333333333333333,0.4699999999999995,1.2774442564931048,0.0,1.0,0.0,,0.0,0.0,False,False,0.13966415178876063,0.0,3.0,2.0,,E2,C1+P1,T3,1041,4.5994720458984375
0.9633333333333334,3.0,0.97,0.4699999999999997,0.6314575399503096,0.0,0.0,,,0.0,0.0,True,False,0.12853779071407087,3.7,1.0,0.0,,E2,C1+P1,T3,1042,4.771515846252441
1.0,1.0,0.965,0.46999999999999925,1.1558711504615107,0.0,0.0,,,0.0,0.0,True,False,0.1563709117135526,0.0,5.0,3.0,,E2,C1+P1,T3,1043,4.570138216018677
0.9283333333333333,0.0,0.9733333333333334,0.46999999999999903,0.5137802872498781,0.0,0.0,,,0.0,0.0,True,True,0.144655392758571,6.1000000000000005,1.0,0.0,,E2,C1+P1,T3,1044,4.055591344833374
0.925,0.0,1.0,1.1554507068337794,0.6270931264369223,0.0,0.0,,,0.0,0.0,True,True,0.13981865890426926,2.1,4.0,1.0,,E2,C1+P1,T3,1045,4.725293159484863
0.9333333333333333,0.0,1.0,1.1425820870820214,0.5544793474516766,0.0,0.0,,,0.0,0.0,True,True,0.14760944089964564,2.3500000000000005,4.0,5.0,,E2,C1+P1,T3,1046,4.055683135986328
0.9466666666666667,0.0,1.0,1.135680003975557,0.5443073096700602,0.0,0.0,,,0.0,0.0,True,True,0.1496756971376329,1.6000000000000003,3.0,4.0,,E2,C1+P1,T3,1047,4.234560966491699
0.9616666666666667,0.0,1.0,0.7907162838320834,0.6319487572229507,0.0,0.0,,,0.0,0.0,True,True,0.12012981669474802,1.0,4.0,0.0,,E2,C1+P1,T3,1048,3.860853910446167
0.885,0.0,1.0,0.7736209399841107,0.4700000000000003,0.0,0.0,,,0.0,0.0,True,True,0.13041190506156594,6.366666666666667,3.0,0.0,,E2,C1+P1,T3,1049,4.344732046127319
0.9716666666666667,0.0,0.9933333333333333,0.4700000000000003,0.8481825801795758,0.0,0.0,,,0.0,0.0,True,True,0.13031271298950128,1.2333333333333334,3.0,0.0,,E2,C1+P1,T4,1000,3.842028856277466
0.7916666666666666,1.0,0.83,0.46783315943517795,0.4946414572397275,0.0,1.0,1.0,1.5,0.0,0.0,True,False,0.14826560892261803,2.7111111111111112,9.0,1.0,,E2,C1+P1,T4,1001,4.296555042266846
0.955,0.0,1.0,2.055609851522741,0.5929113778801973,0.0,0.0,,,0.0,0.0,True,True,0.11196012872190703,1.4333333333333333,3.0,0.0,,E2,C1+P1,T4,1002,3.644458770751953
0.9066666666666666,0.0,1.0,0.819868340699687,0.46999999999999936,0.0,0.0,,,0.0,0.0,True,True,0.12761497815258446,3.725,4.0,0.0,,E2,C1+P1,T4,1003,4.479864120483398
0.665,1.0,0.835,0.4699999999999995,0.48004729614768527,0.0,2.0,0.5,1.8,0.0,0.0,False,False,0.1264559288555503,3.5142857142857147,14.0,1.0,,E2,C1+P1,T4,1004,3.218552827835083
0.635,0.0,0.9783333333333334,0.47000000000000053,0.46999999999999975,0.0,2.0,1.0,6.1000000000000005,0.0,0.0,True,False,0.09149973142955077,7.933333333333334,6.0,0.0,,E2,C1+P1,T4,1005,4.218961000442505
0.8716666666666667,0.0,0.9583333333333334,0.46999999999999975,0.5346647129669296,0.0,1.0,1.0,2.7,0.0,0.0,True,True,0.17027286484674273,1.5125000000000002,8.0,0.0,,E2,C1+P1,T4,1006,4.2814929485321045
0.8466666666666667,0.0,1.0,0.8250106859711036,0.5142059164869532,0.0,0.0,,,0.0,0.0,True,True,0.14292132482775627,3.3400000000000007,5.0,0.0,,E2,C1+P1,T4,1007,4.790355920791626
0.7633333333333333,1.0,0.93,0.4699999999999996,0.4699999999999996,0.0,1.0,1.0,2.0,0.0,0.0,True,False,0.13419582136632677,3.1454545454545455,11.0,3.0,,E2,C1+P1,T4,1008,4.341875076293945
1.0,0.0,0.9733333333333334,0.46999999999999986,1.438367271232533,0.0,0.0,,,0.0,0.0,True,True,0.19513731050135558,0.0,2.0,0.0,,E2,C1+P1,T4,1009,4.722407817840576
1.0,0.0,1.0,4.388205764099546,1.2599828325330458,0.0,0.0,,,0.0,0.0,True,True,0.1384358180371141,0.0,1.0,0.0,,E2,C1+P1,T4,1010,4.689817190170288
0.9633333333333334,0.0,1.0,2.842392063060266,0.7604323600989386,0.0,0.0,,,0.0,0.0,True,True,0.1526741485628122,1.3,3.0,0.0,,E2,C1+P1,T4,1011,4.433843374252319
0.665,0.0,0.9366666666666666,0.46999999999999964,0.4699999999999992,0.0,0.0,,,0.0,0.0,True,False,0.11828538973812702,6.0,12.0,3.0,,E2,C1+P1,T4,1012,4.529817819595337
0.7783333333333333,0.0,0.9566666666666667,0.4699999999999996,0.4699999999999999,0.0,0.0,,,0.0,0.0,True,False,0.15327909489760075,4.200000000000001,10.0,0.0,,E2,C1+P1,T4,1013,4.487782955169678
0.9083333333333333,1.0,0.93,0.4699999999999998,0.5018662873456283,0.0,1.0,1.0,3.8000000000000003,0.0,0.0,True,False,0.1096686040590243,2.8800000000000003,5.0,0.0,,E2,C1+P1,T4,1014,4.646679162979126
0.7983333333333333,0.0,0.93,0.4699999999999996,0.5002456687063136,0.0,0.0,,,0.0,0.0,True,False,0.1434010326699952,2.9714285714285715,7.0,0.0,,E2,C1+P1,T4,1015,4.566265106201172
0.785,0.0,1.0,1.1362237259158188,0.4921910071674313,0.0,0.0,,,0.0,0.0,True,False,0.1399058736733206,7.58,5.0,0.0,,E2,C1+P1,T4,1016,4.53598690032959
0.6783333333333333,0.0,0.9316666666666666,0.46999999999999964,0.4700000000000003,0.0,0.0,,,0.0,0.0,True,False,0.1417343367052561,4.7444444444444445,9.0,0.0,,E2,C1+P1,T4,1017,4.586156129837036
0.835,1.0,0.92,0.31820323962590114,0.5101184052216684,0.0,1.0,1.0,1.8,0.0,0.0,True,False,0.1633642614018377,2.400000000000001,7.0,1.0,,E2,C1+P1,T4,1018,4.590923070907593
0.5083333333333333,0.0,1.0,2.5595425033933847,0.46999999999999975,0.0,0.0,,,0.0,0.0,True,False,0.14297045529517546,12.700000000000001,7.0,0.0,,E2,C1+P1,T4,1019,4.303554058074951
0.32666666666666666,0.0,0.885,0.46999999999999986,1.3528254338247687,0.0,1.0,0.0,,0.0,0.0,False,False,0.03433655849918673,3.5,1.0,0.0,,E2,C1+P1,T4,1020,2.4935250282287598
0.9183333333333333,0.0,1.0,1.91985344200941,0.5361074295489844,0.0,0.0,,,0.0,0.0,True,True,0.16956609802654365,4.2,2.0,0.0,,E2,C1+P1,T4,1021,4.5213329792022705
0.845,0.0,1.0,3.286594087488136,0.4700000000000003,0.0,0.0,,,0.0,0.0,True,True,0.11804605151673432,5.1000000000000005,2.0,0.0,,E2,C1+P1,T4,1022,4.57578706741333
0.5783333333333334,0.0,0.6516666666666666,0.46999999999999914,0.46999999999999925,0.0,3.0,0.6666666666666666,3.1,0.0,0.0,False,False,0.1250740684652221,4.544444444444444,9.0,2.0,,E2,C1+P1,T4,1023,3.870598077774048
0.7316666666666667,0.0,0.9733333333333334,0.47000000000000003,0.4708649809531633,0.0,1.0,1.0,7.6000000000000005,0.0,0.01,True,False,0.10471975337201618,4.23,10.0,4.0,,E2,C1+P1,T4,1024,4.184630870819092
0.10333333333333333,0.0,1.0,0.5685916923192108,0.4700000000000003,0.0,2.0,0.0,,1.0,0.085,False,False,0.03303656744226551,9.537500000000001,8.0,0.0,,E2,C1+P1,T4,1025,2.903536796569824
0.45,0.0,0.7283333333333334,0.46999999999999903,0.47993585746042394,0.0,0.0,,,0.0,0.0,True,False,0.15749069878302446,22.0,3.0,0.0,,E2,C1+P1,T4,1026,4.06430196762085
0.8816666666666667,0.0,0.9616666666666667,0.46999999999999964,0.5017817323147076,0.0,1.0,1.0,2.4000000000000004,0.0,0.0,True,True,0.12179331303942888,1.616666666666667,6.0,5.0,,E2,C1+P1,T4,1027,4.43481707572937
0.955,0.0,1.0,0.8379690454503234,0.5597996323302185,0.0,0.0,,,0.0,0.0,False,False,0.14653734793248907,4.6000000000000005,1.0,0.0,,E2,C1+P1,T4,1028,3.7710940837860107
0.9016666666666666,0.0,0.9916666666666667,0.47000000000000014,0.487765592661096,0.0,1.0,1.0,1.2000000000000002,0.0,0.0,True,True,0.1316408906388934,2.3200000000000003,5.0,0.0,,E2,C1+P1,T4,1029,5.006040096282959
0.47833333333333333,0.0,0.7633333333333333,0.4699999999999994,0.47000000000000014,0.0,0.0,,,0.0,0.0,True,False,0.141356056371189,11.52857142857143,7.0,0.0,,E2,C1+P1,T4,1030,3.810546875
0.9566666666666667,0.0,1.0,1.774604901958194,0.790988164265243,0.0,0.0,,,0.0,0.0,True,True,0.19284285296532966,1.4200000000000002,5.0,1.0,,E2,C1+P1,T4,1031,5.1218249797821045
0.795,0.0,0.9933333333333333,0.4700000000000002,0.48131883335400594,0.0,0.0,,,0.0,0.0,True,False,0.14072280946790083,4.666666666666667,3.0,0.0,,E2,C1+P1,T4,1032,3.6217501163482666
0.6066666666666667,0.0,1.0,0.6603433655788337,1.5460004847022646,0.0,2.0,0.5,4.1000000000000005,0.0,0.0,False,False,0.078666468124241,4.3500000000000005,2.0,4.0,,E2,C1+P1,T4,1033,3.8158719539642334
0.6033333333333334,0.0,0.9433333333333334,0.46999999999999914,0.46999999999999925,0.0,0.0,,,0.0,0.0,True,False,0.11543580656857393,7.349999999999999,6.0,0.0,,E2,C1+P1,T4,1034,3.5046699047088623
0.6666666666666666,0.0,0.8433333333333334,0.45167006365509876,0.4699999999999997,0.0,5.0,1.0,4.8,0.0,0.01,True,False,0.11868006763392988,2.7714285714285714,7.0,4.0,,E2,C1+P1,T4,1035,4.58070969581604
0.6916666666666667,1.0,0.6533333333333333,0.46999999999999903,0.49927485023686113,0.0,3.0,0.3333333333333333,1.7000000000000002,0.0,0.018333333333333333,False,False,0.1423897078232004,2.4400000000000004,5.0,3.0,,E2,C1+P1,T4,1036,3.4009599685668945
0.76,0.0,0.9083333333333333,0.4699999999999997,0.47654539077251007,0.0,3.0,1.0,2.733333333333334,0.0,0.0,True,False,0.1302582822717365,3.1454545454545455,11.0,0.0,,E2,C1+P1,T4,1037,4.829154014587402
1.0,0.0,0.96,0.46999999999999903,1.3574636742798043,0.0,1.0,1.0,3.0,0.0,0.0,True,True,0.12321777337695361,0.0,3.0,0.0,,E2,C1+P1,T4,1038,3.9798080921173096
0.5733333333333334,0.0,0.8583333333333333,0.4699999999999997,0.46999999999999953,0.0,1.0,1.0,10.5,0.0,0.008333333333333333,True,False,0.12836062402748874,3.7833333333333345,12.0,4.0,,E2,C1+P1,T4,1039,4.771603107452393
0.725,0.0,0.6783333333333333,0.46653558962671077,0.4699999999999999,0.0,0.0,,,0.0,0.0,True,False,0.13358720511259015,4.177777777777778,9.0,0.0,,E2,C1+P1,T4,1040,4.0185840129852295
0.8116666666666666,0.0,1.0,1.2143526639312943,0.4715294803484358,0.0,0.0,,,0.0,0.0,True,True,0.14562400368923803,3.0250000000000004,8.0,0.0,,E2,C1+P1,T4,1041,4.739139080047607
0.9783333333333334,0.0,1.0,1.4906368272289934,0.9457234318406353,0.0,0.0,,,0.0,0.0,True,True,0.16304121413080383,1.9000000000000001,2.0,0.0,,E2,C1+P1,T4,1042,5.019052028656006
0.5666666666666667,1.0,0.8366666666666667,0.4699999999999992,0.4699999999999996,0.0,1.0,1.0,2.1,0.0,0.0,True,False,0.13618288888832614,9.180000000000001,5.0,0.0,,E2,C1+P1,T4,1043,5.73964786529541
0.75,0.0,0.8633333333333333,0.4699999999999994,0.4699999999999999,0.0,2.0,1.0,1.35,0.0,0.0,True,False,0.1988155526595778,5.142857142857143,7.0,8.0,,E2,C1+P1,T4,1044,4.495694160461426
0.20833333333333334,0.0,0.9383333333333334,0.4699999999999993,0.4794639993244066,0.0,1.0,1.0,5.9,0.0,0.021666666666666667,True,False,0.13078350803622266,8.485714285714286,7.0,1.0,,E2,C1+P1,T4,1045,5.742443084716797
0.6616666666666666,1.0,0.7616666666666667,0.4699999999999998,0.4700000000000001,0.0,3.0,1.0,4.866666666666667,0.0,0.0,True,False,0.11677803550146722,2.5625,8.0,5.0,,E2,C1+P1,T4,1046,4.278971195220947
0.7783333333333333,0.0,1.0,2.932143784677942,0.49545846987705877,0.0,0.0,,,0.0,0.0,True,False,0.18495129392795356,8.4,4.0,0.0,,E2,C1+P1,T4,1047,5.995274066925049
0.7133333333333334,0.0,1.0,0.6401916955158038,0.46999999999999964,0.0,0.0,,,0.0,0.0,True,False,0.14437298978010923,6.65,8.0,0.0,,E2,C1+P1,T4,1048,4.576678991317749
0.37666666666666665,0.0,0.8633333333333333,0.46999999999999914,0.4699999999999994,0.0,2.0,0.5,3.7,0.0,0.0,False,False,0.1636581378249289,6.342857142857143,7.0,0.0,,E2,C1+P1,T4,1049,5.703672170639038
0.7916666666666666,0.0,1.0,,0.47000000000000025,0.0,0.0,,,0.0,0.0,True,False,0.15667351610380723,5.022222222222222,9.0,0.0,,E2,C1+P1,T5,1000,4.141133069992065
0.7133333333333334,0.0,1.0,,0.46999999999999975,0.0,0.0,,,0.0,0.0,True,False,0.13850667747067594,4.472727272727273,11.0,0.0,,E2,C1+P1,T5,1001,5.819008111953735
0.72,0.0,1.0,,0.4754549564617373,0.0,0.0,,,0.0,0.0,True,False,0.12209825573414675,5.188888888888889,9.0,0.0,,E2,C1+P1,T5,1002,3.9535911083221436
0.6783333333333333,2.0,0.8083333333333333,0.36417697106377794,0.47000000000000053,0.0,2.0,1.0,1.85,0.0,0.0,True,False,0.13822768697411486,4.208333333333334,12.0,0.0,,E2,C1+P1,T5,1003,6.119823932647705
0.7416666666666667,0.0,0.8633333333333333,0.46999999999999953,0.4803787349607762,0.0,2.0,1.0,1.35,0.0,0.0,True,False,0.13798762303369577,3.1846153846153857,13.0,2.0,,E2,C1+P1,T5,1004,4.685473918914795
0.68,0.0,0.895,0.4699999999999994,0.49306189364856595,0.0,0.0,,,0.0,0.0,True,False,0.17474250353809592,3.890909090909091,11.0,0.0,,E2,C1+P1,T5,1005,5.3760340213775635
0.78,0.0,1.0,,0.4878179701670883,0.0,0.0,,,0.0,0.0,True,False,0.11896663479594217,4.140000000000001,5.0,0.0,,E2,C1+P1,T5,1006,5.024150133132935
0.7183333333333334,0.0,1.0,,0.46999999999999953,0.0,0.0,,,0.0,0.0,True,False,0.15924025079439308,5.088888888888889,9.0,0.0,,E2,C1+P1,T5,1007,4.9815380573272705
0.63,0.0,0.9866666666666667,0.46999999999999964,0.4699999999999993,0.0,0.0,,,0.0,0.0,True,False,0.12271475953400615,7.1625,8.0,3.0,,E2,C1+P1,T5,1008,4.120473861694336
0.7316666666666667,0.0,0.9983333333333333,0.49949427391648993,0.48839667748546095,0.0,0.0,,,0.0,0.0,True,False,0.15391851370650678,4.385714285714286,7.0,0.0,,E2,C1+P1,T5,1009,4.263684988021851
0.8316666666666667,1.0,0.9716666666666667,0.46999999999999964,0.5022111600703764,0.0,1.0,0.0,,0.0,0.0,True,False,0.14352500993250467,1.56,10.0,1.0,,E2,C1+P1,T5,1010,4.208391189575195
0.83,0.0,1.0,,0.4895339615263044,0.0,0.0,,,0.0,0.0,True,True,0.13124764946637066,3.1857142857142864,7.0,0.0,,E2,C1+P1,T5,1011,4.129616975784302
0.81,0.0,1.0,0.5033790232265012,0.4699999999999998,0.0,0.0,,,0.0,0.0,True,True,0.12669951825872636,3.4125,8.0,1.0,,E2,C1+P1,T5,1012,4.408395051956177
0.7533333333333333,0.0,1.0,,0.48177784972319626,0.0,0.0,,,0.0,0.0,True,False,0.11754316428405516,3.733333333333333,6.0,0.0,,E2,C1+P1,T5,1013,4.181456089019775
0.835,0.0,1.0,,0.4700000000000007,0.0,0.0,,,0.0,0.0,True,True,0.12317215859120906,2.3,5.0,0.0,,E2,C1+P1,T5,1014,4.22089695930481
0.7266666666666667,0.0,0.8416666666666667,0.4699999999999998,0.4700000000000001,0.0,1.0,1.0,5.2,0.0,0.0,True,False,0.15291002258473177,3.3,10.0,0.0,,E2,C1+P1,T5,1015,4.19668984413147
0.6516666666666666,0.0,1.0,1.0948384175372816,0.48720061659925157,0.0,0.0,,,0.0,0.0,True,False,0.1791660407433612,10.300000000000002,6.0,0.0,,E2,C1+P1,T5,1016,4.295243978500366
0.78,0.0,1.0,,0.4700000000000006,0.0,0.0,,,0.0,0.0,True,False,0.13057942704535763,3.2,10.0,0.0,,E2,C1+P1,T5,1017,4.1471638679504395
0.4666666666666667,0.0,1.0,,0.46999999999999975,0.0,0.0,,,0.0,0.0,True,False,0.16022969689488503,9.440000000000001,10.0,0.0,,E2,C1+P1,T5,1018,4.011408090591431
0.785,0.0,0.9583333333333334,0.4700000000000002,0.4700000000000001,0.0,0.0,,,0.0,0.0,True,False,0.15165015426585832,2.766666666666667,9.0,0.0,,E2,C1+P1,T5,1019,4.226887941360474
0.83,0.0,1.0,,0.5160026982662723,0.0,1.0,0.0,,0.0,0.0,False,False,0.13091136457861488,3.22,5.0,0.0,,E2,C1+P1,T5,1020,3.718796730041504
0.69,0.0,1.0,,0.47240523894736575,0.0,0.0,,,0.0,0.0,True,False,0.1524145874145565,5.722222222222223,9.0,0.0,,E2,C1+P1,T5,1021,4.469425916671753
0.8316666666666667,0.0,1.0,1.1236938957380762,0.4781357428086146,0.0,0.0,,,0.0,0.0,True,True,0.10830811348922292,2.842857142857143,7.0,0.0,,E2,C1+P1,T5,1022,4.043945789337158
0.7633333333333333,0.0,1.0,,0.46999999999999925,0.0,0.0,,,0.0,0.0,True,False,0.15895285619631455,4.220000000000001,10.0,0.0,,E2,C1+P1,T5,1023,4.2919700145721436
0.5016666666666667,0.0,0.955,0.4699999999999996,0.4700000000000004,0.0,2.0,0.0,,0.0,0.0,False,False,0.05485018093400152,8.9,8.0,0.0,,E2,C1+P1,T5,1024,3.1732099056243896
0.5816666666666667,0.0,1.0,,0.46999999999999964,0.0,0.0,,,0.0,0.0,True,False,0.12708453637450756,5.1000000000000005,7.0,0.0,,E2,C1+P1,T5,1025,4.410851001739502
0.8266666666666667,0.0,0.9583333333333334,0.46999999999999925,0.49691698554584873,0.0,0.0,,,0.0,0.0,True,True,0.14161657590720375,4.1,8.0,0.0,,E2,C1+P1,T5,1026,4.733360052108765
0.5883333333333334,0.0,0.9933333333333333,0.46999999999999986,0.478629602294809,0.0,0.0,,,0.0,0.0,True,False,0.14034470688522707,7.025,4.0,0.0,,E2,C1+P1,T5,1027,4.727787971496582
0.845,0.0,0.9083333333333333,0.46999999999999925,0.4706724070693328,0.0,1.0,1.0,1.7000000000000002,0.0,0.0,True,True,0.1374545657329028,2.475,8.0,0.0,,E2,C1+P1,T5,1028,4.414880037307739
0.7866666666666666,0.0,0.9866666666666667,0.4699999999999999,0.47,0.0,0.0,,,0.0,0.0,True,False,0.1253521656053482,4.622222222222224,9.0,3.0,,E2,C1+P1,T5,1029,4.757326126098633
0.73,0.0,1.0,0.9838017254864327,0.4724353993326185,0.0,0.0,,,0.0,0.0,True,False,0.12833055136446642,4.1125,8.0,5.0,,E2,C1+P1,T5,1030,4.435441017150879
0.8166666666666667,0.0,1.0,,0.5321503745609611,0.0,0.0,,,0.0,0.0,True,True,0.15679443703991303,2.9000000000000004,6.0,0.0,,E2,C1+P1,T5,1031,4.598509073257446
0.7783333333333333,0.0,1.0,,0.47621289207975753,0.0,0.0,,,0.0,0.0,True,False,0.16241145788418132,6.214285714285714,7.0,0.0,,E2,C1+P1,T5,1032,4.575865983963013
0.7616666666666667,0.0,1.0,,0.47,0.0,0.0,,,0.0,0.0,True,False,0.1487043650848556,4.155555555555556,9.0,0.0,,E2,C1+P1,T5,1033,4.873603105545044
0.6166666666666667,0.0,1.0,,0.4699999999999996,0.0,0.0,,,0.0,0.0,True,False,0.1332209874318339,6.263636363636365,11.0,0.0,,E2,C1+P1,T5,1034,4.498347997665405
0.6316666666666667,0.0,1.0,2.6844761396946972,0.46999999999999986,0.0,0.0,,,0.0,0.0,True,False,0.13526058535194524,5.014285714285714,7.0,0.0,,E2,C1+P1,T5,1035,4.876800060272217
0.7816666666666666,0.0,1.0,,0.473356728608309,0.0,0.0,,,0.0,0.0,True,False,0.15314637950320883,6.3,7.0,0.0,,E2,C1+P1,T5,1036,4.675666809082031
0.79,0.0,0.9166666666666666,0.4699999999999997,0.48755427842434473,0.0,0.0,,,0.0,0.0,True,False,0.167249368619042,2.575,8.0,0.0,,E2,C1+P1,T5,1037,4.7962260246276855
0.73,0.0,0.7183333333333334,0.4699999999999994,0.47465225539968386,0.0,2.0,1.0,5.0,0.0,0.0,True,False,0.12952708172790253,4.142857142857143,14.0,2.0,,E2,C1+P1,T5,1038,4.241945028305054
0.7833333333333333,0.0,1.0,1.3319075597773142,0.46999999999999953,0.0,1.0,1.0,1.7000000000000002,0.0,0.0,True,False,0.11276236904409144,3.9800000000000004,10.0,0.0,,E2,C1+P1,T5,1039,4.828001022338867
0.6933333333333334,0.0,1.0,1.0671111284118424,0.4699999999999997,0.0,0.0,,,0.0,0.0,True,False,0.1291332810668887,5.788888888888889,9.0,0.0,,E2,C1+P1,T5,1040,4.497381925582886
0.8116666666666666,0.0,0.9616666666666667,0.4699999999999995,0.4870027150517164,0.0,0.0,,,0.0,0.0,True,True,0.11874147219244338,2.7777777777777777,9.0,0.0,,E2,C1+P1,T5,1041,4.757321834564209
0.75,1.0,0.7583333333333333,0.3379187279883435,0.5125444328692641,0.0,1.0,0.0,,0.0,0.0,False,False,0.10109400983344156,3.0,6.0,0.0,,E2,C1+P1,T5,1042,3.808995246887207
0.5416666666666666,0.0,1.0,,0.46999999999999953,0.0,0.0,,,0.0,0.0,True,False,0.13504711743582207,5.7444444444444445,9.0,0.0,,E2,C1+P1,T5,1043,4.4939210414886475
0.6516666666666666,0.0,1.0,,0.4739437212387485,0.0,0.0,,,0.0,0.0,True,False,0.1619409006016659,4.588888888888889,9.0,0.0,,E2,C1+P1,T5,1044,4.041756868362427
0.8066666666666666,0.0,0.8666666666666667,0.4699999999999995,0.4989696089662901,0.0,2.0,1.0,4.4,0.0,0.0,True,True,0.14361897073537533,2.6125,8.0,1.0,,E2,C1+P1,T5,1045,4.769790172576904
0.55,1.0,0.9366666666666666,0.4699999999999996,0.47530228770193267,0.0,2.0,0.5,7.0,0.0,0.0,True,False,0.10453492313863025,4.5125,8.0,3.0,,E2,C1+P1,T5,1046,3.200468063354492
0.8466666666666667,0.0,0.98,0.4700000000000003,0.49230038385356517,0.0,1.0,1.0,2.0,0.0,0.0,True,True,0.13261195707192394,3.8375,8.0,0.0,,E2,C1+P1,T5,1047,4.610938787460327
0.8633333333333333,0.0,0.9866666666666667,0.4699999999999999,0.4822448599027352,0.0,1.0,1.0,1.2000000000000002,0.0,0.0,True,True,0.11121599070638186,1.7666666666666666,9.0,1.0,,E2,C1+P1,T5,1048,4.353146076202393
0.6216666666666667,0.0,1.0,,0.46999999999999975,0.0,0.0,,,0.0,0.0,True,False,0.10708719437335092,5.05,8.0,0.0,,E2,C1+P1,T5,1049,4.441839933395386
0.6766666666666666,2.0,0.41,0.4699999999999992,0.47541582567913526,0.0,2.0,1.0,2.35,0.0,0.0,True,False,0.1320767827055407,6.761538461538462,13.0,10.0,,E2,C1+P1,T6,1000,4.73025107383728
0.645,1.0,0.4083333333333333,0.46999999999999936,0.46999999999999986,0.0,3.0,0.3333333333333333,3.8000000000000003,0.0,0.0,False,False,0.0853200487327674,10.100000000000001,6.0,0.0,,E2,C1+P1,T6,1001,3.9156620502471924
0.3233333333333333,0.0,0.785,0.46999999999999914,1.3647955502471756,0.0,4.0,0.5,10.25,0.0,0.0,False,False,0.06296048133867824,18.1875,8.0,1.0,,E2,C1+P1,T6,1002,3.4516260623931885
0.2783333333333333,1.0,0.945,0.46999999999999914,1.4655140888382756,0.0,4.0,0.75,4.133333333333334,0.0,0.0,False,False,0.056693905322392636,8.02,5.0,0.0,,E2,C1+P1,T6,1003,3.2359390258789062
0.575,0.0,0.475,0.4699999999999991,0.477162474846929,0.0,3.0,0.6666666666666666,10.15,0.0,0.0,False,False,0.08356046786541399,3.077777777777778,9.0,2.0,,E2,C1+P1,T6,1004,4.095075845718384
0.30666666666666664,0.0,0.8566666666666667,0.4699999999999997,1.334619547609697,0.0,2.0,0.0,,0.0,0.0,False,False,0.05915740357421277,16.2,5.0,0.0,,E2,C1+P1,T6,1005,2.8009531497955322
0.7783333333333333,0.0,0.7866666666666666,0.46999999999999936,0.4720358696690134,0.0,2.0,1.0,5.8,0.0,0.0,True,False,0.12016874934351011,2.9083333333333337,12.0,1.0,,E2,C1+P1,T6,1006,4.227215051651001
0.7933333333333333,0.0,0.49666666666666665,0.4699999999999992,0.46999999999999936,0.0,2.0,1.0,4.85,0.0,0.0,True,False,0.12202159881832128,4.842857142857143,7.0,0.0,,E2,C1+P1,T6,1007,4.505634069442749
0.3883333333333333,1.0,0.7483333333333333,0.4699999999999994,1.6462215731429188,0.0,1.0,0.0,,0.0,0.0,False,False,0.058397056662701494,8.98,5.0,3.0,,E2,C1+P1,T6,1008,3.163064956665039
0.725,0.0,0.7633333333333333,0.469999999999999,0.5007101960440548,0.0,2.0,1.0,7.250000000000001,0.0,0.0,True,False,0.1227367391703348,4.781818181818182,11.0,4.0,,E2,C1+P1,T6,1009,4.277015686035156
0.3,0.0,0.7433333333333333,0.4699999999999989,1.3631387988559045,0.0,1.0,0.0,,0.0,0.0,False,False,0.06535659608130351,15.744444444444444,9.0,0.0,,E2,C1+P1,T6,1010,2.897706985473633
0.9866666666666667,2.0,0.15166666666666667,0.4699999999999991,0.9467889452009822,0.0,3.0,1.0,2.8000000000000003,0.0,0.0,True,False,0.12130977864273636,0.675,4.0,0.0,,E2,C1+P1,T6,1011,4.575597047805786
0.81,0.0,0.8283333333333334,0.4699999999999994,0.47000000000000003,0.0,1.0,1.0,3.1,0.0,0.0,True,True,0.12331201539497784,3.8375,8.0,7.0,,E2,C1+P1,T6,1012,4.4935057163238525
1.0,0.0,0.23166666666666666,0.46999999999999914,1.0051750489401732,0.0,1.0,1.0,3.4000000000000004,0.0,0.0,True,True,0.13842075685389266,0.0,5.0,0.0,,E2,C1+P1,T6,1013,5.462875843048096
0.945,1.0,0.25833333333333336,0.46999999999999936,0.490985494961352,0.0,0.0,,,0.0,0.0,True,False,0.138016585979936,1.4857142857142858,7.0,0.0,,E2,C1+P1,T6,1014,4.425973892211914
,,,,,,,,,,,,,,,,,RuntimeError('T6 seed 1015: T6 crowd placement failed'),E2,C1+P1,T6,1015,0.1584300994873047
0.8683333333333333,0.0,0.87,0.4699999999999995,1.0160645930442271,0.0,4.0,1.0,5.55,0.0,0.0,True,True,0.11299720867098906,0.9000000000000001,7.0,3.0,,E2,C1+P1,T6,1016,4.046885967254639
0.37666666666666665,0.0,0.6733333333333333,0.4699999999999996,1.4938754627160038,0.0,2.0,1.0,11.350000000000001,0.0,0.0,True,False,0.05173127829019858,15.55,2.0,0.0,,E2,C1+P1,T6,1017,4.342809200286865
0.8933333333333333,1.0,0.81,0.4699999999999992,0.5961959846543541,0.0,1.0,1.0,3.6,0.0,0.0,True,False,0.15565386290872532,3.425,8.0,0.0,,E2,C1+P1,T6,1018,4.673699855804443
0.8066666666666666,1.0,0.45,0.4699999999999993,0.5229844266210086,0.0,3.0,1.0,6.066666666666667,0.0,0.0,True,False,0.10613184955271197,3.7222222222222223,9.0,2.0,,E2,C1+P1,T6,1019,4.676958084106445
0.94,0.0,0.8083333333333333,0.46999999999999903,0.6614877965350149,0.0,2.0,1.0,2.9,0.0,0.0,True,True,0.161763722605074,0.7666666666666667,6.0,2.0,,E2,C1+P1,T6,1020,4.604458808898926
1.0,1.0,0.64,0.46999999999999914,1.3415394810372145,0.0,2.0,1.0,3.8,0.0,0.0,True,False,0.14372124248599333,0.0,8.0,0.0,,E2,C1+P1,T6,1021,5.008973121643066
0.9366666666666666,0.0,0.235,0.46999999999999925,0.5442201651817596,0.0,1.0,0.0,,0.0,0.0,False,False,0.09176147081951393,1.2857142857142858,7.0,2.0,,E2,C1+P1,T6,1022,5.072599172592163
0.7216666666666667,0.0,0.4766666666666667,0.4699999999999992,0.4699999999999997,0.0,2.0,1.0,7.2,0.0,0.0,True,False,0.11009842351244645,3.9363636363636356,11.0,12.0,,E2,C1+P1,T6,1023,5.11628532409668
0.54,1.0,0.7266666666666667,0.4699999999999996,0.490600688269948,0.0,1.0,1.0,14.9,0.0,0.0,True,False,0.11124076246604432,3.6333333333333337,9.0,3.0,,E2,C1+P1,T6,1024,4.972501039505005
1.0,0.0,0.57,0.4699999999999992,1.3717993626914051,0.0,1.0,1.0,1.7000000000000002,0.0,0.0,True,True,0.10996112075766847,0.0,4.0,3.0,,E2,C1+P1,T6,1025,5.061079740524292
0.87,1.0,0.7966666666666666,0.45781923443062045,0.9495363399012603,0.0,7.0,1.0,4.585714285714286,0.0,0.0,True,False,0.13077016846082062,1.4777777777777779,9.0,7.0,,E2,C1+P1,T6,1026,5.163516998291016
0.6483333333333333,1.0,0.6916666666666667,0.4699999999999993,0.46999999999999986,0.0,5.0,1.0,8.38,0.0,0.0,True,False,0.123979634676336,3.5300000000000002,10.0,1.0,,E2,C1+P1,T6,1027,4.570886135101318
1.0,1.0,0.37833333333333335,0.4699999999999995,1.1394073433899494,0.0,0.0,,,0.0,0.0,True,False,0.15574798050146213,0.0,4.0,0.0,,E2,C1+P1,T6,1028,5.380558967590332
0.33666666666666667,0.0,0.7466666666666667,0.46999999999999875,1.6843999502767997,0.0,3.0,0.3333333333333333,1.9000000000000001,0.0,0.0,False,False,0.04392988647214256,11.6,4.0,0.0,,E2,C1+P1,T6,1029,3.2283599376678467
0.92,0.0,0.28,0.4699999999999994,0.4895932930489895,0.0,0.0,,,0.0,0.0,True,True,0.1388247603712271,1.7000000000000002,9.0,0.0,,E2,C1+P1,T6,1030,5.72835373878479
1.0,0.0,0.5733333333333334,0.4628827462199826,1.0658930991187245,0.0,3.0,1.0,2.266666666666667,0.0,0.0,True,True,0.15844317043969286,0.0,8.0,6.0,,E2,C1+P1,T6,1031,4.328540086746216
,,,,,,,,,,,,,,,,,RuntimeError('T6 seed 1032: T6 crowd placement failed'),E2,C1+P1,T6,1032,0.21832919120788574
0.91,1.0,0.24833333333333332,0.4699999999999989,0.4699999999999992,0.0,3.0,0.6666666666666666,3.0500000000000003,0.0,0.0,False,False,0.11931337382020589,2.8833333333333333,6.0,4.0,,E2,C1+P1,T6,1033,5.6174070835113525
0.43,1.0,0.765,0.46999999999999925,0.46999999999999986,0.0,2.0,0.5,1.4000000000000001,0.0,0.0,False,False,0.05963233794502924,14.788888888888891,9.0,5.0,,E2,C1+P1,T6,1034,3.6967360973358154
0.52,0.0,0.6433333333333333,0.4699999999999994,0.47000000000000025,0.0,3.0,0.6666666666666666,8.0,0.0,0.0,False,False,0.08027829071033141,3.3166666666666664,6.0,3.0,,E2,C1+P1,T6,1035,3.6867001056671143
0.38666666666666666,0.0,0.6483333333333333,0.4699999999999992,1.5365542770021527,0.0,2.0,0.0,,0.0,0.0,False,False,0.07452721489904962,8.48,10.0,0.0,,E2,C1+P1,T6,1036,3.5183677673339844
1.0,0.0,0.5066666666666667,0.46999999999999925,1.181137177470411,0.0,2.0,1.0,2.85,0.0,0.0,True,True,0.15322362542169415,0.0,9.0,4.0,,E2,C1+P1,T6,1037,4.5195019245147705
1.0,0.0,0.6483333333333333,0.4699999999999995,1.2472359560558905,0.0,1.0,1.0,3.8000000000000003,0.0,0.0,True,True,0.13512655506564028,0.0,7.0,0.0,,E2,C1+P1,T6,1038,4.371439695358276
0.9116666666666666,0.0,0.395,0.46999999999999925,0.4781223868141759,0.0,0.0,,,0.0,0.0,True,True,0.12345952109073845,2.2333333333333334,6.0,0.0,,E2,C1+P1,T6,1039,4.858922004699707
1.0,0.0,0.775,0.46999999999999914,1.3434301372730126,0.0,0.0,,,0.0,0.0,True,True,0.11689232838750133,0.0,5.0,1.0,,E2,C1+P1,T6,1040,4.209211826324463
0.8283333333333334,2.0,0.4716666666666667,0.46999999999999953,0.5823450179196479,0.0,3.0,0.6666666666666666,2.25,0.0,0.0,False,False,0.1337569946081017,4.083333333333333,6.0,17.0,,E2,C1+P1,T6,1041,4.6117103099823
0.43833333333333335,0.0,0.635,0.469999999999999,1.3420609815841464,0.0,3.0,0.6666666666666666,2.6500000000000004,0.0,0.0,True,False,0.07542930967837876,8.025000000000002,8.0,1.0,,E2,C1+P1,T6,1042,3.059123992919922
0.7383333333333333,0.0,0.5083333333333333,0.46999999999999903,0.481439504831838,0.0,2.0,0.5,5.1000000000000005,0.0,0.0,False,False,0.09633489474952664,4.866666666666667,6.0,1.0,,E2,C1+P1,T6,1043,4.113932847976685
0.8466666666666667,0.0,0.565,0.46999999999999925,1.1656284277402311,0.0,4.0,1.0,4.625,0.0,0.0,True,True,0.13596547193774763,0.7777777777777778,9.0,4.0,,E2,C1+P1,T6,1044,4.207683086395264
0.8116666666666666,0.0,0.8116666666666666,0.4699999999999996,0.5396066671997428,0.0,2.0,1.0,6.800000000000001,0.0,0.0,True,True,0.12199235092513358,1.0555555555555556,9.0,1.0,,E2,C1+P1,T6,1045,4.424636125564575
0.585,1.0,0.5933333333333334,0.46999999999999914,0.46999999999999986,0.0,2.0,0.5,12.8,0.0,0.0,False,False,0.10829530888981448,2.6500000000000004,8.0,3.0,,E2,C1+P1,T6,1046,3.891073226928711
0.9116666666666666,1.0,0.805,0.4699999999999995,0.789974169750412,0.0,2.0,1.0,2.95,0.0,0.0,True,False,0.15917175246191032,0.6375000000000001,8.0,10.0,,E2,C1+P1,T6,1047,4.797032117843628
0.4116666666666667,0.0,0.6883333333333334,0.46999999999999964,0.4699999999999996,0.0,3.0,0.3333333333333333,2.7,0.0,0.0,False,False,0.04899324570573103,11.090909090909092,11.0,1.0,,E2,C1+P1,T6,1048,3.1053149700164795
0.44,0.0,0.5933333333333334,0.46999999999999914,1.8162632596183736,0.0,5.0,0.6,4.033333333333334,0.0,0.0,False,False,0.054413343516220854,10.066666666666668,3.0,4.0,,E2,C1+P1,T6,1049,3.3620188236236572
0.72,1.0,0.88,0.4699999999999998,0.47379186144970203,0.0,1.0,1.0,1.4000000000000001,0.0,0.0,True,False,0.13330869611183455,4.272727272727273,11.0,4.0,,E2,C1+P1,T7,1000,4.699161052703857
0.64,1.0,0.7466666666666667,0.46999999999999925,0.4358337639487497,0.0,2.0,0.0,,0.0,0.0,False,False,0.133901781898516,4.5600000000000005,5.0,6.0,,E2,C1+P1,T7,1001,4.626649856567383
1.0,0.0,1.0,,1.1867014858518892,0.0,0.0,,,0.0,0.0,True,True,0.1128704476587513,0.0,2.0,0.0,,E2,C1+P1,T7,1002,4.116852045059204
0.7216666666666667,1.0,0.8666666666666667,0.4303678941396706,0.46999999999999975,0.0,3.0,0.3333333333333333,2.2,0.0,0.0,False,False,0.10720230908258174,1.7083333333333333,12.0,1.0,,E2,C1+P1,T7,1003,4.234112977981567
0.8183333333333334,1.0,0.9383333333333334,0.4699999999999996,0.46999999999999986,0.0,2.0,1.0,1.9500000000000002,0.0,0.0,True,False,0.1384058615999007,2.1076923076923078,13.0,1.0,,E2,C1+P1,T7,1004,5.009444952011108
0.9116666666666666,0.0,1.0,,0.5402294680974838,0.0,0.0,,,0.0,0.0,True,True,0.15789318328682447,3.1500000000000004,2.0,0.0,,E2,C1+P1,T7,1005,3.7821619510650635
0.7616666666666667,0.0,0.9933333333333333,0.49368888938100486,0.4968444984499033,0.0,1.0,1.0,1.4000000000000001,0.0,0.0,True,False,0.15206891338073966,1.86,10.0,4.0,,E2,C1+P1,T7,1006,4.457560062408447
0.8433333333333334,0.0,1.0,,0.47000000000000025,0.0,1.0,1.0,1.7000000000000002,0.0,0.0,True,True,0.14146886904634645,3.34,5.0,0.0,,E2,C1+P1,T7,1007,3.6767396926879883
0.615,0.0,0.8383333333333334,0.46999999999999975,0.46999999999999975,0.0,2.0,0.0,,0.0,0.0,False,False,0.0934038708201777,4.783333333333334,6.0,3.0,,E2,C1+P1,T7,1008,4.138940811157227
0.9583333333333334,0.0,1.0,0.5284497569619925,0.6723576717635434,0.0,0.0,,,0.0,0.0,True,True,0.16001738795426604,5.0,1.0,0.0,,E2,C1+P1,T7,1009,4.0845911502838135
0.8716666666666667,0.0,0.95,0.4699999999999994,0.4958836757703223,0.0,1.0,1.0,1.6,0.0,0.0,True,True,0.16788538433904815,4.066666666666667,3.0,0.0,,E2,C1+P1,T7,1010,4.208256959915161
0.33166666666666667,1.0,0.76,0.46999999999999953,1.3589628587396263,0.0,2.0,0.5,2.4000000000000004,0.0,0.0,False,False,0.03972669129024159,13.0,5.0,0.0,,E2,C1+P1,T7,1011,2.729387044906616
0.93,0.0,0.995,0.4700000000000002,0.752514708732762,0.0,0.0,,,0.0,0.0,True,True,0.1167654559877437,0.9,5.0,1.0,,E2,C1+P1,T7,1012,4.441216945648193
0.73,0.0,1.0,,0.4831222512801376,0.0,0.0,,,0.0,0.0,True,False,0.18409323673352962,5.324999999999999,8.0,0.0,,E2,C1+P1,T7,1013,3.726125955581665
0.9333333333333333,0.0,0.975,0.47000000000000036,0.5098509692969864,0.0,0.0,,,0.0,0.0,True,True,0.14680949300002102,1.1625,8.0,0.0,,E2,C1+P1,T7,1014,4.313852071762085
0.475,1.0,0.9116666666666666,0.442231714765168,0.5079127964477346,0.0,3.0,0.3333333333333333,5.9,0.0,0.0,False,False,0.09763429790434151,3.85,6.0,1.0,,E2,C1+P1,T7,1015,3.1792221069335938
0.9783333333333334,0.0,1.0,5.441993058352012,0.8965522461761768,0.0,0.0,,,0.0,0.0,True,True,0.19279053238263325,3.8000000000000003,1.0,0.0,,E2,C1+P1,T7,1016,4.0975940227508545
0.825,0.0,0.8833333333333333,0.46999999999999914,0.4699999999999998,0.0,2.0,1.0,1.7000000000000002,0.0,0.0,True,True,0.1483063540401986,2.0,8.0,2.0,,E2,C1+P1,T7,1017,4.264009237289429
0.715,2.0,0.7866666666666666,0.46940990089638546,0.4848363718531837,0.0,2.0,1.0,5.0,0.0,0.0,True,False,0.09954094757965559,2.0250000000000004,8.0,1.0,,E2,C1+P1,T7,1018,3.620224952697754
0.7883333333333333,1.0,0.8716666666666667,0.4699999999999993,0.46999999999999986,0.0,2.0,1.0,2.1,0.0,0.0,True,False,0.13980312104620013,3.8454545454545457,11.0,3.0,,E2,C1+P1,T7,1019,4.503015041351318
0.5883333333333334,0.0,1.0,,0.49596321450665964,0.0,1.0,1.0,8.200000000000001,0.0,0.0,True,False,0.14101561295490414,11.3,5.0,0.0,,E2,C1+P1,T7,1020,3.418588876724243
0.39,0.0,1.0,4.820672688367536,0.47022074851650975,0.0,0.0,,,0.0,0.0,True,False,0.15791572786496147,13.300000000000002,3.0,0.0,,E2,C1+P1,T7,1021,4.539089918136597
0.9166666666666666,0.0,1.0,,0.4705770119067682,0.0,0.0,,,0.0,0.0,True,True,0.15828203433311291,1.8800000000000001,5.0,0.0,,E2,C1+P1,T7,1022,4.090087890625
0.7766666666666666,1.0,0.8783333333333333,0.46999999999999975,0.4765446784922291,0.0,2.0,1.0,6.6000000000000005,0.0,0.0,True,False,0.12892575247108687,3.1100000000000003,10.0,2.0,,E2,C1+P1,T7,1023,4.687631845474243
0.7116666666666667,1.0,0.6133333333333333,0.4699999999999991,0.4708231773470933,0.0,1.0,0.0,,0.0,0.0,True,False,0.15509622497161402,3.5222222222222226,9.0,1.0,,E2,C1+P1,T7,1024,4.176397800445557
0.665,1.0,0.7716666666666666,0.3983622745704437,0.4699999999999997,0.0,4.0,1.0,3.4000000000000004,0.0,0.0,True,False,0.13743290963892751,3.1142857142857143,14.0,8.0,,E2,C1+P1,T7,1025,4.883327007293701
0.7166666666666667,1.0,0.9033333333333333,0.46999999999999925,0.5480994286487855,0.0,1.0,0.0,,0.0,0.0,False,False,0.1585201780279961,2.330769230769231,13.0,2.0,,E2,C1+P1,T7,1026,4.435202121734619
0.8333333333333334,0.0,1.0,,0.4938137252455399,0.0,0.0,,,0.0,0.0,True,True,0.12934574937035703,4.94,5.0,0.0,,E2,C1+P1,T7,1027,4.483137130737305
0.6833333333333333,0.0,0.905,0.46999999999999914,0.4748050597042352,0.0,1.0,1.0,10.3,0.0,0.0,True,False,0.12559980706549936,3.3285714285714287,7.0,6.0,,E2,C1+P1,T7,1028,3.9675679206848145
1.0,0.0,1.0,0.778698239593088,1.4276894562428943,0.0,0.0,,,0.0,0.0,True,True,0.13697768324263346,0.0,2.0,0.0,,E2,C1+P1,T7,1029,5.377604722976685
0.8966666666666666,0.0,1.0,,0.46999999999999986,0.0,0.0,,,0.0,0.0,True,True,0.16465189649072157,4.375,4.0,0.0,,E2,C1+P1,T7,1030,4.204330921173096
1.0,0.0,1.0,,1.143328534435176,0.0,0.0,,,0.0,0.0,True,True,0.1440595015214293,0.0,3.0,0.0,,E2,C1+P1,T7,1031,4.6642842292785645
0.7233333333333334,0.0,0.9783333333333334,0.47122584396933964,0.4917131299375015,0.0,0.0,,,0.0,0.0,True,False,0.13916938450637387,10.450000000000001,2.0,0.0,,E2,C1+P1,T7,1032,4.728189945220947
0.8733333333333333,0.0,0.93,0.4699999999999999,0.5342223444928926,0.0,2.0,1.0,2.0,0.0,0.0,True,True,0.1384976888265346,1.5333333333333334,3.0,0.0,,E2,C1+P1,T7,1033,4.982807159423828
0.6266666666666667,0.0,0.8583333333333333,0.4699999999999995,0.46999999999999975,0.0,1.0,1.0,6.0,0.0,0.0,True,False,0.13721061832779163,2.5500000000000003,12.0,1.0,,E2,C1+P1,T7,1034,4.473208904266357
0.8616666666666667,0.0,0.9466666666666667,0.46999999999999986,0.46999999999999964,0.0,1.0,1.0,2.4000000000000004,0.0,0.0,True,True,0.12523750400713682,2.85,6.0,1.0,,E2,C1+P1,T7,1035,4.818565130233765
1.0,0.0,0.96,0.46999999999999964,1.402849537600594,0.0,0.0,,,0.0,0.0,True,True,0.1436426989064544,0.0,3.0,0.0,,E2,C1+P1,T7,1036,4.735428094863892
0.71,0.0,0.9066666666666666,0.46999999999999914,0.47948726008453035,0.0,1.0,0.0,,0.0,0.0,False,False,0.1279493182966178,3.627272727272727,11.0,4.0,,E2,C1+P1,T7,1037,5.074740886688232
0.6933333333333334,4.0,0.71,0.3664009607347498,0.47000238575935427,0.0,3.0,0.6666666666666666,1.55,0.0,0.0,False,False,0.16419765428137245,2.5545454545454547,11.0,0.0,,E2,C1+P1,T7,1038,5.498972177505493
0.455,0.0,0.9216666666666666,0.4699999999999996,0.4699999999999996,0.0,2.0,1.0,10.4,0.0,0.0,True,False,0.08250224340161406,31.833333333333332,3.0,0.0,,E2,C1+P1,T7,1039,4.158478021621704
0.545,0.0,0.805,0.4699999999999989,0.4699999999999993,0.0,2.0,1.0,5.4,0.0,0.0,True,False,0.12403449573663657,5.675000000000001,8.0,1.0,,E2,C1+P1,T7,1040,5.184673070907593
0.9683333333333334,0.0,1.0,0.5525189629795434,0.8099798669908179,0.0,0.0,,,0.0,0.0,True,True,0.13080530326973994,2.25,2.0,0.0,,E2,C1+P1,T7,1041,4.865584135055542
0.49833333333333335,2.0,0.9666666666666667,0.4699999999999996,1.5740883086225101,0.0,2.0,0.5,15.5,0.0,0.0,True,False,0.08565332363833968,7.25,6.0,1.0,,E2,C1+P1,T7,1042,4.129344940185547
0.8816666666666667,1.0,0.61,0.4699999999999991,0.4700000000000002,0.0,4.0,0.75,2.1,0.0,0.0,False,False,0.10656692069101982,2.475,8.0,7.0,,E2,C1+P1,T7,1043,5.126955032348633
0.49833333333333335,0.0,1.0,0.5828938088413297,0.48373687983187397,0.0,0.0,,,0.0,0.0,True,False,0.15220927509058077,8.3375,8.0,0.0,,E2,C1+P1,T7,1044,5.34515118598938
0.8116666666666666,1.0,0.9133333333333333,0.4150423240961167,0.48701283378602317,0.0,1.0,1.0,1.9000000000000001,0.0,0.0,True,False,0.1703480274712347,2.257142857142857,7.0,3.0,,E2,C1+P1,T7,1045,4.4696619510650635
0.84,0.0,0.9933333333333333,0.4699999999999995,0.46999999999999975,0.0,0.0,,,0.0,0.0,True,True,0.1124341719720962,3.2500000000000004,4.0,0.0,,E2,C1+P1,T7,1046,5.354146242141724
0.9433333333333334,0.0,0.9733333333333334,0.46999999999999914,0.5417908163112106,0.0,0.0,,,0.0,0.0,True,True,0.15289382211599828,5.6000000000000005,1.0,0.0,,E2,C1+P1,T7,1047,4.6321470737457275
1.0,0.0,1.0,0.5080647698712691,1.308823180859961,0.0,0.0,,,0.0,0.0,True,True,0.08861803810744467,0.0,4.0,0.0,,E2,C1+P1,T7,1048,5.028172016143799
0.935,0.0,1.0,,0.632634253127795,0.0,0.0,,,0.0,0.0,True,True,0.12224076559678741,2.0250000000000004,4.0,0.0,,E2,C1+P1,T7,1049,3.4076969623565674
0.9916666666666667,0.0,1.0,,0.8663211893658006,0.0,0.0,,,0.0,0.0,True,True,0.1404319649444569,1.0,2.0,0.0,,E2,C1+P2,T1,1000,4.790954113006592
0.8466666666666667,0.0,1.0,,0.4699999999999999,0.0,0.0,,,0.0,0.0,True,True,0.11142029985302249,3.9142857142857146,7.0,0.0,,E2,C1+P2,T1,1001,3.5056169033050537
0.8933333333333333,1.0,0.9816666666666667,0.46999999999999903,0.4700000000000001,0.0,0.0,,,0.0,0.0,True,False,0.1219665754125548,1.5166666666666668,6.0,1.0,,E2,C1+P2,T1,1002,3.701930046081543
0.7766666666666666,0.0,1.0,,0.4699999999999995,0.0,0.0,,,0.0,0.0,True,False,0.13531146367200728,4.271428571428572,7.0,0.0,,E2,C1+P2,T1,1003,3.2546989917755127
0.9166666666666666,0.0,1.0,,0.4752270397603944,0.0,0.0,,,0.0,0.0,True,True,0.16069300690860933,2.18,5.0,0.0,,E2,C1+P2,T1,1004,3.5718488693237305
0.8433333333333334,0.0,0.95,0.46999999999999925,0.4705769808265336,0.0,0.0,,,0.0,0.0,True,True,0.11902208798150578,4.0,8.0,1.0,,E2,C1+P2,T1,1005,3.6960699558258057
0.65,0.0,1.0,,0.4811163981975628,0.0,0.0,,,0.0,0.0,True,False,0.15713186073656055,11.350000000000001,2.0,0.0,,E2,C1+P2,T1,1006,3.3694188594818115
0.59,0.0,0.93,0.46999999999999964,1.3412558997675903,0.0,1.0,0.0,,0.0,0.0,False,False,0.0669112482563922,4.566666666666667,6.0,1.0,,E2,C1+P2,T1,1007,2.886392116546631
0.7383333333333333,0.0,1.0,,0.4699999999999993,0.0,0.0,,,0.0,0.0,True,False,0.13894006926573965,5.857142857142857,7.0,0.0,,E2,C1+P2,T1,1008,3.5528409481048584
0.8933333333333333,0.0,1.0,,0.5203392331118392,0.0,0.0,,,0.0,0.0,True,True,0.15063835607358145,3.325,4.0,0.0,,E2,C1+P2,T1,1009,3.547417163848877
0.825,0.0,1.0,,0.4859588209531948,0.0,0.0,,,0.0,0.0,True,True,0.1644927451520581,6.575000000000001,4.0,0.0,,E2,C1+P2,T1,1010,3.225119113922119
0.8233333333333334,0.0,1.0,,0.4760591010271711,0.0,0.0,,,0.0,0.0,True,True,0.195479699811953,4.4750000000000005,4.0,0.0,,E2,C1+P2,T1,1011,3.5212318897247314
0.9583333333333334,0.0,1.0,,0.8813392343170777,0.0,0.0,,,0.0,0.0,True,True,0.11475628475231611,1.1750000000000003,4.0,0.0,,E2,C1+P2,T1,1012,3.290144920349121
1.0,0.0,1.0,,1.046446470923678,0.0,0.0,,,0.0,0.0,True,True,0.13118707785399267,0.0,2.0,0.0,,E2,C1+P2,T1,1013,3.4668099880218506
0.985,0.0,1.0,,0.94757814687622,0.0,0.0,,,0.0,0.0,True,True,0.12317075488455712,1.4000000000000001,2.0,0.0,,E2,C1+P2,T1,1014,3.5212619304656982
0.9566666666666667,0.0,1.0,,0.7104021925272446,0.0,0.0,,,0.0,0.0,True,True,0.12040158101593815,1.9666666666666668,3.0,0.0,,E2,C1+P2,T1,1015,3.3783769607543945
0.945,0.0,1.0,,0.7545731990400215,0.0,0.0,,,0.0,0.0,True,True,0.13733847311714678,3.3000000000000003,2.0,0.0,,E2,C1+P2,T1,1016,3.3945870399475098
0.6483333333333333,0.0,1.0,,0.46999999999999986,0.0,0.0,,,0.0,0.0,True,False,0.19333784667882709,8.133333333333335,6.0,0.0,,E2,C1+P2,T1,1017,3.5104923248291016
0.7733333333333333,0.0,1.0,,0.501999070221114,0.0,0.0,,,0.0,0.0,True,False,0.18820580680597782,5.180000000000001,5.0,0.0,,E2,C1+P2,T1,1018,3.560685157775879
0.7166666666666667,0.0,1.0,,0.4700000000000001,0.0,0.0,,,0.0,0.0,True,False,0.15663521411466083,6.571428571428571,7.0,0.0,,E2,C1+P2,T1,1019,3.406275749206543
1.0,0.0,1.0,,1.0002932961526552,0.0,0.0,,,0.0,0.0,True,True,0.16057722453879564,0.0,1.0,0.0,,E2,C1+P2,T1,1020,3.4434146881103516
0.9716666666666667,0.0,1.0,,0.8225408426453291,0.0,0.0,,,0.0,0.0,True,True,0.08310264057770282,1.4000000000000001,2.0,0.0,,E2,C1+P2,T1,1021,3.249235153198242
0.99,0.0,1.0,1.813546526302885,0.9759030936313337,0.0,0.0,,,0.0,0.0,True,True,0.11760030906917339,1.1,2.0,0.0,,E2,C1+P2,T1,1022,3.518522024154663
0.77,0.0,1.0,3.3250236995335154,0.4700000000000002,0.0,0.0,,,0.0,0.0,True,False,0.14538481455315863,4.5375,8.0,0.0,,E2,C1+P2,T1,1023,3.655174970626831
0.8566666666666667,0.0,1.0,,0.4709715440958294,0.0,0.0,,,0.0,0.0,True,True,0.1231777706615703,4.460000000000001,5.0,0.0,,E2,C1+P2,T1,1024,3.3884730339050293
0.6933333333333334,0.0,1.0,1.53658750336368,0.4700000000000003,0.0,0.0,,,0.0,0.0,True,False,0.14529859356367517,8.383333333333335,6.0,1.0,,E2,C1+P2,T1,1025,3.5568220615386963
0.9833333333333333,0.0,1.0,,0.9549845606297601,0.0,0.0,,,0.0,0.0,True,True,0.13619274639167014,3.0,1.0,0.0,,E2,C1+P2,T1,1026,3.3443551063537598
0.9333333333333333,0.0,1.0,7.9309800616237,0.494817274625585,0.0,0.0,,,0.0,0.0,True,True,0.14794460090849215,3.3000000000000003,3.0,0.0,,E2,C1+P2,T1,1027,3.4048187732696533
0.8916666666666667,0.0,0.2916666666666667,0.46999999999999914,0.8648162321386841,0.0,1.0,1.0,6.4,0.0,0.0,True,True,0.10799759141939602,0.0,2.0,2.0,,E2,C1+P2,T1,1028,3.348694086074829
0.9916666666666667,0.0,0.95,0.4699999999999993,0.9817985088557475,0.0,0.0,,,0.0,0.0,True,True,0.11225269461758736,2.6,1.0,0.0,,E2,C1+P2,T1,1029,3.4264557361602783
0.8833333333333333,0.0,0.9033333333333333,0.4699999999999998,0.482460711335925,0.0,0.0,,,0.0,0.0,True,True,0.12446680391091959,4.14,5.0,1.0,,E2,C1+P2,T1,1030,3.346082925796509
0.9483333333333334,0.0,0.9866666666666667,0.4699999999999998,0.498115873210176,0.0,0.0,,,0.0,0.0,True,True,0.14089226818418368,2.0,4.0,0.0,,E2,C1+P2,T1,1031,3.3467090129852295
0.575,0.0,0.9333333333333333,0.46999999999999986,0.8599377667108723,0.0,1.0,0.0,,0.0,0.0,False,False,0.09196770940522432,3.725,4.0,1.0,,E2,C1+P2,T1,1032,2.499053955078125
1.0,0.0,1.0,,1.1426996706305543,0.0,0.0,,,0.0,0.0,True,True,0.11764591515965428,0.0,2.0,0.0,,E2,C1+P2,T1,1033,3.208120107650757
0.8083333333333333,0.0,1.0,,0.46999999999999975,0.0,0.0,,,0.0,0.0,True,True,0.11680655544873164,3.1333333333333333,6.0,0.0,,E2,C1+P2,T1,1034,3.2988860607147217
0.6366666666666667,0.0,1.0,,0.46999999999999925,0.0,0.0,,,0.0,0.0,True,False,0.15248954581858043,7.760000000000001,5.0,0.0,,E2,C1+P2,T1,1035,3.4472498893737793
1.0,0.0,1.0,,1.0353668665579037,0.0,0.0,,,0.0,0.0,True,True,0.16019348967426633,0.0,1.0,0.0,,E2,C1+P2,T1,1036,3.2246921062469482
1.0,0.0,1.0,,1.0072156066929825,0.0,0.0,,,0.0,0.0,True,True,0.10512971073362923,0.0,3.0,0.0,,E2,C1+P2,T1,1037,3.2036540508270264
0.7866666666666666,0.0,1.0,,0.4778288032083775,0.0,0.0,,,0.0,0.0,True,False,0.16061399997685713,7.5,4.0,0.0,,E2,C1+P2,T1,1038,3.1645469665527344
0.525,0.0,0.915,0.46999999999999953,1.160008378063796,0.0,2.0,0.5,15.200000000000001,0.0,0.0,False,False,0.06921676654523891,2.6500000000000004,4.0,0.0,,E2,C1+P2,T1,1039,3.0724668502807617
0.83,0.0,1.0,,0.46999999999999975,0.0,0.0,,,0.0,0.0,True,True,0.12619096329466026,3.8833333333333333,6.0,0.0,,E2,C1+P2,T1,1040,3.376905918121338
0.8966666666666666,0.0,1.0,3.9490411556932865,0.4699999999999997,0.0,0.0,,,0.0,0.0,True,True,0.13072477867334276,3.45,4.0,0.0,,E2,C1+P2,T1,1041,3.5162711143493652
0.8966666666666666,0.0,1.0,,0.5052718387015135,0.0,0.0,,,0.0,0.0,True,True,0.13435015466329098,5.366666666666667,3.0,0.0,,E2,C1+P2,T1,1042,3.1959469318389893
0.7583333333333333,0.0,1.0,9.009956821662003,0.4699999999999996,0.0,0.0,,,0.0,0.0,True,False,0.1406637391584597,3.6571428571428575,7.0,0.0,,E2,C1+P2,T1,1043,3.4645261764526367
0.7966666666666666,0.0,1.0,,0.4707374128655303,0.0,0.0,,,0.0,0.0,True,False,0.14147958477432374,8.350000000000001,4.0,0.0,,E2,C1+P2,T1,1044,3.1725471019744873
0.8866666666666667,0.0,1.0,,0.47,0.0,0.0,,,0.0,0.0,True,True,0.1649707351080195,3.78,5.0,0.0,,E2,C1+P2,T1,1045,3.499204158782959
0.655,0.0,1.0,,0.46999999999999964,0.0,0.0,,,0.0,0.0,True,False,0.1718010148276529,7.387500000000001,8.0,0.0,,E2,C1+P2,T1,1046,3.241320848464966
0.6083333333333333,0.0,0.9683333333333334,0.4699999999999998,0.4870792240081629,0.0,0.0,,,0.0,0.0,True,False,0.1706366498106523,8.98,5.0,0.0,,E2,C1+P2,T1,1047,3.597947835922241
0.8933333333333333,0.0,1.0,,0.46999999999999975,0.0,0.0,,,0.0,0.0,True,True,0.1182615769347377,3.54,5.0,0.0,,E2,C1+P2,T1,1048,3.2942557334899902
0.97,0.0,1.0,1.7683431001402894,0.8069538895860914,0.0,0.0,,,0.0,0.0,True,True,0.09949160373706625,2.25,2.0,0.0,,E2,C1+P2,T1,1049,3.5899550914764404
0.775,0.0,1.0,,0.4728414970059762,0.0,0.0,,,0.0,0.0,True,False,0.18247178827259508,3.488888888888889,9.0,0.0,,E2,C1+P2,T2,1000,3.5874381065368652
0.725,0.0,1.0,,0.4706865692986675,0.0,0.0,,,0.0,0.0,True,False,0.14634660734912103,8.485714285714286,7.0,0.0,,E2,C1+P2,T2,1001,3.3156630992889404
0.7733333333333333,0.0,0.9783333333333334,0.4699999999999996,0.4699999999999998,0.0,0.0,,,0.0,0.0,True,False,0.1544413075989209,4.842857142857143,7.0,1.0,,E2,C1+P2,T2,1002,3.611531972885132
0.6716666666666666,0.0,1.0,,0.47000000000000003,0.0,0.0,,,0.0,0.0,True,False,0.1551006330469527,5.677777777777778,9.0,0.0,,E2,C1+P2,T2,1003,3.1232807636260986
0.555,0.0,1.0,1.4817898726998875,1.1312145258882496,0.0,2.0,0.0,,0.0,0.0,False,False,0.051183889645880054,3.22,5.0,0.0,,E2,C1+P2,T2,1004,2.294705867767334
0.81,0.0,1.0,,0.4832032283533879,0.0,0.0,,,0.0,0.0,True,True,0.15702148494369517,3.56,5.0,0.0,,E2,C1+P2,T2,1005,3.2796971797943115
0.735,1.0,0.9133333333333333,0.40868038291057046,0.5000104921596137,0.0,0.0,,,0.0,0.0,True,False,0.20526329344580238,6.3,3.0,0.0,,E2,C1+P2,T2,1006,3.7486181259155273
0.7183333333333334,0.0,1.0,,0.46999999999999975,0.0,0.0,,,0.0,0.0,True,False,0.14856807593725221,6.090000000000001,10.0,0.0,,E2,C1+P2,T2,1007,3.155578851699829
0.6966666666666667,1.0,0.8283333333333334,0.46999999999999914,0.4700000000000001,0.0,2.0,1.0,3.2,0.0,0.0,True,False,0.15565172699466828,4.6,10.0,3.0,,E2,C1+P2,T2,1008,3.5659992694854736
,,,,,,,,,,,,,,,,,RuntimeError('T2 seed 1009: T2 placement failed'),E2,C1+P2,T2,1009,0.6270320415496826
0.9833333333333333,0.0,0.97,0.4699999999999995,0.9568011591215818,0.0,0.0,,,0.0,0.0,True,True,0.1401872785524873,0.0,3.0,0.0,,E2,C1+P2,T2,1010,3.368216037750244
,,,,,,,,,,,,,,,,,RuntimeError('T2 seed 1011: T2 placement failed'),E2,C1+P2,T2,1011,0.2241840362548828
0.7716666666666666,0.0,1.0,,0.4699999999999994,0.0,0.0,,,0.0,0.0,True,False,0.13786296338964749,4.6000000000000005,6.0,0.0,,E2,C1+P2,T2,1012,3.232832908630371
0.7733333333333333,2.0,0.9616666666666667,0.46999999999999975,0.4784413004881819,0.0,1.0,0.0,,0.0,0.0,False,False,0.16000358420979865,4.577777777777778,9.0,0.0,,E2,C1+P2,T2,1013,3.2002811431884766
0.8483333333333334,0.0,1.0,,0.4748354489258704,0.0,0.0,,,0.0,0.0,True,True,0.1597391748239068,4.34,5.0,0.0,,E2,C1+P2,T2,1014,3.2143521308898926
,,,,,,,,,,,,,,,,,RuntimeError('T2 seed 1015: T2 placement failed'),E2,C1+P2,T2,1015,0.23828697204589844
0.74,0.0,1.0,,0.4740610920133442,0.0,0.0,,,0.0,0.0,True,False,0.19532479462645883,6.083333333333333,6.0,0.0,,E2,C1+P2,T2,1016,3.193678855895996
0.735,0.0,1.0,1.1704212904164208,0.46999999999999986,0.0,2.0,0.0,,0.0,0.0,False,False,0.13818182140034155,3.4125,8.0,0.0,,E2,C1+P2,T2,1017,3.3893189430236816
0.7783333333333333,0.0,0.9983333333333333,0.4997138120113173,0.4721903919421647,0.0,0.0,,,0.0,0.0,True,False,0.1489818988811858,7.7,4.0,0.0,,E2,C1+P2,T2,1018,3.397392988204956
0.67,0.0,0.9283333333333333,0.47000000000000003,0.46999999999999986,0.0,1.0,1.0,14.600000000000001,0.0,0.0,True,False,0.11860161911282086,4.0,5.0,0.0,,E2,C1+P2,T2,1019,3.0565450191497803
0.835,0.0,1.0,,0.5034279161803163,0.0,0.0,,,0.0,0.0,True,True,0.20025211169591717,5.866666666666667,3.0,0.0,,E2,C1+P2,T2,1020,3.3823838233947754
0.5833333333333334,0.0,1.0,,0.46999999999999964,0.0,0.0,,,0.0,0.0,True,False,0.1654626300320296,16.5,4.0,0.0,,E2,C1+P2,T2,1021,3.319061756134033
0.8316666666666667,1.0,0.9716666666666667,0.47,0.47000000000000036,0.0,0.0,,,0.0,0.0,True,False,0.1761970505988403,2.9222222222222225,9.0,0.0,,E2,C1+P2,T2,1022,3.4641568660736084
0.835,0.0,1.0,0.698456495442639,0.47,0.0,0.0,,,0.0,0.0,True,True,0.19259038058217348,2.9714285714285715,7.0,0.0,,E2,C1+P2,T2,1023,3.6321699619293213
0.7216666666666667,0.0,1.0,,0.47,0.0,0.0,,,0.0,0.0,True,False,0.15860634842249183,5.233333333333333,6.0,0.0,,E2,C1+P2,T2,1024,3.2810041904449463
,,,,,,,,,,,,,,,,,RuntimeError('T2 seed 1025: T2 placement failed'),E2,C1+P2,T2,1025,0.14036011695861816
,,,,,,,,,,,,,,,,,RuntimeError('T2 seed 1026: T2 placement failed'),E2,C1+P2,T2,1026,0.3515660762786865
0.845,0.0,1.0,0.7670202404879847,0.4882324814992827,0.0,0.0,,,0.0,0.0,True,True,0.18749070823969913,4.1000000000000005,6.0,0.0,,E2,C1+P2,T2,1027,3.5254321098327637
0.82,0.0,1.0,,0.47799363570863507,0.0,0.0,,,0.0,0.0,True,True,0.17977531195680554,6.875,4.0,0.0,,E2,C1+P2,T2,1028,3.4430007934570312
,,,,,,,,,,,,,,,,,RuntimeError('T2 seed 1029: T2 placement failed'),E2,C1+P2,T2,1029,0.48810505867004395
0.48833333333333334,0.0,0.9366666666666666,0.4700000000000002,0.4699999999999994,0.0,0.0,,,0.0,0.0,True,False,0.1642893527956284,20.6,3.0,0.0,,E2,C1+P2,T2,1030,3.530604124069214
0.7683333333333333,0.0,1.0,,0.4824793388523071,0.0,0.0,,,0.0,0.0,True,False,0.15270942889831857,6.5,4.0,0.0,,E2,C1+P2,T2,1031,3.2475898265838623
0.6916666666666667,0.0,0.9766666666666667,0.47195783228736454,0.4789558473943027,0.0,0.0,,,0.0,0.0,True,False,0.15413836382533846,8.450000000000001,4.0,0.0,,E2,C1+P2,T2,1032,3.599684953689575
0.8066666666666666,0.0,1.0,,0.4699999999999997,0.0,0.0,,,0.0,0.0,True,True,0.17027951432963845,3.4799999999999995,5.0,0.0,,E2,C1+P2,T2,1033,3.2890408039093018
0.7566666666666667,0.0,1.0,,0.4699999999999992,0.0,0.0,,,0.0,0.0,True,False,0.15018430826650125,3.3000000000000003,6.0,0.0,,E2,C1+P2,T2,1034,3.3703291416168213
0.775,0.0,1.0,,0.4699999999999999,0.0,0.0,,,0.0,0.0,True,False,0.16316137992997937,4.25,8.0,0.0,,E2,C1+P2,T2,1035,3.306110143661499
0.8683333333333333,0.0,0.97,0.47,0.49668796439437196,0.0,0.0,,,0.0,0.0,True,True,0.17440274306059386,3.7600000000000007,5.0,0.0,,E2,C1+P2,T2,1036,3.494055986404419
0.6566666666666666,0.0,1.0,,0.47,0.0,0.0,,,0.0,0.0,True,False,0.1616310799558063,13.466666666666669,3.0,0.0,,E2,C1+P2,T2,1037,3.2962958812713623
0.6816666666666666,0.0,0.9066666666666666,0.4699999999999995,0.4722946835287042,0.0,0.0,,,0.0,0.0,True,False,0.13686834172969503,6.5,3.0,0.0,,E2,C1+P2,T2,1038,3.3793179988861084
0.7516666666666667,0.0,1.0,,0.4699999999999997,0.0,0.0,,,0.0,0.0,True,False,0.12858659104768566,4.728571428571429,7.0,0.0,,E2,C1+P2,T2,1039,3.1338109970092773
0.28,0.0,1.0,,1.309507825073449,0.0,1.0,0.0,,0.0,0.0,False,False,0.036139204252162986,13.757142857142856,7.0,0.0,,E2,C1+P2,T2,1040,1.9927029609680176
0.73,0.0,1.0,,0.46999999999999986,0.0,0.0,,,0.0,0.0,True,False,0.16465266720954197,3.142857142857143,7.0,0.0,,E2,C1+P2,T2,1041,3.2878150939941406
,,,,,,,,,,,,,,,,,RuntimeError('T2 seed 1042: T2 placement failed'),E2,C1+P2,T2,1042,0.23669815063476562
0.7383333333333333,0.0,1.0,,0.46999999999999986,0.0,1.0,1.0,2.3000000000000003,0.0,0.0,True,False,0.13684419090801866,5.085714285714286,7.0,0.0,,E2,C1+P2,T2,1043,3.161268949508667
0.9233333333333333,0.0,1.0,,0.4962474068018416,0.0,0.0,,,0.0,0.0,True,True,0.13425645068834394,1.625,4.0,0.0,,E2,C1+P2,T2,1044,3.1580939292907715
0.66,0.0,1.0,,0.4904402478773128,0.0,2.0,1.0,8.850000000000001,0.0,0.0,True,False,0.1536754899671307,7.900000000000001,3.0,0.0,,E2,C1+P2,T2,1045,2.9075098037719727
0.75,0.0,0.9533333333333334,0.4699999999999992,0.46999999999999953,0.0,0.0,,,0.0,0.0,True,False,0.16701588867785652,2.92,10.0,1.0,,E2,C1+P2,T2,1046,3.3453457355499268
0.5533333333333333,0.0,1.0,,0.48482014365721543,0.0,0.0,,,0.0,0.0,True,False,0.16513230157079847,13.850000000000001,2.0,0.0,,E2,C1+P2,T2,1047,3.3361880779266357
0.7133333333333334,0.0,1.0,,0.46999999999999964,0.0,0.0,,,0.0,0.0,True,False,0.13434953648342704,4.185714285714286,7.0,0.0,,E2,C1+P2,T2,1048,3.2990219593048096
0.6783333333333333,0.0,1.0,0.7185037698227068,0.4699999999999999,0.0,0.0,,,0.0,0.0,True,False,0.15352089541420366,10.05,2.0,0.0,,E2,C1+P2,T2,1049,3.432892084121704
0.935,0.0,1.0,0.7411007616017263,0.5136706305179801,0.0,0.0,,,0.0,0.0,True,True,0.16522908176496476,4.9,1.0,0.0,,E2,C1+P2,T3,1000,3.481053352355957
0.8183333333333334,0.0,1.0,0.5626850095574578,0.4728088859456196,0.0,0.0,,,0.0,0.0,True,True,0.17184309318791993,5.7749999999999995,4.0,0.0,,E2,C1+P2,T3,1001,3.6721298694610596
0.9566666666666667,0.0,1.0,0.718935999764832,0.6033805271869762,0.0,0.0,,,0.0,0.0,True,True,0.13816534876930386,1.7000000000000002,2.0,0.0,,E2,C1+P2,T3,1002,3.4474408626556396
0.93,0.0,0.9433333333333334,0.46999999999999925,0.4928729772422015,0.0,0.0,,,0.0,0.0,True,True,0.15053599371738188,0.6375000000000001,8.0,1.0,,E2,C1+P2,T3,1003,3.7310218811035156
0.8483333333333334,0.0,1.0,0.7254424508020317,0.4699999999999999,0.0,0.0,,,0.0,0.0,True,True,0.17799254907249734,3.9200000000000004,5.0,1.0,,E2,C1+P2,T3,1004,3.3601701259613037
0.395,0.0,0.8733333333333333,0.469999999999999,1.425408856777618,0.0,2.0,0.0,,0.0,0.0,False,False,0.05345331285037827,3.266666666666667,3.0,1.0,,E2,C1+P2,T3,1005,2.572796106338501
,,,,,,,,,,,,,,,,,RuntimeError('T3 seed 1006: no straight run found'),E2,C1+P2,T3,1006,0.28257012367248535
0.9833333333333333,0.0,1.0,0.5786774209931066,0.9671946105405234,0.0,0.0,,,0.0,0.0,True,True,0.17046374283872337,2.5,1.0,0.0,,E2,C1+P2,T3,1007,3.700093984603882
0.8833333333333333,0.0,0.965,0.46999999999999964,0.47000000000000014,0.0,0.0,,,0.0,0.0,True,True,0.1736303834692486,3.8,5.0,4.0,,E2,C1+P2,T3,1008,3.5410690307617188
0.145,0.0,0.9916666666666667,0.46999999999999975,0.6683807045251118,0.0,6.0,0.0,,11.0,0.5283333333333333,False,False,0.0662725282960895,14.775,4.0,1.0,,E2,C1+P2,T3,1009,3.041215181350708
0.09333333333333334,0.0,0.9816666666666667,0.47,0.7274822696456803,0.0,7.0,0.0,,3.0,0.13166666666666665,False,False,0.043043857122036115,28.100000000000005,3.0,0.0,,E2,C1+P2,T3,1010,1.9879369735717773
0.915,0.0,1.0,0.8289009580341834,0.46999999999999964,0.0,0.0,,,0.0,0.0,True,True,0.1707675894153632,3.7500000000000004,2.0,0.0,,E2,C1+P2,T3,1011,3.8470189571380615
0.92,1.0,1.0,1.2578509437090966,0.4700000000000003,0.0,0.0,,,0.0,0.0,True,False,0.16062857447719153,4.6,2.0,0.0,,E2,C1+P2,T3,1012,3.8956007957458496
0.9516666666666667,0.0,1.0,1.0813588507787082,0.500643039908819,0.0,0.0,,,0.0,0.0,True,True,0.13076635124367333,1.9500000000000002,2.0,0.0,,E2,C1+P2,T3,1013,3.646790027618408
0.96,0.0,1.0,0.7786262825964133,0.5878613569546989,0.0,0.0,,,0.0,0.0,True,True,0.15936839567674307,3.0,1.0,0.0,,E2,C1+P2,T3,1014,3.6306569576263428
0.9683333333333334,0.0,1.0,1.721487193396492,0.6967496252227179,0.0,0.0,,,0.0,0.0,True,True,0.12796127172800545,0.6,5.0,0.0,,E2,C1+P2,T3,1015,3.833173990249634
0.8083333333333333,0.0,1.0,0.6138963292741619,0.4771157625856026,0.0,0.0,,,0.0,0.0,True,True,0.17798458358973673,3.075,4.0,1.0,,E2,C1+P2,T3,1016,3.744823932647705
0.9483333333333334,0.0,1.0,1.0996247830425714,0.5638570401643875,0.0,0.0,,,0.0,0.0,True,True,0.144363164863506,4.1000000000000005,1.0,2.0,,E2,C1+P2,T3,1017,3.834688186645508
0.6866666666666666,0.0,0.975,0.46999999999999975,0.4982888792364585,0.0,1.0,1.0,7.2,0.0,0.0,True,False,0.11394485316726606,4.183333333333333,6.0,3.0,,E2,C1+P2,T3,1018,3.4145400524139404
0.92,0.0,1.0,1.3133470917637895,0.507155081111266,0.0,0.0,,,0.0,0.0,True,True,0.1690431698871907,5.6000000000000005,1.0,0.0,,E2,C1+P2,T3,1019,3.9070372581481934
0.92,0.0,1.0,0.7232591050942138,0.5028855152283424,0.0,0.0,,,0.0,0.0,True,True,0.16248632072345123,2.8000000000000003,3.0,0.0,,E2,C1+P2,T3,1020,3.713358163833618
0.9466666666666667,0.0,1.0,1.3100802811505214,0.570966605890528,0.0,0.0,,,0.0,0.0,True,True,0.18889712937712697,4.1000000000000005,1.0,0.0,,E2,C1+P2,T3,1021,3.884000062942505
1.0,0.0,1.0,0.574755936454919,1.421617184634301,0.0,0.0,,,0.0,0.0,True,True,0.17307472500735438,,0.0,0.0,,E2,C1+P2,T3,1022,3.737125873565674
0.7616666666666667,0.0,1.0,0.9126313091661351,0.48432469994341554,0.0,0.0,,,0.0,0.0,True,False,0.1687173496764695,7.3500000000000005,2.0,1.0,,E2,C1+P2,T3,1023,3.69671893119812
0.11166666666666666,0.0,1.0,1.593626201709561,0.658381970882151,0.0,1.0,0.0,,4.0,0.17833333333333334,False,False,0.04667952770537133,43.800000000000004,3.0,3.0,,E2,C1+P2,T3,1024,2.2323949337005615
0.95,0.0,1.0,1.1973118203510789,0.5186750465120687,0.0,0.0,,,0.0,0.0,True,True,0.1323577339780362,1.9500000000000002,2.0,1.0,,E2,C1+P2,T3,1025,3.7546441555023193
0.7716666666666666,1.0,0.9616666666666667,0.4699999999999997,0.4700000000000004,0.0,4.0,1.0,6.5,0.0,0.0,True,False,0.14939934504477087,4.1,5.0,3.0,,E2,C1+P2,T3,1026,3.4489619731903076
0.8116666666666666,0.0,1.0,1.1466936774660756,0.46999999999999953,0.0,0.0,,,0.0,0.0,True,True,0.17601705862100228,3.3600000000000003,5.0,0.0,,E2,C1+P2,T3,1027,3.775949001312256
0.9833333333333333,0.0,0.9733333333333334,0.46999999999999964,0.9463995974826075,0.0,1.0,1.0,2.5,0.0,0.0,True,True,0.17708114815926554,0.48333333333333334,6.0,7.0,,E2,C1+P2,T3,1028,3.60604190826416
0.9916666666666667,0.0,1.0,1.5197868092006555,0.9716842462339671,0.0,0.0,,,0.0,0.0,True,True,0.18561376044157687,1.6666666666666667,3.0,3.0,,E2,C1+P2,T3,1029,4.415440797805786
0.905,0.0,0.9766666666666667,0.4699999999999997,0.49472388803572553,0.0,0.0,,,0.0,0.0,True,True,0.13980911585326766,3.95,2.0,0.0,,E2,C1+P2,T3,1030,3.500157117843628
0.9366666666666666,0.0,1.0,0.564385629282611,0.512888102577214,0.0,1.0,1.0,1.6,0.0,0.0,True,True,0.14730814196233002,2.35,2.0,0.0,,E2,C1+P2,T3,1031,4.35724401473999
0.9366666666666666,0.0,1.0,1.1022298582534271,0.5249942729768802,0.0,0.0,,,0.0,0.0,True,True,0.19991861848533965,1.5333333333333334,3.0,2.0,,E2,C1+P2,T3,1032,4.170199871063232
0.9766666666666667,0.0,1.0,0.5759267028351143,0.8536457921215798,0.0,0.0,,,0.0,0.0,True,True,0.1362036063057459,2.7,1.0,0.0,,E2,C1+P2,T3,1033,3.9865572452545166
0.9883333333333333,0.0,1.0,0.7820446025948402,0.9602258304188592,0.0,0.0,,,0.0,0.0,True,True,0.14900719741006177,0.9500000000000001,2.0,0.0,,E2,C1+P2,T3,1034,3.9519741535186768
0.9533333333333334,0.0,1.0,1.642564648454404,0.548752846715475,0.0,0.0,,,0.0,0.0,True,True,0.15201901151887737,1.2,3.0,0.0,,E2,C1+P2,T3,1035,4.029354095458984
0.895,0.0,1.0,0.5144106674373875,0.4699999999999999,0.0,0.0,,,0.0,0.0,True,True,0.1327962940151137,2.06,5.0,1.0,,E2,C1+P2,T3,1036,4.013327121734619
0.8616666666666667,0.0,1.0,0.7335140638339246,0.4765140329308673,0.0,0.0,,,0.0,0.0,True,True,0.14736432585894552,3.6750000000000003,4.0,0.0,,E2,C1+P2,T3,1037,3.9302101135253906
0.9683333333333334,0.0,1.0,1.6728769181832392,0.8312430626094811,0.0,0.0,,,0.0,0.0,True,True,0.1425911932806665,1.55,2.0,0.0,,E2,C1+P2,T3,1038,4.259107828140259
0.965,0.0,0.9916666666666667,0.46999999999999986,0.7969202710904841,0.0,0.0,,,0.0,0.0,True,True,0.14636414235601844,1.4500000000000002,2.0,0.0,,E2,C1+P2,T3,1039,4.059139966964722
0.9433333333333334,0.0,1.0,1.4005850107136464,0.6163826580431333,0.0,0.0,,,0.0,0.0,True,True,0.17848597230645244,4.5,1.0,0.0,,E2,C1+P2,T3,1040,4.624837875366211
0.945,0.0,0.9066666666666666,0.46999999999999964,0.8823636328852101,0.0,1.0,0.0,,0.0,0.0,False,False,0.1324231364440056,0.7666666666666667,3.0,2.0,,E2,C1+P2,T3,1041,4.059787750244141
0.9583333333333334,2.0,0.98,0.4699999999999994,0.5448683772244822,0.0,1.0,1.0,2.2,0.0,0.0,True,False,0.1473089748903172,3.4000000000000004,1.0,0.0,,E2,C1+P2,T3,1042,4.645907163619995
0.9816666666666667,0.0,0.9783333333333334,0.4699999999999993,0.8971873978548303,0.0,0.0,,,0.0,0.0,True,True,0.15446751831528346,0.52,5.0,3.0,,E2,C1+P2,T3,1043,4.067638874053955
0.9466666666666667,2.0,0.93,0.4699999999999995,0.6981070253816436,0.0,1.0,1.0,1.2000000000000002,0.0,0.0,True,False,0.16248888535192663,2.025,4.0,0.0,,E2,C1+P2,T3,1044,4.107223987579346
0.8983333333333333,0.0,1.0,1.1433547163864086,0.551035826220354,0.0,0.0,,,0.0,0.0,True,True,0.192692428216638,2.375,4.0,1.0,,E2,C1+P2,T3,1045,4.214308977127075
0.855,0.0,1.0,1.150320331316499,0.4785955970727942,0.0,0.0,,,0.0,0.0,True,True,0.16950270672814816,4.633333333333334,6.0,4.0,,E2,C1+P2,T3,1046,4.039302825927734
0.835,0.0,1.0,1.1774822747098248,0.508294989616095,0.0,1.0,1.0,6.1000000000000005,0.0,0.0,True,True,0.14256020854233833,4.266666666666667,3.0,4.0,,E2,C1+P2,T3,1047,3.896146059036255
0.96,0.0,1.0,0.810147986418857,0.7167938923379339,0.0,0.0,,,0.0,0.0,True,True,0.16629560891997225,0.925,4.0,0.0,,E2,C1+P2,T3,1048,4.072652101516724
0.9283333333333333,0.0,1.0,0.8371995396431954,0.5047336115290245,0.0,0.0,,,0.0,0.0,True,True,0.18585180052611544,3.0500000000000003,2.0,0.0,,E2,C1+P2,T3,1049,4.0883400440216064
0.965,0.0,0.9433333333333334,0.4699999999999993,0.7962237618927535,0.0,0.0,,,0.0,0.0,True,True,0.1596431514265181,1.9000000000000001,3.0,0.0,,E2,C1+P2,T4,1000,4.084256887435913
0.79,1.0,0.7916666666666666,0.4699999999999992,0.4921557977476087,0.0,2.0,1.0,6.0,0.0,0.0,True,False,0.15950767197110108,2.35,10.0,3.0,,E2,C1+P2,T4,1001,4.145508050918579
0.915,0.0,1.0,2.2540704631132944,0.47,0.0,0.0,,,0.0,0.0,True,True,0.1541434978648304,2.7,5.0,0.0,,E2,C1+P2,T4,1002,3.7609469890594482
0.77,1.0,0.9333333333333333,0.4699999999999992,0.47,0.0,0.0,,,0.0,0.0,True,False,0.16219942560520675,6.425000000000001,4.0,0.0,,E2,C1+P2,T4,1003,3.845630168914795
0.7583333333333333,0.0,0.8733333333333333,0.4699999999999992,0.4940109994394426,0.0,2.0,0.5,2.3000000000000003,0.0,0.0,True,False,0.0959165966232973,2.13,10.0,0.0,,E2,C1+P2,T4,1004,3.3627829551696777
0.74,0.0,0.9483333333333334,0.4699999999999996,0.4709704620883335,0.0,1.0,1.0,10.700000000000001,0.0,0.0,True,False,0.12043382402472402,0.5750000000000001,4.0,0.0,,E2,C1+P2,T4,1005,3.590451240539551
0.8933333333333333,0.0,0.99,0.4699999999999999,0.6181115926357843,0.0,1.0,1.0,2.1,0.0,0.0,True,True,0.16122693716769007,1.56,5.0,4.0,,E2,C1+P2,T4,1006,4.1462132930755615
0.81,0.0,1.0,0.9854140325252447,0.47000000000000003,0.0,0.0,,,0.0,0.0016666666666666668,True,True,0.15139548564382033,4.5,4.0,0.0,,E2,C1+P2,T4,1007,3.981421947479248
0.7266666666666667,0.0,0.9033333333333333,0.4699999999999996,0.4699999999999992,0.0,2.0,1.0,4.1,0.0,0.0,True,False,0.16693833529927463,2.21,10.0,2.0,,E2,C1+P2,T4,1008,3.8585739135742188
0.745,0.0,0.9933333333333333,0.47,0.4961145015329749,0.0,0.0,,,0.0,0.0,True,False,0.20879358581425608,6.6800000000000015,5.0,0.0,,E2,C1+P2,T4,1009,4.00294303894043
0.9883333333333333,0.0,1.0,4.417685632022191,0.9823528463859825,0.0,0.0,,,0.0,0.0,True,True,0.15387099613942845,2.1,1.0,0.0,,E2,C1+P2,T4,1010,3.99862003326416
0.9583333333333334,0.0,1.0,2.8900887119399554,0.6880976991455328,0.0,0.0,,,0.0,0.0,True,True,0.17510383942300073,1.2,3.0,0.0,,E2,C1+P2,T4,1011,3.8446500301361084
0.635,0.0,0.9466666666666667,0.4699999999999996,0.46999999999999964,0.0,1.0,1.0,2.9000000000000004,0.0,0.0,True,False,0.1666433288393107,7.5375,8.0,2.0,,E2,C1+P2,T4,1012,3.8652961254119873
0.6833333333333333,0.0,0.98,0.4700000000000008,0.47000000000000014,0.0,0.0,,,0.0,0.0,True,False,0.1519200067287828,6.03,10.0,0.0,,E2,C1+P2,T4,1013,3.816511392593384
0.895,0.0,0.9583333333333334,0.46999999999999975,0.49876730231391553,0.0,0.0,,,0.0,0.0,True,True,0.19144233803014035,2.96,5.0,0.0,,E2,C1+P2,T4,1014,4.055179834365845
0.75,1.0,0.98,0.4699999999999997,0.4699999999999998,0.0,0.0,,,0.0,0.0,True,False,0.18005422178683095,2.1750000000000003,8.0,0.0,,E2,C1+P2,T4,1015,3.902287244796753
0.7566666666666667,0.0,1.0,1.1362237259158188,0.4728652489331716,0.0,0.0,,,0.0,0.0,True,False,0.16449633669331074,9.016666666666667,6.0,0.0,,E2,C1+P2,T4,1016,3.765639066696167
0.7133333333333334,0.0,0.9433333333333334,0.46999999999999953,0.4743184127471209,0.0,2.0,1.0,13.600000000000001,0.0,0.0,True,False,0.11808433552100683,0.95,10.0,2.0,,E2,C1+P2,T4,1017,3.6687769889831543
0.8833333333333333,0.0,0.9683333333333334,0.4653456851279958,0.5093677526392626,0.0,0.0,,,0.0,0.0,True,True,0.14423575775660383,2.1875,8.0,1.0,,E2,C1+P2,T4,1018,3.9591619968414307
0.825,1.0,0.8933333333333333,0.4290318671172483,0.46999999999999964,0.0,1.0,1.0,5.1000000000000005,0.0,0.0,True,False,0.13855428121390526,6.000000000000002,5.0,0.0,,E2,C1+P2,T4,1019,3.620934009552002
0.7533333333333333,0.0,0.5583333333333333,0.4511902184641637,0.4936539784644585,0.0,1.0,1.0,1.6,0.0,0.0,True,False,0.16053763914760852,5.033333333333334,6.0,0.0,,E2,C1+P2,T4,1020,3.6582298278808594
0.9166666666666666,0.0,1.0,1.7008113284399267,0.5396007844797788,0.0,0.0,,,0.0,0.0,True,True,0.16849580998318603,3.7500000000000004,2.0,0.0,,E2,C1+P2,T4,1021,3.826000928878784
0.8416666666666667,0.0,1.0,3.286594087488136,0.4699999999999993,0.0,0.0,,,0.0,0.0,True,True,0.12446145218029281,6.5,3.0,0.0,,E2,C1+P2,T4,1022,3.790865182876587
0.76,2.0,0.5116666666666667,0.43499555284146535,0.4699999999999999,0.0,0.0,,,0.0,0.0,True,False,0.14028693238374015,3.133333333333333,12.0,9.0,,E2,C1+P2,T4,1023,3.918567180633545
0.785,0.0,0.9483333333333334,0.4699999999999994,0.47000000000000086,0.0,0.0,,,0.0,0.0,True,False,0.162882805504475,6.183333333333334,6.0,0.0,,E2,C1+P2,T4,1024,3.717904806137085
0.13166666666666665,0.0,0.9933333333333333,0.4699999999999996,0.4699999999999997,0.0,3.0,0.0,,0.0,0.06333333333333334,False,False,0.033254959661784766,6.655555555555555,9.0,0.0,,E2,C1+P2,T4,1025,2.4751570224761963
0.7683333333333333,1.0,0.585,0.4699999999999991,0.49685585887009837,0.0,1.0,1.0,2.6,0.0,0.0,True,False,0.13687484466385524,5.4,5.0,0.0,,E2,C1+P2,T4,1026,3.685549020767212
0.825,0.0,0.9916666666666667,0.47000000000000025,0.49585510588104714,0.0,0.0,,,0.0,0.0,True,True,0.13864854784342368,2.6000000000000005,7.0,1.0,,E2,C1+P2,T4,1027,3.9767563343048096
0.9433333333333334,0.0,1.0,0.6215477476489168,0.5021654944581131,0.0,0.0,,,0.0,0.0,True,True,0.15232047667239607,4.6000000000000005,1.0,0.0,,E2,C1+P2,T4,1028,3.8669800758361816
0.82,0.0,0.9416666666666667,0.46999999999999953,0.47569174401207287,0.0,2.0,0.0,,0.0,0.0,False,False,0.14319577208126597,2.6999999999999997,6.0,0.0,,E2,C1+P2,T4,1029,3.683973789215088
0.5116666666666667,0.0,0.625,0.4576289970624389,0.47000000000000003,0.0,0.0,,,0.0,0.0,True,False,0.14898032756482174,11.100000000000001,4.0,0.0,,E2,C1+P2,T4,1030,3.7550997734069824
0.89,0.0,1.0,1.1319747753781977,0.5197004530396007,0.0,0.0,,,0.0,0.0,True,True,0.1965887937314477,3.7000000000000006,6.0,1.0,,E2,C1+P2,T4,1031,4.024142026901245
0.76,0.0,1.0,0.5004628561406836,0.4749043083822892,0.0,0.0,,,0.0,0.0,True,False,0.16933214400770524,7.15,4.0,0.0,,E2,C1+P2,T4,1032,3.9453160762786865
0.5466666666666666,0.0,0.9716666666666667,0.47,0.49764647586298644,0.0,2.0,0.5,12.4,0.0,0.0,True,False,0.10108604179966553,1.9333333333333336,3.0,4.0,,E2,C1+P2,T4,1033,3.3436527252197266
0.645,0.0,0.8833333333333333,0.46999999999999925,0.4699999999999997,0.0,1.0,1.0,3.3000000000000003,0.0,0.0,True,False,0.17006431467819247,4.65,8.0,2.0,,E2,C1+P2,T4,1034,3.9143271446228027
0.46166666666666667,0.0,0.48333333333333334,0.46999999999999953,0.46999999999999953,0.0,3.0,1.0,2.866666666666667,0.0,0.0,True,False,0.15261947730381345,13.52,5.0,4.0,,E2,C1+P2,T4,1035,4.159027814865112
0.865,0.0,0.9416666666666667,0.46999999999999953,0.5041696467886793,0.0,1.0,1.0,1.8,0.0,0.0,True,True,0.1876788284073645,3.233333333333334,3.0,1.0,,E2,C1+P2,T4,1036,3.8443846702575684
0.71,1.0,0.92,0.46999999999999953,0.4733496222473998,0.0,5.0,1.0,2.4200000000000004,0.0,0.0,True,False,0.18682887266642328,4.775000000000001,12.0,2.0,,E2,C1+P2,T4,1037,3.8243839740753174
0.785,0.0,0.9116666666666666,0.4699999999999989,0.4791288883989317,0.0,2.0,1.0,9.3,0.0,0.0,True,False,0.11215278523959613,1.2333333333333334,3.0,0.0,,E2,C1+P2,T4,1038,3.3180928230285645
0.495,0.0,0.91,0.46999999999999914,0.4699999999999995,0.0,4.0,1.0,11.525,1.0,0.05333333333333334,True,False,0.15675110337786613,4.33,10.0,6.0,,E2,C1+P2,T4,1039,3.125152826309204
0.7466666666666667,0.0,0.73,0.4699999999999993,0.4699999999999997,0.0,0.0,,,0.0,0.0,True,False,0.1426245281076934,4.45,8.0,0.0,,E2,C1+P2,T4,1040,3.7461700439453125
0.48,0.0,0.9616666666666667,0.4961508181861402,0.47,0.0,0.0,,,0.0,0.0,True,False,0.18836324554443537,7.781818181818181,11.0,0.0,,E2,C1+P2,T4,1041,3.9840378761291504
0.9433333333333334,0.0,1.0,1.336836360187427,0.7466051532129061,0.0,0.0,,,0.0,0.0,True,True,0.1370260942407491,3.2,2.0,0.0,,E2,C1+P2,T4,1042,3.9103751182556152
0.20333333333333334,0.0,0.935,0.4699999999999993,0.4699999999999997,0.0,1.0,0.0,,0.0,0.0,False,False,0.0689635132245501,5.3500000000000005,6.0,1.0,,E2,C1+P2,T4,1043,1.9212329387664795
0.615,0.0,0.9283333333333333,0.46999999999999964,0.5051137662596398,0.0,1.0,1.0,1.4000000000000001,0.0,0.0,True,False,0.16887942037785317,7.6571428571428575,7.0,2.0,,E2,C1+P2,T4,1044,3.97465443611145
0.74,1.0,0.4166666666666667,0.46999999999999914,0.4891674189063861,0.0,0.0,,,0.0,0.0,True,False,0.2540738776980837,5.516666666666667,6.0,0.0,,E2,C1+P2,T4,1045,3.9155948162078857
0.6066666666666667,1.0,0.865,0.46999999999999986,0.491099015724576,0.0,1.0,1.0,4.0,0.0,0.0,True,False,0.21341733476125774,4.142857142857143,14.0,6.0,,E2,C1+P2,T4,1046,3.8821511268615723
1.0,0.0,0.9783333333333334,0.4699999999999998,1.1679116823282092,0.0,0.0,,,0.0,0.0,True,True,0.15780135149427058,0.0,1.0,0.0,,E2,C1+P2,T4,1047,3.72224497795105
0.725,1.0,1.0,0.5129918864787287,0.4699999999999997,0.0,0.0,,,0.0,0.0,True,False,0.15720907492185904,6.242857142857143,7.0,0.0,,E2,C1+P2,T4,1048,3.8994140625
0.6066666666666667,0.0,0.9316666666666666,0.46999999999999975,0.4700000000000001,0.0,3.0,0.6666666666666666,3.3500000000000005,0.0,0.0,False,False,0.12124951043463196,4.4,5.0,0.0,,E2,C1+P2,T4,1049,3.2982006072998047
0.79,0.0,1.0,,0.47041926343624135,0.0,0.0,,,0.0,0.0,True,False,0.155628735294447,2.9125,8.0,0.0,,E2,C1+P2,T5,1000,3.533777952194214
0.5866666666666667,0.0,1.0,,0.4699999999999999,0.0,0.0,,,0.0,0.0,True,False,0.15615889220997287,4.622222222222223,9.0,0.0,,E2,C1+P2,T5,1001,3.5415539741516113
0.71,0.0,1.0,,0.4699999999999993,0.0,0.0,,,0.0,0.0,True,False,0.1534344464419632,4.26,10.0,0.0,,E2,C1+P2,T5,1002,3.6395339965820312
0.715,1.0,0.9066666666666666,0.41373216786030337,0.4699999999999997,0.0,1.0,1.0,1.3,0.0,0.0,True,False,0.14895909265167878,2.8090909090909095,11.0,0.0,,E2,C1+P2,T5,1003,3.8073318004608154
0.7866666666666666,0.0,0.78,0.46999999999999964,0.47725774050808084,0.0,0.0,,,0.0,0.0,True,False,0.17814425127911943,2.5799999999999996,10.0,1.0,,E2,C1+P2,T5,1004,3.7538528442382812
0.5116666666666667,1.0,0.7266666666666667,0.3804789957223602,0.47,0.0,3.0,1.0,4.000000000000001,0.0,0.0,True,False,0.17916384461918525,4.266666666666667,15.0,4.0,,E2,C1+P2,T5,1005,3.7947990894317627
0.8633333333333333,0.0,1.0,,0.4954639351393489,0.0,0.0,,,0.0,0.0,True,True,0.17609793046316397,3.35,6.0,0.0,,E2,C1+P2,T5,1006,3.578969955444336
0.5683333333333334,0.0,1.0,,0.4699999999999996,0.0,0.0,,,0.0,0.0,True,False,0.12334798791560699,7.777777777777778,9.0,0.0,,E2,C1+P2,T5,1007,3.616391897201538
0.6716666666666666,0.0,0.8883333333333333,0.4699999999999993,0.46999999999999925,0.0,1.0,0.0,,0.0,0.0,False,False,0.1363437293001537,3.6799999999999997,10.0,1.0,,E2,C1+P2,T5,1008,3.521293878555298
0.8333333333333334,0.0,1.0,0.5128139100095751,0.48510664263775477,0.0,0.0,,,0.0,0.0,True,True,0.1617834354005118,3.9125000000000005,8.0,0.0,,E2,C1+P2,T5,1009,3.6437246799468994
0.665,0.0,0.97,0.4699999999999999,0.5012993574383535,0.0,0.0,,,0.0,0.0,True,False,0.19041122269869853,4.7,8.0,1.0,,E2,C1+P2,T5,1010,4.032510042190552
0.8066666666666666,0.0,1.0,,0.4776981237735004,0.0,0.0,,,0.0,0.0,True,True,0.1473433003877969,4.2,8.0,0.0,,E2,C1+P2,T5,1011,3.5611441135406494
0.8116666666666666,0.0,0.9916666666666667,0.4699999999999999,0.46999999999999986,0.0,0.0,,,0.0,0.0,True,True,0.1359097291882922,2.12,10.0,0.0,,E2,C1+P2,T5,1012,3.886759042739868
0.72,0.0,1.0,,0.4705893753879415,0.0,0.0,,,0.0,0.0,True,False,0.1792840760545687,3.9000000000000004,9.0,0.0,,E2,C1+P2,T5,1013,3.5955471992492676
0.8983333333333333,0.0,1.0,,0.4776082687434318,0.0,0.0,,,0.0,0.0,True,True,0.14381740624094444,2.125,8.0,0.0,,E2,C1+P2,T5,1014,3.641907215118408
0.6,0.0,0.9166666666666666,0.46999999999999964,0.4700000000000001,0.0,0.0,,,0.0,0.0,True,False,0.1769496462763296,6.371428571428572,7.0,0.0,,E2,C1+P2,T5,1015,3.772834062576294
0.88,0.0,1.0,2.2385553007705212,0.47978008419538754,0.0,0.0,,,0.0,0.0,True,True,0.16401834947581737,3.12,5.0,0.0,,E2,C1+P2,T5,1016,3.8268909454345703
0.755,0.0,1.0,,0.4699999999999996,0.0,0.0,,,0.0,0.0,True,False,0.15202136739042915,6.0200000000000005,5.0,0.0,,E2,C1+P2,T5,1017,3.6460628509521484
0.5716666666666667,0.0,1.0,,0.4725915348751452,0.0,0.0,,,0.0,0.0,True,False,0.16137432663472362,5.255555555555556,9.0,0.0,,E2,C1+P2,T5,1018,3.8825430870056152
0.7733333333333333,0.0,0.9666666666666667,0.4699999999999998,0.46999999999999986,0.0,0.0,,,0.0,0.0,True,False,0.16788496219371246,2.7750000000000004,8.0,0.0,,E2,C1+P2,T5,1019,3.784198045730591
0.81,0.0,1.0,,0.49055696930036785,0.0,0.0,,,0.0,0.0,True,True,0.19733658214333427,5.233333333333333,6.0,0.0,,E2,C1+P2,T5,1020,3.663571357727051
0.6666666666666666,0.0,1.0,,0.47000000000000003,0.0,0.0,,,0.0,0.0,True,False,0.1692647456447355,4.533333333333333,6.0,0.0,,E2,C1+P2,T5,1021,3.6043648719787598
0.665,0.0,1.0,2.0393729135396876,0.47,0.0,0.0,,,0.0,0.0,True,False,0.15651321348631927,4.15,6.0,0.0,,E2,C1+P2,T5,1022,3.635098695755005
0.7733333333333333,0.0,1.0,,0.4699999999999993,0.0,0.0,,,0.0,0.0,True,False,0.1540744233230973,3.0900000000000003,10.0,0.0,,E2,C1+P2,T5,1023,3.6428070068359375
0.665,0.0,0.8683333333333333,0.46999999999999986,0.47000000000000053,0.0,1.0,0.0,,0.0,0.0,False,False,0.11451640814922773,3.3333333333333335,6.0,0.0,,E2,C1+P2,T5,1024,3.4535109996795654
0.66,0.0,1.0,,0.4700000000000007,0.0,0.0,,,0.0,0.0,True,False,0.1305077491695233,4.75,8.0,0.0,,E2,C1+P2,T5,1025,3.679641008377075
0.8516666666666667,0.0,0.9666666666666667,0.4699999999999995,0.49697605373923226,0.0,0.0,,,0.0,0.0,True,True,0.1840889373495924,2.8166666666666664,6.0,0.0,,E2,C1+P2,T5,1026,3.6073060035705566
0.7383333333333333,0.0,0.9933333333333333,0.4811569753166561,0.47366381478693736,0.0,1.0,1.0,4.9,0.0,0.0,True,False,0.1268976721004955,3.1333333333333333,6.0,0.0,,E2,C1+P2,T5,1027,3.796998977661133
0.815,0.0,0.9116666666666666,0.4699999999999993,0.4755216968057222,0.0,0.0,,,0.0,0.0,True,True,0.16698246059944236,2.5333333333333337,6.0,1.0,,E2,C1+P2,T5,1028,3.7504591941833496
0.7366666666666667,0.0,0.985,0.46999999999999964,0.47255671590682696,0.0,1.0,1.0,5.5,0.0,0.0,True,False,0.1541944355354051,2.542857142857143,7.0,1.0,,E2,C1+P2,T5,1029,3.604602813720703
0.7316666666666667,0.0,0.9733333333333334,0.47000000000000025,0.47,0.0,0.0,,,0.0,0.0,True,False,0.15729281461548555,4.688888888888889,9.0,0.0,,E2,C1+P2,T5,1030,3.6500871181488037
0.8116666666666666,0.0,1.0,,0.48473752254969776,0.0,0.0,,,0.0,0.0,True,True,0.15695712954373103,3.0714285714285716,7.0,0.0,,E2,C1+P2,T5,1031,3.6089978218078613
0.83,0.0,1.0,,0.4781983655756517,0.0,0.0,,,0.0,0.0,True,True,0.17397236023710091,2.7,7.0,0.0,,E2,C1+P2,T5,1032,3.550414800643921
0.8016666666666666,0.0,1.0,,0.47714652342960034,0.0,0.0,,,0.0,0.0,True,True,0.1695663545504496,2.8000000000000003,9.0,0.0,,E2,C1+P2,T5,1033,3.704322099685669
0.54,0.0,1.0,,0.46999999999999936,0.0,0.0,,,0.0,0.0,True,False,0.15306227681082357,8.061538461538461,13.0,0.0,,E2,C1+P2,T5,1034,3.7638583183288574
0.7683333333333333,0.0,1.0,2.044244904982872,0.4699999999999998,0.0,0.0,,,0.0,0.0,True,False,0.11424863182775442,2.9375,8.0,0.0,,E2,C1+P2,T5,1035,3.7279562950134277
0.8,0.0,1.0,,0.4748832218226293,0.0,0.0,,,0.0,0.0,True,True,0.15070608147462064,2.8833333333333333,6.0,0.0,,E2,C1+P2,T5,1036,3.682201862335205
0.69,0.0,0.9616666666666667,0.45163304126763065,0.47000000000000014,0.0,0.0,,,0.0,0.0,True,False,0.16613820062258697,4.04,10.0,0.0,,E2,C1+P2,T5,1037,3.6411142349243164
0.6633333333333333,1.0,0.8483333333333334,0.4699999999999995,0.4793201843685802,0.0,2.0,1.0,1.9500000000000002,0.0,0.0,True,False,0.15928332245140156,4.733333333333333,12.0,0.0,,E2,C1+P2,T5,1038,3.7579970359802246
0.79,0.0,1.0,1.4275738460886431,0.4699999999999992,0.0,0.0,,,0.0,0.0,True,False,0.16840488524682073,3.266666666666667,9.0,0.0,,E2,C1+P2,T5,1039,3.734337091445923
0.8133333333333334,2.0,0.965,0.46999999999999964,0.46999999999999975,0.0,1.0,0.0,,0.0,0.0,False,False,0.16610196726979373,2.7750000000000004,8.0,0.0,,E2,C1+P2,T5,1040,3.7188191413879395
0.7416666666666667,0.0,0.9666666666666667,0.4699999999999998,0.4850889581295366,0.0,1.0,0.0,,0.0,0.0,False,False,0.1189408975923717,3.4200000000000004,10.0,0.0,,E2,C1+P2,T5,1041,3.454745054244995
0.7516666666666667,2.0,0.8666666666666667,0.288922057636388,0.4723909841295699,0.0,1.0,1.0,8.8,0.0,0.0,True,False,0.1396992659804438,2.6999999999999997,6.0,1.0,,E2,C1+P2,T5,1042,3.588286876678467
0.7083333333333334,0.0,1.0,,0.4699999999999992,0.0,0.0,,,0.0,0.0,True,False,0.15607222909540042,2.88,10.0,0.0,,E2,C1+P2,T5,1043,3.479015827178955
0.6383333333333333,0.0,1.0,,0.490873605642215,0.0,0.0,,,0.0,0.0,True,False,0.19410970301410835,4.91,10.0,0.0,,E2,C1+P2,T5,1044,3.4713478088378906
0.7683333333333333,0.0,0.9766666666666667,0.46999999999999964,0.4945163090962956,0.0,0.0,,,0.0,0.0,True,False,0.17343017203645467,3.1,5.0,1.0,,E2,C1+P2,T5,1045,3.5846729278564453
0.8666666666666667,0.0,0.8966666666666666,0.4699999999999996,0.4847857576712456,0.0,2.0,0.5,3.3000000000000003,0.0,0.0,True,True,0.14947278703483627,1.1857142857142857,7.0,3.0,,E2,C1+P2,T5,1046,3.7196860313415527
0.83,0.0,0.9883333333333333,0.4777969838992273,0.48062704906366815,0.0,1.0,1.0,1.5,0.0,0.0,True,True,0.1578391889396491,2.8666666666666667,6.0,0.0,,E2,C1+P2,T5,1047,3.5728890895843506
0.7983333333333333,0.0,0.905,0.46999999999999953,0.47000000000000014,0.0,1.0,1.0,4.6000000000000005,0.0,0.0,True,False,0.11695507955344854,1.9090909090909094,11.0,1.0,,E2,C1+P2,T5,1048,3.7199618816375732
0.61,0.0,1.0,,0.4699999999999992,0.0,0.0,,,0.0,0.0,True,False,0.15256597514408898,5.022222222222222,9.0,0.0,,E2,C1+P2,T5,1049,3.415684938430786
0.9066666666666666,1.0,0.24,0.4699999999999991,0.5932862975050894,0.0,2.0,1.0,2.45,0.0,0.0,True,False,0.16060094504140668,2.1625,8.0,6.0,,E2,C1+P2,T6,1000,4.020661115646362
0.3416666666666667,0.0,0.6933333333333334,0.46999999999999964,1.5049224599549704,0.0,3.0,0.6666666666666666,12.100000000000001,0.0,0.0,False,False,0.08699194052466383,6.442857142857143,7.0,0.0,,E2,C1+P2,T6,1001,2.81284499168396
0.325,0.0,0.6783333333333333,0.46999999999999925,1.575381041310193,0.0,2.0,0.0,,0.0,0.0,False,False,0.04771030782730637,19.73,10.0,1.0,,E2,C1+P2,T6,1002,2.258047103881836
0.25666666666666665,0.0,0.73,0.46999999999999886,1.4821324592093228,0.0,2.0,0.0,,0.0,0.0,False,False,0.04873887226645897,19.700000000000003,4.0,0.0,,E2,C1+P2,T6,1003,2.204745054244995
1.0,0.0,0.475,0.46999999999999925,1.1476411906085284,0.0,0.0,,,0.0,0.0,True,True,0.14142478817318913,0.0,4.0,0.0,,E2,C1+P2,T6,1004,3.683335781097412
0.9466666666666667,1.0,0.5,0.46999999999999953,0.5604719108339724,0.0,1.0,1.0,3.1,0.0,0.0,True,False,0.14761031590409923,1.3000000000000003,8.0,1.0,,E2,C1+P2,T6,1005,4.042203187942505
0.9166666666666666,0.0,0.62,0.4699999999999992,0.8767425181735886,0.0,2.0,1.0,2.45,0.0,0.0,True,True,0.17292447803321467,1.6333333333333335,9.0,2.0,,E2,C1+P2,T6,1006,3.9263522624969482
0.9033333333333333,1.0,0.375,0.46999999999999903,0.4714062373218067,0.0,0.0,,,0.0,0.0,True,False,0.11291881016701866,3.1500000000000004,6.0,0.0,,E2,C1+P2,T6,1007,3.8912792205810547
0.8283333333333334,1.0,0.3933333333333333,0.4655811694488318,0.46999999999999964,0.0,1.0,1.0,2.8000000000000003,0.0,0.0,True,False,0.1311911464337898,3.5857142857142863,7.0,5.0,,E2,C1+P2,T6,1008,3.8210558891296387
0.7816666666666666,0.0,0.175,0.46999999999999903,0.5439293297509636,0.0,2.0,1.0,7.050000000000001,0.0,0.0,True,False,0.15347020148270354,2.9625000000000004,8.0,0.0,,E2,C1+P2,T6,1009,3.710263967514038
0.475,0.0,0.6333333333333333,0.45878550531927825,1.0634150735317338,0.0,4.0,0.25,4.0,0.0,0.0,False,False,0.10240898798172667,14.642857142857144,7.0,0.0,,E2,C1+P2,T6,1010,2.8174588680267334
0.9066666666666666,0.0,0.555,0.46999999999999914,1.0228100081438976,0.0,3.0,0.3333333333333333,4.9,0.0,0.0,False,False,0.1494959165726688,0.3333333333333333,9.0,2.0,,E2,C1+P2,T6,1011,3.5648200511932373
0.97,0.0,0.8566666666666667,0.4699999999999997,0.7818404175857521,0.0,1.0,1.0,3.1,0.0,0.0,True,True,0.12147002366382341,0.65,6.0,12.0,,E2,C1+P2,T6,1012,3.8970820903778076
0.9216666666666666,0.0,0.38166666666666665,0.4699999999999995,0.54327592541025,0.0,1.0,1.0,2.9000000000000004,0.0,0.0,True,True,0.13095119700034935,2.0,6.0,0.0,,E2,C1+P2,T6,1013,3.8491342067718506
1.0,2.0,0.4866666666666667,0.4699999999999993,1.0406015124430195,0.0,3.0,1.0,1.6333333333333335,0.0,0.0,True,False,0.16429585760914894,0.0,11.0,8.0,,E2,C1+P2,T6,1014,3.8404080867767334
,,,,,,,,,,,,,,,,,RuntimeError('T6 seed 1015: T6 crowd placement failed'),E2,C1+P2,T6,1015,0.13266611099243164
0.35,0.0,0.9233333333333333,0.46999999999999975,1.4971799888682704,0.0,2.0,0.0,,0.0,0.0,False,False,0.04793970247082924,7.225000000000001,8.0,2.0,,E2,C1+P2,T6,1016,2.1498160362243652
0.39666666666666667,3.0,0.6766666666666666,0.4699999999999993,1.4889159561327132,0.0,3.0,0.6666666666666666,8.75,0.0,0.0,True,False,0.0657518474994823,15.600000000000001,2.0,2.0,,E2,C1+P2,T6,1017,3.195814847946167
0.43666666666666665,0.0,0.5116666666666667,0.46999999999999914,0.46999999999999986,0.0,2.0,0.5,3.1,0.0,0.0,False,False,0.08563166178564438,3.5666666666666664,6.0,1.0,,E2,C1+P2,T6,1018,3.037752151489258
0.76,0.0,0.5,0.4699999999999995,0.4700000000000001,0.0,6.0,0.6666666666666666,3.1500000000000004,0.0,0.0,False,False,0.13096003236852713,3.966666666666667,6.0,1.0,,E2,C1+P2,T6,1019,3.541975736618042
0.25666666666666665,0.0,0.8766666666666667,0.4699999999999991,1.4893964239156303,0.0,3.0,0.0,,0.0,0.0,False,False,0.048567379562191204,13.750000000000002,6.0,1.0,,E2,C1+P2,T6,1020,2.451169967651367
0.36666666666666664,0.0,0.755,0.46999999999999914,1.6461269087872177,0.0,5.0,0.6,5.7,0.0,0.0,False,False,0.0591164440541478,11.925,8.0,2.0,,E2,C1+P2,T6,1021,2.4712748527526855
0.9183333333333333,1.0,0.6983333333333334,0.4699999999999996,0.5069964991118258,0.0,4.0,1.0,3.0250000000000004,0.0,0.0,True,False,0.11063472911004668,1.35,8.0,1.0,,E2,C1+P2,T6,1022,3.8720271587371826
0.2783333333333333,1.0,0.6266666666666667,0.4699999999999993,1.413930835118425,0.0,3.0,0.6666666666666666,7.95,0.0,0.0,False,False,0.06336730957311716,8.1,8.0,3.0,,E2,C1+P2,T6,1023,2.8596839904785156
0.6566666666666666,0.0,0.69,0.4699999999999997,0.5596418304126703,0.0,1.0,0.0,,0.0,0.0,True,False,0.09612369279671,3.0142857142857147,7.0,9.0,,E2,C1+P2,T6,1024,2.845043897628784
0.2916666666666667,0.0,0.7616666666666667,0.4699999999999993,0.4952204546538717,0.0,4.0,0.5,6.450000000000001,0.0,0.0,False,False,0.07052562979215618,14.383333333333333,6.0,0.0,,E2,C1+P2,T6,1025,2.542423725128174
1.0,0.0,0.255,0.46286437970224203,1.0450492063906496,0.0,1.0,1.0,3.3000000000000003,0.0,0.0,True,True,0.20072280440846457,0.0,6.0,3.0,,E2,C1+P2,T6,1026,3.803402900695801
0.9866666666666667,0.0,0.5183333333333333,0.4699999999999993,0.9660999561937691,0.0,1.0,1.0,2.1,0.0,0.0,True,True,0.15711812932226302,0.5,6.0,1.0,,E2,C1+P2,T6,1027,3.9133718013763428
0.9433333333333334,2.0,0.48833333333333334,0.46999999999999964,0.5490312880929841,0.0,0.0,,,0.0,0.0,True,False,0.1596696122804341,1.3444444444444446,9.0,2.0,,E2,C1+P2,T6,1028,3.709575891494751
0.3233333333333333,0.0,0.6433333333333333,0.4699999999999983,1.6691167046931028,0.0,2.0,0.0,,0.0,0.0,False,False,0.04122913115020576,13.114285714285714,7.0,1.0,,E2,C1+P2,T6,1029,2.3532159328460693
1.0,0.0,0.30666666666666664,0.46999999999999936,1.1474283841362296,0.0,1.0,1.0,1.7000000000000002,0.0,0.0,True,True,0.1695727153203204,0.0,7.0,5.0,,E2,C1+P2,T6,1030,3.712477922439575
0.84,2.0,0.6483333333333333,0.4474500939786637,0.8892654487797003,0.0,3.0,1.0,5.333333333333333,0.0,0.0,True,False,0.1264574661549034,1.125,8.0,9.0,,E2,C1+P2,T6,1031,3.557399034500122
,,,,,,,,,,,,,,,,,RuntimeError('T6 seed 1032: T6 crowd placement failed'),E2,C1+P2,T6,1032,0.1408700942993164
0.865,2.0,0.3233333333333333,0.46999999999999903,0.4699999999999998,0.0,1.0,1.0,2.8000000000000003,0.0,0.0,True,False,0.1600149441512891,1.9090909090909092,11.0,0.0,,E2,C1+P2,T6,1033,3.86016583442688
0.38333333333333336,0.0,0.7833333333333333,0.46999999999999975,1.6884811107690068,0.0,2.0,0.5,2.5,0.0,0.0,False,False,0.05743003384126892,9.875,4.0,1.0,,E2,C1+P2,T6,1034,2.5032050609588623
0.9133333333333333,0.0,0.3333333333333333,0.4699999999999995,0.47,0.0,2.0,0.5,2.8000000000000003,0.0,0.0,False,False,0.10814454073582255,1.8000000000000003,9.0,4.0,,E2,C1+P2,T6,1035,3.672718048095703
0.7516666666666667,1.0,0.6916666666666667,0.46999999999999925,0.4858495292034435,0.0,3.0,1.0,7.666666666666667,0.0,0.0,True,False,0.13195571220272576,2.2,10.0,1.0,,E2,C1+P2,T6,1036,3.6285791397094727
0.885,1.0,0.41,0.46999999999999914,0.47,0.0,1.0,1.0,1.2000000000000002,0.0,0.0,True,False,0.17832086278967146,1.8375000000000001,8.0,1.0,,E2,C1+P2,T6,1037,3.7891769409179688
0.8283333333333334,0.0,0.56,0.46999999999999925,1.0915469801055042,0.0,2.0,1.0,8.25,0.0,0.0,True,True,0.08491197039035807,1.3333333333333333,3.0,0.0,,E2,C1+P2,T6,1038,3.495152235031128
0.405,0.0,0.76,0.4699999999999992,1.7104874618893209,0.0,2.0,0.0,,0.0,0.0,False,False,0.05706739932579875,10.475000000000001,4.0,0.0,,E2,C1+P2,T6,1039,2.389613151550293
0.9383333333333334,1.0,0.7616666666666667,0.4699999999999995,0.6997159913870854,0.0,3.0,0.6666666666666666,2.5500000000000003,0.0,0.0,True,False,0.12847406125193345,1.1,8.0,1.0,,E2,C1+P2,T6,1040,3.7366061210632324
0.45666666666666667,0.0,0.6216666666666667,0.4699999999999996,0.4699999999999999,0.0,2.0,0.5,3.2,0.0,0.0,False,False,0.0790625426868141,3.1,5.0,8.0,,E2,C1+P2,T6,1041,2.7740819454193115
0.5733333333333334,0.0,0.8566666666666667,0.4699999999999994,1.201603246831598,0.0,3.0,0.6666666666666666,3.55,0.0,0.0,False,False,0.08470567356989192,6.65,8.0,1.0,,E2,C1+P2,T6,1042,2.7749340534210205
0.5383333333333333,0.0,0.9133333333333333,0.46999999999999925,0.5907376871322266,0.0,3.0,0.6666666666666666,1.6,0.0,0.0,True,False,0.08334769574988132,8.057142857142859,7.0,2.0,,E2,C1+P2,T6,1043,3.2183918952941895
0.7983333333333333,1.0,0.505,0.46999999999999925,0.47000000000000025,0.0,3.0,1.0,3.2000000000000006,0.0,0.0,True,False,0.13310233166975627,4.044444444444444,9.0,4.0,,E2,C1+P2,T6,1044,3.6782641410827637
0.6933333333333334,0.0,0.6266666666666667,0.4699999999999996,0.5086744051892528,0.0,2.0,1.0,9.25,0.0,0.0,True,False,0.13447310994796127,3.5444444444444447,9.0,1.0,,E2,C1+P2,T6,1045,3.277517080307007
0.39,1.0,0.7566666666666667,0.46999999999999914,1.5912064825579635,0.0,2.0,0.5,13.0,0.0,0.0,False,False,0.0667804209828925,8.950000000000001,4.0,8.0,,E2,C1+P2,T6,1046,3.0050208568573
0.905,0.0,0.775,0.4699999999999995,0.6974348625687797,0.0,2.0,0.5,1.4000000000000001,0.0,0.0,False,False,0.1852491797355719,1.0375,8.0,11.0,,E2,C1+P2,T6,1047,3.7455220222473145
0.5083333333333333,0.0,0.63,0.46999999999999964,0.46999999999999986,0.0,8.0,0.875,3.485714285714286,0.0,0.0,False,False,0.0970629993840896,3.6875000000000004,8.0,2.0,,E2,C1+P2,T6,1048,3.3533639907836914
0.8883333333333333,0.0,0.2816666666666667,0.46999999999999925,0.480941073302981,0.0,1.0,0.0,,0.0,0.0,False,False,0.14284862828060776,2.31,10.0,1.0,,E2,C1+P2,T6,1049,3.8903329372406006
0.63,0.0,0.77,0.46999999999999953,0.4699999999999996,0.0,1.0,1.0,2.0,0.0,0.0,True,False,0.1691523923621631,5.936363636363637,11.0,5.0,,E2,C1+P2,T7,1000,3.885424852371216
0.8983333333333333,0.0,0.73,0.4578155260075064,0.4912196365673246,0.0,1.0,1.0,1.5,0.0,0.0,True,True,0.15047686676101255,1.542857142857143,7.0,5.0,,E2,C1+P2,T7,1001,3.741131067276001
0.995,0.0,1.0,,0.9936816341019251,0.0,0.0,,,0.0,0.0,True,True,0.11856674834675587,1.2000000000000002,2.0,0.0,,E2,C1+P2,T7,1002,3.3836820125579834
0.20833333333333334,0.0,0.9133333333333333,0.46999999999999925,0.46999999999999975,0.0,3.0,0.3333333333333333,2.6,0.0,0.0,False,False,0.05531586498918509,12.81111111111111,9.0,0.0,,E2,C1+P2,T7,1003,2.3083598613739014
0.8183333333333334,0.0,0.92,0.4699999999999992,0.4749954097460289,0.0,2.0,1.0,2.6500000000000004,0.0,0.0,True,True,0.14655083164671256,1.491666666666667,12.0,1.0,,E2,C1+P2,T7,1004,3.7902801036834717
0.9083333333333333,0.0,1.0,,0.5501981122284271,0.0,0.0,,,0.0,0.0,True,True,0.1608684314038092,2.6333333333333333,3.0,0.0,,E2,C1+P2,T7,1005,3.4258949756622314
0.6683333333333333,0.0,0.955,0.4699999999999997,0.5128334270516354,0.0,1.0,1.0,1.7000000000000002,0.0,0.0,True,False,0.19709055714590687,3.825,8.0,2.0,,E2,C1+P2,T7,1006,3.6508727073669434
0.8166666666666667,0.0,1.0,,0.46999999999999986,0.0,0.0,,,0.0,0.0,True,True,0.12623510083010012,3.3833333333333333,6.0,0.0,,E2,C1+P2,T7,1007,3.325340747833252
0.795,0.0,0.9033333333333333,0.4700000000000002,0.4700000000000001,0.0,2.0,1.0,4.65,0.0,0.0,True,False,0.12763085882833689,1.5250000000000001,4.0,0.0,,E2,C1+P2,T7,1008,3.7184877395629883
0.9533333333333334,0.0,0.9966666666666667,0.493974217310136,0.5301558549787709,0.0,0.0,,,0.0,0.0,True,True,0.17430996614725344,3.9000000000000004,1.0,0.0,,E2,C1+P2,T7,1009,3.6563680171966553
0.68,1.0,0.8016666666666666,0.44201533095512885,0.5017099775817897,0.0,3.0,1.0,4.733333333333333,0.0,0.0,True,False,0.15489460462373728,2.6666666666666665,6.0,1.0,,E2,C1+P2,T7,1010,3.657728910446167
1.0,0.0,0.8366666666666667,0.4699999999999992,1.133323962022207,0.0,2.0,1.0,2.3500000000000005,0.0,0.0,True,True,0.139104790971666,0.0,5.0,4.0,,E2,C1+P2,T7,1011,3.761218786239624
0.9416666666666667,0.0,1.0,0.5599294393298027,0.6433387732817399,0.0,0.0,,,0.0,0.0,True,True,0.1302240734571667,2.2399999999999998,5.0,1.0,,E2,C1+P2,T7,1012,3.7500391006469727
0.7183333333333334,0.0,1.0,,0.48379770579038295,0.0,0.0,,,0.0,0.0,True,False,0.17304434177106406,4.7,5.0,0.0,,E2,C1+P2,T7,1013,3.5415189266204834
0.5533333333333333,0.0,1.0,1.686851577336886,0.4720586220981604,0.0,0.0,,,0.0,0.0,True,False,0.21144346255903437,6.9375,8.0,0.0,,E2,C1+P2,T7,1014,3.7810280323028564
0.865,0.0,0.985,0.46999999999999986,0.4943847943634842,0.0,0.0,,,0.0,0.0,True,True,0.16341915894968304,4.5,5.0,1.0,,E2,C1+P2,T7,1015,3.659173011779785
0.97,0.0,1.0,5.4100184810599075,0.79452042498933,0.0,0.0,,,0.0,0.0,True,True,0.19281353339992077,3.4000000000000004,1.0,0.0,,E2,C1+P2,T7,1016,3.6933372020721436
0.8333333333333334,0.0,0.8566666666666667,0.4699999999999995,0.46999999999999964,0.0,1.0,1.0,1.3,0.0,0.0,True,True,0.19222283884993338,2.1692307692307695,13.0,3.0,,E2,C1+P2,T7,1017,3.9081192016601562
0.8133333333333334,0.0,0.9333333333333333,0.4699999999999996,0.4846272357938264,0.0,1.0,1.0,1.6,0.0,0.0,True,True,0.17914088922332666,2.2142857142857144,7.0,3.0,,E2,C1+P2,T7,1018,3.5383400917053223
0.6216666666666667,0.0,0.7583333333333333,0.4699999999999995,0.4699999999999999,0.0,4.0,1.0,5.200000000000001,0.0,0.0,True,False,0.12770377232669697,4.525,8.0,4.0,,E2,C1+P2,T7,1019,3.4342188835144043
0.3466666666666667,0.0,1.0,,0.47981711415383754,0.0,0.0,,,0.0,0.0,True,False,0.18239885286367752,40.1,1.0,0.0,,E2,C1+P2,T7,1020,3.3667659759521484
0.585,0.0,1.0,3.6401120824258992,0.4700000000000001,0.0,0.0,,,0.0,0.0,True,False,0.16944162525268894,5.76,5.0,0.0,,E2,C1+P2,T7,1021,3.6176929473876953
0.6283333333333333,0.0,1.0,,0.46999999999999986,0.0,0.0,,,0.0,0.0,True,False,0.16226930119199479,7.557142857142858,7.0,0.0,,E2,C1+P2,T7,1022,3.406670093536377
0.765,0.0,0.86,0.4699999999999999,0.4699999999999996,0.0,0.0,,,0.0,0.0,True,False,0.16176631691651278,3.4454545454545453,11.0,1.0,,E2,C1+P2,T7,1023,3.8508689403533936
0.67,1.0,0.715,0.4699999999999991,0.47645314462388194,0.0,2.0,0.5,8.6,0.0,0.0,True,False,0.1543299104478688,6.9125,8.0,0.0,,E2,C1+P2,T7,1024,3.5835399627685547
0.7433333333333333,2.0,0.8316666666666667,0.44898392812751603,0.47,0.0,3.0,1.0,3.4666666666666672,0.0,0.0,True,False,0.14240976423020626,5.009090909090909,11.0,1.0,,E2,C1+P2,T7,1025,3.7206521034240723
0.715,2.0,0.8416666666666667,0.4208018167287165,0.48508898109583953,0.0,0.0,,,0.0,0.0,True,False,0.16680044411155698,4.292307692307693,13.0,0.0,,E2,C1+P2,T7,1026,3.7629499435424805
0.8183333333333334,0.0,1.0,,0.49337256352988457,0.0,0.0,,,0.0,0.0,True,True,0.14688506890423256,4.7,5.0,0.0,,E2,C1+P2,T7,1027,3.467926025390625
0.87,0.0,0.8616666666666667,0.4699999999999996,0.4700000000000004,0.0,1.0,1.0,2.0,0.0,0.0,True,True,0.1663460652831697,2.0153846153846158,13.0,6.0,,E2,C1+P2,T7,1028,3.709848165512085
1.0,0.0,1.0,0.5376148609301648,1.2938853242315187,0.0,0.0,,,0.0,0.0,True,True,0.128838861671305,0.0,2.0,0.0,,E2,C1+P2,T7,1029,4.131954908370972
0.8266666666666667,0.0,1.0,,0.4725995467428737,0.0,0.0,,,0.0,0.0,True,True,0.207980761678986,5.199999999999999,6.0,0.0,,E2,C1+P2,T7,1030,3.5691821575164795
1.0,0.0,1.0,,1.0284477958175577,0.0,0.0,,,0.0,0.0,True,True,0.15008804073415905,0.0,3.0,0.0,,E2,C1+P2,T7,1031,3.416578769683838
0.735,0.0,0.9683333333333334,0.4699999999999999,0.4957612923348227,0.0,1.0,1.0,1.6,0.0,0.0,True,False,0.1395592257440117,7.3999999999999995,3.0,0.0,,E2,C1+P2,T7,1032,3.602695941925049
0.9083333333333333,0.0,1.0,0.507423663221724,0.5252345582033534,0.0,1.0,1.0,1.5,0.0,0.0,True,True,0.1401602037722139,2.9000000000000004,2.0,0.0,,E2,C1+P2,T7,1033,3.909864902496338
0.6983333333333334,0.0,0.9633333333333334,0.46999999999999925,0.47,0.0,0.0,,,0.0,0.0,True,False,0.1529145736464061,5.033333333333334,12.0,1.0,,E2,C1+P2,T7,1034,3.5014398097991943
0.905,0.0,1.0,0.6445036156344736,0.5819066276355462,0.0,0.0,,,0.0,0.0,True,True,0.1622620651324746,1.7285714285714284,7.0,4.0,,E2,C1+P2,T7,1035,3.705070972442627
1.0,0.0,0.9733333333333334,0.46999999999999975,1.0171688619132726,0.0,0.0,,,0.0,0.0,True,True,0.1681836420545999,0.0,3.0,0.0,,E2,C1+P2,T7,1036,3.5203378200531006
0.8316666666666667,0.0,0.9683333333333334,0.4699999999999996,0.48102825063535415,0.0,1.0,1.0,1.5,0.0,0.0,True,True,0.14013563768818574,2.325,8.0,0.0,,E2,C1+P2,T7,1037,3.4606850147247314
0.6633333333333333,2.0,0.5816666666666667,0.4699999999999993,0.46999999999999975,0.0,2.0,1.0,1.75,0.0,0.0,True,False,0.19352065252024517,5.880000000000001,10.0,7.0,,E2,C1+P2,T7,1038,3.961519956588745
0.65,1.0,0.67,0.46999999999999953,0.4700000000000001,0.0,2.0,0.5,2.4000000000000004,0.0,0.0,True,False,0.11475433750477808,5.3,7.0,6.0,,E2,C1+P2,T7,1039,3.0847110748291016
0.38166666666666665,0.0,0.8916666666666667,0.469900367352221,0.4774801594742868,0.0,1.0,0.0,,0.0,0.0,False,False,0.11561428932049332,7.6625000000000005,8.0,1.0,,E2,C1+P2,T7,1040,2.802888870239258
0.9633333333333334,0.0,1.0,0.7518611844555035,0.809946023212833,0.0,0.0,,,0.0,0.0,True,True,0.20182263772945933,2.8000000000000003,2.0,0.0,,E2,C1+P2,T7,1041,3.651183843612671
0.3383333333333333,0.0,0.9866666666666667,0.46999999999999953,1.440512925769611,0.0,2.0,0.0,,0.0,0.0,False,False,0.0679255949927452,13.15,6.0,1.0,,E2,C1+P2,T7,1042,2.048682928085327
0.9016666666666666,1.0,0.5433333333333333,0.4699999999999991,0.46999999999999986,0.0,5.0,0.8,1.6250000000000002,0.0,0.0,False,False,0.14769623690972247,1.625,8.0,3.0,,E2,C1+P2,T7,1043,3.4063880443573
0.5633333333333334,0.0,0.7066666666666667,0.4699999999999991,0.4892105462356359,0.0,2.0,1.0,8.45,0.0,0.0,True,False,0.1700158643409371,4.0181818181818185,11.0,1.0,,E2,C1+P2,T7,1044,3.3058762550354004
0.73,0.0,0.9683333333333334,0.46650940638035854,0.4830984386685305,0.0,0.0,,,0.0,0.0,True,False,0.22222405772842896,3.1625,8.0,2.0,,E2,C1+P2,T7,1045,2.222337007522583
0.7483333333333333,0.0,1.0,3.0491611043219278,0.46999999999999936,0.0,0.0,,,0.0,0.0,True,False,0.1792066289540444,4.6000000000000005,7.0,0.0,,E2,C1+P2,T7,1046,3.2917428016662598
0.9416666666666667,0.0,0.9916666666666667,0.46999999999999925,0.5626504627835397,0.0,0.0,,,0.0,0.0,True,True,0.18325845285939946,4.6000000000000005,1.0,0.0,,E2,C1+P2,T7,1047,2.2119216918945312
1.0,0.0,1.0,0.5226434746571632,1.3091093612656146,0.0,0.0,,,0.0,0.0,True,True,0.10976070439617755,0.0,4.0,0.0,,E2,C1+P2,T7,1048,3.2135188579559326
0.9383333333333334,0.0,1.0,,0.5833001620277273,0.0,0.0,,,0.0,0.0,True,True,0.1301965765591243,1.7750000000000001,4.0,0.0,,E2,C1+P2,T7,1049,1.8967359066009521
