tracking_rate,person_collisions,personal_space_compliance,min_dist_other,min_dist_target,obstacle_collisions,lost_events,recovery_rate,recovery_time,wrong_switches,wrong_frac,following_at_end,success,smoothness,turn_lag,n_turns,n_swaps_injected,error,experiment,method,scenario,seed,wall_s
1.0,0.0,1.0,,1.1053026253799554,0.0,0.0,,,0.0,0.0,True,True,0.19414822145834162,0.0,2.0,0.0,,E6,C0 oracle-perc,T1,1000,2.9588418006896973
0.58,0.0,1.0,,0.4724828500518241,0.0,0.0,,,0.0,0.0,True,False,0.14146900698907056,13.3,2.0,0.0,,E6,C0 oracle-perc,T1,1001,2.7047390937805176
0.8433333333333334,1.0,0.9766666666666667,0.46999999999999953,0.481859219054433,0.0,0.0,,,0.0,0.0,True,False,0.13775871304501067,4.750000000000001,6.0,0.0,,E6,C0 oracle-perc,T1,1002,3.0820348262786865
0.8316666666666667,0.0,1.0,,0.4699999999999999,0.0,0.0,,,0.0,0.0,True,True,0.11187624562332825,3.314285714285714,7.0,0.0,,E6,C0 oracle-perc,T1,1003,2.8495638370513916
0.925,0.0,1.0,,0.4699999999999999,0.0,0.0,,,0.0,0.0,True,True,0.17201552593317918,2.3600000000000003,5.0,0.0,,E6,C0 oracle-perc,T1,1004,2.9715828895568848
0.8783333333333333,1.0,0.91,0.46999999999999925,0.46999999999999975,0.0,2.0,1.0,2.2,0.0,0.0,True,False,0.17887347484471489,4.0,7.0,0.0,,E6,C0 oracle-perc,T1,1005,2.966498851776123
0.6616666666666666,0.0,1.0,,0.5294232689843311,0.0,0.0,,,0.0,0.0,True,False,0.1814616499547715,11.450000000000001,2.0,0.0,,E6,C0 oracle-perc,T1,1006,2.8974881172180176
0.5833333333333334,0.0,0.865,0.4699999999999993,1.288856156676914,0.0,2.0,0.5,8.1,0.0,0.0,False,False,0.06926868960254393,4.48,5.0,0.0,,E6,C0 oracle-perc,T1,1007,2.5832841396331787
0.765,0.0,1.0,,0.46999999999999925,0.0,0.0,,,0.0,0.0,True,False,0.12301894745930322,5.216666666666668,6.0,0.0,,E6,C0 oracle-perc,T1,1008,2.9403841495513916
0.9316666666666666,0.0,1.0,,0.5559832507532124,0.0,0.0,,,0.0,0.0,True,True,0.1990406311150764,2.075,4.0,0.0,,E6,C0 oracle-perc,T1,1009,2.9322350025177
0.6983333333333334,0.0,1.0,,0.5122601421197429,0.0,0.0,,,0.0,0.0,True,False,0.22465070475082122,10.85,2.0,0.0,,E6,C0 oracle-perc,T1,1010,2.854321002960205
0.7966666666666666,0.0,1.0,,0.47674873950248603,0.0,0.0,,,0.0,0.0,True,False,0.17855484806230026,3.975,4.0,0.0,,E6,C0 oracle-perc,T1,1011,2.8653218746185303
1.0,0.0,1.0,,1.0953954444557301,0.0,0.0,,,0.0,0.0,True,True,0.09616113767400263,0.0,4.0,0.0,,E6,C0 oracle-perc,T1,1012,2.971284866333008
1.0,0.0,1.0,,1.0584797512628246,0.0,0.0,,,0.0,0.0,True,True,0.19721789569660547,0.0,2.0,0.0,,E6,C0 oracle-perc,T1,1013,2.827444076538086
1.0,0.0,1.0,,1.0188891405293914,0.0,0.0,,,0.0,0.0,True,True,0.13840379809958153,0.0,2.0,0.0,,E6,C0 oracle-perc,T1,1014,2.971259355545044
0.9783333333333334,0.0,1.0,,0.8803642720442794,0.0,0.0,,,0.0,0.0,True,True,0.16590306700352903,1.1666666666666667,3.0,0.0,,E6,C0 oracle-perc,T1,1015,2.896721124649048
1.0,0.0,1.0,,1.0287510907571604,0.0,0.0,,,0.0,0.0,True,True,0.1604479996441217,0.0,2.0,0.0,,E6,C0 oracle-perc,T1,1016,2.9463279247283936
0.8583333333333333,0.0,1.0,,0.4700000000000001,0.0,0.0,,,0.0,0.0,True,True,0.1298227958856471,4.92,5.0,0.0,,E6,C0 oracle-perc,T1,1017,2.806244134902954
0.805,0.0,1.0,,0.5437031872164991,0.0,0.0,,,0.0,0.0,True,True,0.17487603257336726,4.625,4.0,0.0,,E6,C0 oracle-perc,T1,1018,2.8206350803375244
0.84,0.0,1.0,,0.47643741175861054,0.0,0.0,,,0.0,0.0,True,True,0.17652730087477375,4.14,5.0,0.0,,E6,C0 oracle-perc,T1,1019,2.8769681453704834
0.9733333333333334,0.0,1.0,,0.8928741941369674,0.0,0.0,,,0.0,0.0,True,True,0.208633850829627,3.5,1.0,0.0,,E6,C0 oracle-perc,T1,1020,2.958369016647339
1.0,0.0,1.0,,1.0958652864105032,0.0,0.0,,,0.0,0.0,True,True,0.14024272949345576,0.0,2.0,0.0,,E6,C0 oracle-perc,T1,1021,2.851962089538574
0.9633333333333334,0.0,1.0,1.8504705983787797,0.7856138593145813,0.0,0.0,,,0.0,0.0,True,True,0.14931301112034157,1.25,2.0,0.0,,E6,C0 oracle-perc,T1,1022,3.0281012058258057
0.6983333333333334,1.0,0.805,0.4246597595132813,0.4699999999999996,0.0,0.0,,,0.0,0.0,True,False,0.1627742156741237,6.82,5.0,0.0,,E6,C0 oracle-perc,T1,1023,2.9974567890167236
0.92,0.0,1.0,,0.5504392479039866,0.0,0.0,,,0.0,0.0,True,True,0.13942729045221372,2.0333333333333337,3.0,0.0,,E6,C0 oracle-perc,T1,1024,2.9212069511413574
0.4866666666666667,0.0,1.0,3.272422198275909,0.46999999999999925,0.0,0.0,,,0.0,0.0,True,False,0.08586226563298863,10.4,4.0,0.0,,E6,C0 oracle-perc,T1,1025,2.871490955352783
1.0,0.0,1.0,,1.1339082906188405,0.0,0.0,,,0.0,0.0,True,True,0.1650601288170709,0.0,1.0,0.0,,E6,C0 oracle-perc,T1,1026,2.805399179458618
0.9833333333333333,0.0,1.0,0.5682484510196185,0.9493893706767575,0.0,0.0,,,0.0,0.0,True,True,0.21278802402920574,3.1,1.0,0.0,,E6,C0 oracle-perc,T1,1027,3.070556879043579
0.9483333333333334,0.0,0.9233333333333333,0.4699999999999996,0.5741373362262104,0.0,0.0,,,0.0,0.0,True,True,0.20187223727064602,2.233333333333334,3.0,0.0,,E6,C0 oracle-perc,T1,1028,3.046257734298706
1.0,0.0,0.85,0.4699999999999991,1.026852065729914,0.0,0.0,,,0.0,0.0,True,True,0.16538409915165186,0.0,1.0,0.0,,E6,C0 oracle-perc,T1,1029,3.029513120651245
0.8483333333333334,0.0,0.93,0.46999999999999986,0.4847375283108142,0.0,0.0,,,0.0,0.0,True,True,0.15771542147315873,6.050000000000001,4.0,0.0,,E6,C0 oracle-perc,T1,1030,3.0766708850860596
0.8083333333333333,0.0,0.9666666666666667,0.4699999999999996,0.5450496569430033,0.0,0.0,,,0.0,0.0,True,True,0.194470145300076,3.75,4.0,0.0,,E6,C0 oracle-perc,T1,1031,2.957706928253174
0.5933333333333334,0.0,0.93,0.4699999999999999,0.4720046714814651,0.0,1.0,0.0,,0.0,0.0,True,False,0.10721440246717237,11.6,7.0,0.0,,E6,C0 oracle-perc,T1,1032,2.639589786529541
1.0,0.0,1.0,,1.1524904993539058,0.0,0.0,,,0.0,0.0,True,True,0.14878772021551415,0.0,2.0,0.0,,E6,C0 oracle-perc,T1,1033,3.0943071842193604
0.815,0.0,1.0,,0.4699999999999997,0.0,0.0,,,0.0,0.0,True,True,0.10542227627821546,2.8200000000000003,5.0,0.0,,E6,C0 oracle-perc,T1,1034,2.8921520709991455
0.765,0.0,1.0,,0.46999999999999925,0.0,0.0,,,0.0,0.0,True,False,0.10720558986973211,4.6000000000000005,6.0,0.0,,E6,C0 oracle-perc,T1,1035,2.8603310585021973
0.9133333333333333,0.0,1.0,,0.8535478643015154,0.0,0.0,,,0.0,0.0,True,True,0.18059132797849758,3.2,1.0,0.0,,E6,C0 oracle-perc,T1,1036,2.937757968902588
1.0,0.0,1.0,,1.0709783456758295,0.0,0.0,,,0.0,0.0,True,True,0.11739475567956467,0.0,3.0,0.0,,E6,C0 oracle-perc,T1,1037,2.9729297161102295
0.62,0.0,1.0,,0.4828689707985008,0.0,0.0,,,0.0,0.0,True,False,0.2086745121673711,6.25,4.0,0.0,,E6,C0 oracle-perc,T1,1038,2.966130018234253
0.48833333333333334,0.0,0.93,0.47000000000000025,0.9287355975449582,0.0,1.0,0.0,,0.0,0.0,False,False,0.11394438058937316,2.7,4.0,0.0,,E6,C0 oracle-perc,T1,1039,2.2055468559265137
0.9116666666666666,0.0,1.0,,0.5441387006555177,0.0,0.0,,,0.0,0.0,True,True,0.1129219707524921,2.2,3.0,0.0,,E6,C0 oracle-perc,T1,1040,2.9250779151916504
0.63,0.0,1.0,3.9437947071450417,0.48062556865281086,0.0,0.0,,,0.0,0.0,True,False,0.16034849678840604,14.133333333333335,3.0,0.0,,E6,C0 oracle-perc,T1,1041,2.9781219959259033
1.0,0.0,1.0,,1.0566698508471053,0.0,0.0,,,0.0,0.0,True,True,0.18181829741297126,0.0,2.0,0.0,,E6,C0 oracle-perc,T1,1042,2.988157033920288
0.8783333333333333,0.0,1.0,9.027783662466817,0.4699999999999997,0.0,0.0,,,0.0,0.0,True,True,0.10818957860133283,4.0,5.0,0.0,,E6,C0 oracle-perc,T1,1043,3.001723289489746
0.8883333333333333,0.0,1.0,,0.5391105222189246,0.0,0.0,,,0.0,0.0,True,True,0.21744180838312965,5.833333333333333,3.0,0.0,,E6,C0 oracle-perc,T1,1044,3.0087640285491943
0.7466666666666667,0.0,1.0,,0.5231636984411308,0.0,0.0,,,0.0,0.0,True,False,0.17712258534675682,9.750000000000002,2.0,0.0,,E6,C0 oracle-perc,T1,1045,2.7862370014190674
0.6466666666666666,0.0,1.0,,0.46999999999999953,0.0,0.0,,,0.0,0.0,True,False,0.1475601032822061,7.300000000000001,3.0,0.0,,E6,C0 oracle-perc,T1,1046,2.817251205444336
0.6583333333333333,0.0,0.9483333333333334,0.4699999999999994,0.47210418290394646,0.0,1.0,1.0,1.8,0.0,0.0,True,False,0.1623999211414799,7.15,4.0,0.0,,E6,C0 oracle-perc,T1,1047,2.971237897872925
0.83,0.0,1.0,,0.4750409506005301,0.0,1.0,1.0,1.6,0.0,0.0,True,True,0.13440850868718351,2.6500000000000004,6.0,0.0,,E6,C0 oracle-perc,T1,1048,2.785939931869507
0.985,0.0,1.0,1.8583803862397164,0.9510766262823892,0.0,0.0,,,0.0,0.0,True,True,0.12327749296745966,0.0,2.0,0.0,,E6,C0 oracle-perc,T1,1049,3.2551400661468506
0.74,0.0,1.0,,0.4780250549197643,0.0,0.0,,,0.0,0.0,True,False,0.20240748477070913,5.357142857142857,7.0,0.0,,E6,C0 oracle-perc,T2,1000,3.00559401512146
0.6566666666666666,0.0,1.0,,0.4774011119524787,0.0,0.0,,,0.0,0.0,True,False,0.1781473414391444,7.300000000000001,3.0,0.0,,E6,C0 oracle-perc,T2,1001,3.110167980194092
0.8816666666666667,0.0,0.9933333333333333,0.4699999999999998,0.5795529289384301,0.0,0.0,,,0.0,0.0,True,True,0.15298665448516469,2.1333333333333333,6.0,0.0,,E6,C0 oracle-perc,T2,1002,3.220984935760498
0.575,0.0,1.0,,0.46999999999999975,0.0,2.0,1.0,1.5,0.0,0.0,True,False,0.1181198122123904,7.4,7.0,0.0,,E6,C0 oracle-perc,T2,1003,2.9825260639190674
0.76,0.0,1.0,1.1770482766294605,0.4701517610130361,0.0,0.0,,,0.0,0.0,True,False,0.2116029670303177,4.733333333333334,6.0,0.0,,E6,C0 oracle-perc,T2,1004,3.1464929580688477
0.7883333333333333,0.0,1.0,,0.4809410310495516,0.0,0.0,,,0.0,0.0,True,False,0.19031386966661423,4.766666666666667,6.0,0.0,,E6,C0 oracle-perc,T2,1005,2.9896981716156006
0.675,0.0,1.0,1.2904800029860573,1.2007189579667714,0.0,1.0,0.0,,0.0,0.0,False,False,0.07009028088751862,4.3,2.0,0.0,,E6,C0 oracle-perc,T2,1006,2.20756196975708
0.8516666666666667,0.0,1.0,,0.4769305959222421,0.0,0.0,,,0.0,0.0,True,True,0.12570278786218558,3.016666666666667,6.0,0.0,,E6,C0 oracle-perc,T2,1007,2.9634361267089844
0.7916666666666666,0.0,0.93,0.46999999999999964,0.4699999999999994,0.0,1.0,1.0,4.5,0.0,0.0,True,False,0.1178564213717174,3.333333333333334,9.0,0.0,,E6,C0 oracle-perc,T2,1008,3.299679756164551
,,,,,,,,,,,,,,,,,RuntimeError('T2 seed 1009: T2 placement failed'),E6,C0 oracle-perc,T2,1009,0.656090259552002
0.985,0.0,0.9733333333333334,0.47000000000000014,0.9777352722426679,0.0,0.0,,,0.0,0.0,True,True,0.20726027316777465,0.25,4.0,0.0,,E6,C0 oracle-perc,T2,1010,3.3792648315429688
,,,,,,,,,,,,,,,,,RuntimeError('T2 seed 1011: T2 placement failed'),E6,C0 oracle-perc,T2,1011,0.1964092254638672
0.7533333333333333,0.0,1.0,,0.4699999999999999,0.0,0.0,,,0.0,0.0,True,False,0.15782679224035612,4.366666666666667,6.0,0.0,,E6,C0 oracle-perc,T2,1012,2.930544853210449
0.755,0.0,0.63,0.46999999999999986,1.1551130992428627,0.0,2.0,0.0,,0.0,0.0,False,False,0.0870578776081054,2.816666666666667,6.0,0.0,,E6,C0 oracle-perc,T2,1013,2.315812826156616
0.8033333333333333,0.0,1.0,,0.4776383865716104,0.0,0.0,,,0.0,0.0,True,True,0.16854726141024942,7.675000000000001,4.0,0.0,,E6,C0 oracle-perc,T2,1014,2.9617578983306885
,,,,,,,,,,,,,,,,,RuntimeError('T2 seed 1015: T2 placement failed'),E6,C0 oracle-perc,T2,1015,0.2943990230560303
0.725,0.0,1.0,,0.538646321781067,0.0,0.0,,,0.0,0.0,True,False,0.21874397720470148,6.9750000000000005,4.0,0.0,,E6,C0 oracle-perc,T2,1016,2.932265043258667
0.8833333333333333,0.0,0.93,0.4699999999999994,0.46999999999999975,0.0,2.0,1.0,2.1,0.0,0.0,True,True,0.1472058031713729,3.6800000000000006,5.0,0.0,,E6,C0 oracle-perc,T2,1017,3.0040721893310547
0.52,0.0,1.0,1.5386961561652255,0.9339662501456254,0.0,2.0,0.0,,0.0,0.0,False,False,0.06218965066496579,5.633333333333334,3.0,0.0,,E6,C0 oracle-perc,T2,1018,2.2022969722747803
0.5416666666666666,0.0,0.9266666666666666,0.4699999999999999,1.311016820872531,0.0,2.0,0.5,15.8,0.0,0.0,False,False,0.06562572327537244,4.525,4.0,0.0,,E6,C0 oracle-perc,T2,1019,2.101882219314575
0.895,0.0,1.0,,0.5517560669410263,0.0,0.0,,,0.0,0.0,True,True,0.19492908026580547,3.8000000000000003,2.0,0.0,,E6,C0 oracle-perc,T2,1020,3.0288379192352295
0.7883333333333333,0.0,1.0,,0.4840313587291882,0.0,0.0,,,0.0,0.0,True,False,0.19396040406354634,3.933333333333334,6.0,0.0,,E6,C0 oracle-perc,T2,1021,2.9242570400238037
0.88,0.0,0.9933333333333333,0.4700000000000003,0.47000000000000003,0.0,0.0,,,0.0,0.0,True,True,0.20246092794464018,4.375,4.0,0.0,,E6,C0 oracle-perc,T2,1022,3.0654850006103516
0.8183333333333334,0.0,1.0,0.6582571766604276,0.47334682193075533,0.0,0.0,,,0.0,0.0,True,True,0.16038490536173428,3.560000000000001,5.0,0.0,,E6,C0 oracle-perc,T2,1023,3.0498461723327637
0.5316666666666666,0.0,1.0,,0.47652633875667566,0.0,0.0,,,0.0,0.0,True,False,0.11119437440594365,14.75,2.0,0.0,,E6,C0 oracle-perc,T2,1024,2.9662957191467285
,,,,,,,,,,,,,,,,,RuntimeError('T2 seed 1025: T2 placement failed'),E6,C0 oracle-perc,T2,1025,0.1374361515045166
,,,,,,,,,,,,,,,,,RuntimeError('T2 seed 1026: T2 placement failed'),E6,C0 oracle-perc,T2,1026,0.360515832901001
0.835,0.0,1.0,0.8843329809601047,0.5043968750113788,0.0,0.0,,,0.0,0.0,True,True,0.23122049484402424,3.960000000000001,5.0,0.0,,E6,C0 oracle-perc,T2,1027,2.985395908355713
0.7866666666666666,0.0,1.0,,0.48919241558573023,0.0,0.0,,,0.0,0.0,True,False,0.17467397293481027,4.428571428571429,7.0,0.0,,E6,C0 oracle-perc,T2,1028,2.9223098754882812
,,,,,,,,,,,,,,,,,RuntimeError('T2 seed 1029: T2 placement failed'),E6,C0 oracle-perc,T2,1029,0.44225406646728516
0.655,0.0,0.975,0.47,0.4710956903902366,0.0,0.0,,,0.0,0.0,True,False,0.1648547598012228,8.075000000000001,4.0,0.0,,E6,C0 oracle-perc,T2,1030,3.0186727046966553
0.82,0.0,1.0,,0.5447030111753526,0.0,0.0,,,0.0,0.0,True,True,0.1948407850555143,6.15,2.0,0.0,,E6,C0 oracle-perc,T2,1031,2.894526243209839
0.6666666666666666,0.0,1.0,0.8808792280425506,0.47952725381186645,0.0,0.0,,,0.0,0.0,True,False,0.18871419397529168,6.550000000000001,4.0,0.0,,E6,C0 oracle-perc,T2,1032,2.894973039627075
0.775,0.0,1.0,,0.47000000000000003,0.0,0.0,,,0.0,0.0,True,False,0.19652757675195293,4.725,8.0,0.0,,E6,C0 oracle-perc,T2,1033,2.8776419162750244
0.6516666666666666,0.0,1.0,,0.46999999999999936,0.0,0.0,,,0.0,0.0,True,False,0.12240377065243248,6.2125,8.0,0.0,,E6,C0 oracle-perc,T2,1034,2.820662021636963
0.665,0.0,1.0,,0.47,0.0,0.0,,,0.0,0.0,True,False,0.10556157769959058,5.675000000000001,4.0,0.0,,E6,C0 oracle-perc,T2,1035,2.8692197799682617
0.8266666666666667,0.0,0.9633333333333334,0.4699999999999996,0.4777086250335507,0.0,0.0,,,0.0,0.0,True,True,0.251833432951529,3.9000000000000004,3.0,0.0,,E6,C0 oracle-perc,T2,1036,2.959677219390869
0.7716666666666666,0.0,1.0,,0.4732815947924838,0.0,0.0,,,0.0,0.0,True,False,0.1890695854262012,5.050000000000001,4.0,0.0,,E6,C0 oracle-perc,T2,1037,2.862694263458252
0.8016666666666666,0.0,0.9783333333333334,0.4699999999999994,0.5478135296548171,0.0,0.0,,,0.0,0.0,True,True,0.17945707407154743,3.1833333333333336,6.0,0.0,,E6,C0 oracle-perc,T2,1038,3.13451886177063
0.8716666666666667,0.0,1.0,,0.47328403147021625,0.0,0.0,,,0.0,0.0,True,True,0.14169945109964113,2.857142857142857,7.0,0.0,,E6,C0 oracle-perc,T2,1039,2.828176975250244
0.7733333333333333,0.0,1.0,,0.4700000000000002,0.0,1.0,1.0,1.9000000000000001,0.0,0.0,True,False,0.16294423638957642,5.28,5.0,0.0,,E6,C0 oracle-perc,T2,1040,2.7997488975524902
0.835,0.0,1.0,,0.5098227857085474,0.0,2.0,1.0,2.25,0.0,0.0,True,True,0.19276023634533562,1.8571428571428574,7.0,0.0,,E6,C0 oracle-perc,T2,1041,2.818021297454834
,,,,,,,,,,,,,,,,,RuntimeError('T2 seed 1042: T2 placement failed'),E6,C0 oracle-perc,T2,1042,0.1866159439086914
0.665,0.0,1.0,,0.4700000000000001,0.0,2.0,0.5,7.0,0.0,0.0,True,False,0.08283582887823984,3.0200000000000005,5.0,0.0,,E6,C0 oracle-perc,T2,1043,2.259942054748535
0.9683333333333334,0.0,1.0,,0.5746746863707165,0.0,0.0,,,0.0,0.0,True,True,0.1960106162508207,0.925,4.0,0.0,,E6,C0 oracle-perc,T2,1044,2.9501748085021973
0.6766666666666666,0.0,1.0,,0.48300046519680234,0.0,0.0,,,0.0,0.0,True,False,0.23882841371019073,7.050000000000001,2.0,0.0,,E6,C0 oracle-perc,T2,1045,2.7101240158081055
0.6966666666666667,0.0,0.965,0.4699999999999996,0.4699999999999997,0.0,0.0,,,0.0,0.0,True,False,0.15929933721210365,4.083333333333333,6.0,0.0,,E6,C0 oracle-perc,T2,1046,2.9314818382263184
0.8333333333333334,0.0,1.0,,0.5469550016018113,0.0,0.0,,,0.0,0.0,True,True,0.1780900273074885,5.65,2.0,0.0,,E6,C0 oracle-perc,T2,1047,3.0964198112487793
0.6133333333333333,0.0,1.0,,0.4699999999999999,0.0,1.0,1.0,1.6,0.0,0.0,True,False,0.11060833112581273,5.7,7.0,0.0,,E6,C0 oracle-perc,T2,1048,2.6916470527648926
0.7766666666666666,0.0,0.9133333333333333,0.4554432567024707,0.4700000000000001,0.0,0.0,,,0.0,0.0,True,False,0.16080140581803096,4.2,6.0,0.0,,E6,C0 oracle-perc,T2,1049,3.086862087249756
0.935,0.0,1.0,0.8528427409904495,0.5793179621406298,0.0,0.0,,,0.0,0.0,True,True,0.1502032091722818,5.300000000000001,1.0,0.0,,E6,C0 oracle-perc,T3,1000,2.982064962387085
0.935,0.0,1.0,0.7437914257701704,0.5885463883722953,0.0,0.0,,,0.0,0.0,True,True,0.17130460614573256,3.5,3.0,0.0,,E6,C0 oracle-perc,T3,1001,3.122278928756714
0.97,0.0,1.0,0.8124080294194844,0.7457529410142226,0.0,0.0,,,0.0,0.0,True,True,0.1508947795192414,1.6500000000000001,2.0,0.0,,E6,C0 oracle-perc,T3,1002,3.005439043045044
0.905,0.0,0.9533333333333334,0.4699999999999995,0.4699999999999995,0.0,0.0,,,0.0,0.0,True,True,0.1567299673871368,2.4666666666666663,6.0,0.0,,E6,C0 oracle-perc,T3,1003,3.445228099822998
0.8433333333333334,0.0,1.0,0.606246539448935,0.47000000000000053,0.0,0.0,,,0.0,0.0,True,True,0.16075645382993278,4.32,5.0,0.0,,E6,C0 oracle-perc,T3,1004,3.0616261959075928
0.36666666666666664,0.0,0.9766666666666667,0.46999999999999975,1.6663771221380372,0.0,3.0,0.3333333333333333,1.5,0.0,0.0,False,False,0.04342209493112229,2.5,3.0,0.0,,E6,C0 oracle-perc,T3,1005,2.064785957336426
,,,,,,,,,,,,,,,,,RuntimeError('T3 seed 1006: no straight run found'),E6,C0 oracle-perc,T3,1006,0.2268543243408203
0.83,0.0,0.995,0.4699999999999999,0.4726173479115313,0.0,0.0,,,0.0,0.0,True,True,0.15948876714941623,3.85,6.0,0.0,,E6,C0 oracle-perc,T3,1007,3.2283520698547363
0.9116666666666666,0.0,0.9683333333333334,0.46999999999999986,0.5673652227544383,0.0,0.0,,,0.0,0.0,True,True,0.16319220734986206,2.066666666666667,3.0,0.0,,E6,C0 oracle-perc,T3,1008,3.1435229778289795
0.98,0.0,1.0,0.7324900678150884,0.9222977735120728,0.0,1.0,1.0,1.2000000000000002,0.0,0.0,True,True,0.18709755014044663,0.7250000000000001,4.0,0.0,,E6,C0 oracle-perc,T3,1009,3.2067220211029053
0.965,0.0,1.0,0.5467631531675785,0.7046266787752091,0.0,0.0,,,0.0,0.0,True,True,0.16493814628850229,1.2,3.0,0.0,,E6,C0 oracle-perc,T3,1010,3.338047981262207
0.9,0.0,1.0,0.7905212750790654,0.47000000000000036,0.0,0.0,,,0.0,0.0,True,True,0.17002527773246423,3.5,2.0,0.0,,E6,C0 oracle-perc,T3,1011,3.059774875640869
0.9383333333333334,0.0,1.0,1.2821773723783683,0.5310468769633357,0.0,0.0,,,0.0,0.0,True,True,0.15723829850290968,2.5,2.0,0.0,,E6,C0 oracle-perc,T3,1012,3.263421058654785
0.9383333333333334,0.0,1.0,1.1612826675554269,0.5725572419782112,0.0,0.0,,,0.0,0.0,True,True,0.16644379325392702,2.166666666666667,3.0,0.0,,E6,C0 oracle-perc,T3,1013,2.925607919692993
0.9616666666666667,0.0,1.0,0.9645781304632386,0.7145888709481661,0.0,0.0,,,0.0,0.0,True,True,0.16605424445546446,2.9000000000000004,1.0,0.0,,E6,C0 oracle-perc,T3,1014,3.099410057067871
0.97,0.0,1.0,1.6275817511502297,0.733130711705201,0.0,0.0,,,0.0,0.0,True,True,0.1446939724478502,0.64,5.0,0.0,,E6,C0 oracle-perc,T3,1015,3.0609560012817383
0.9166666666666666,0.0,0.9916666666666667,0.4700000000000003,0.5558353549774486,0.0,0.0,,,0.0,0.0,True,True,0.17541666015477744,1.6,4.0,0.0,,E6,C0 oracle-perc,T3,1016,3.0433499813079834
0.9383333333333334,0.0,1.0,1.009549104379957,0.5917765987194683,0.0,0.0,,,0.0,0.0,True,True,0.1723809362673787,5.2,1.0,0.0,,E6,C0 oracle-perc,T3,1017,3.0946929454803467
0.7816666666666666,1.0,0.9583333333333334,0.4699999999999994,0.4700000000000002,0.0,0.0,,,0.0,0.0,True,False,0.15825326606433884,3.2399999999999998,5.0,0.0,,E6,C0 oracle-perc,T3,1018,3.1030828952789307
0.95,0.0,1.0,1.4619802114074334,0.5839347330074272,0.0,0.0,,,0.0,0.0,True,True,0.16709470248488134,4.4,1.0,0.0,,E6,C0 oracle-perc,T3,1019,3.275048017501831
0.9333333333333333,0.0,1.0,0.8219363639815822,0.5422667834786815,0.0,0.0,,,0.0,0.0,True,True,0.16804524931192724,2.7,2.0,0.0,,E6,C0 oracle-perc,T3,1020,3.003671169281006
0.9583333333333334,0.0,1.0,1.3513246465265898,0.736250900981731,0.0,0.0,,,0.0,0.0,True,True,0.17673526546153523,4.3,1.0,0.0,,E6,C0 oracle-perc,T3,1021,3.366525173187256
1.0,0.0,1.0,0.6582473619751101,1.4203994450370303,0.0,0.0,,,0.0,0.0,True,True,0.20082613369532926,,0.0,0.0,,E6,C0 oracle-perc,T3,1022,3.0187571048736572
0.8883333333333333,0.0,1.0,0.9829661031132789,0.5433332022193575,0.0,0.0,,,0.0,0.0,True,True,0.16362800952629844,4.05,2.0,0.0,,E6,C0 oracle-perc,T3,1023,3.2056541442871094
1.0,0.0,1.0,1.54448115221326,1.1564074403772373,0.0,0.0,,,0.0,0.0,True,True,0.17792710961006988,0.0,3.0,0.0,,E6,C0 oracle-perc,T3,1024,3.078826904296875
0.9533333333333334,0.0,1.0,1.0940677865994048,0.5474672021031838,0.0,0.0,,,0.0,0.0,True,True,0.1617434733058271,2.0500000000000003,2.0,0.0,,E6,C0 oracle-perc,T3,1025,3.313742160797119
0.91,0.0,0.9166666666666666,0.4699999999999995,0.6812890168537346,0.0,2.0,1.0,2.8,0.0,0.0,True,True,0.17917698788602335,1.7833333333333334,6.0,0.0,,E6,C0 oracle-perc,T3,1026,3.287957191467285
0.8466666666666667,0.0,1.0,1.2850073824535309,0.47000000000000014,0.0,0.0,,,0.0,0.0,True,True,0.14104614985502442,3.3000000000000003,6.0,0.0,,E6,C0 oracle-perc,T3,1027,3.032041072845459
0.9816666666666667,0.0,0.995,0.49249602008116344,0.9212727855590163,0.0,1.0,1.0,2.0,0.0,0.0,True,True,0.23096270651694562,0.38333333333333336,6.0,0.0,,E6,C0 oracle-perc,T3,1028,3.0781078338623047
0.9766666666666667,0.0,1.0,1.4805502395330439,0.8468375818129975,0.0,0.0,,,0.0,0.0,True,True,0.17894131987457526,2.3666666666666667,3.0,0.0,,E6,C0 oracle-perc,T3,1029,3.2210710048675537
0.9633333333333334,0.0,0.9933333333333333,0.4700000000000005,0.727172100660586,0.0,0.0,,,0.0,0.0,True,True,0.16165776870073514,3.6,1.0,0.0,,E6,C0 oracle-perc,T3,1030,3.018583059310913
0.9366666666666666,0.0,1.0,0.7379299027683217,0.5532839433937387,0.0,1.0,1.0,1.6,0.0,0.0,True,True,0.163344140481075,1.6,2.0,0.0,,E6,C0 oracle-perc,T3,1031,3.192549705505371
0.9483333333333334,0.0,1.0,1.2641013586974017,0.5572328669258748,0.0,0.0,,,0.0,0.0,True,True,0.14979851708830208,1.5,3.0,0.0,,E6,C0 oracle-perc,T3,1032,3.1736741065979004
1.0,0.0,1.0,0.5268183870175788,1.2846601817417558,0.0,0.0,,,0.0,0.0,True,True,0.15720827241038135,0.0,1.0,0.0,,E6,C0 oracle-perc,T3,1033,3.0655946731567383
1.0,0.0,1.0,0.9228483487508332,1.1503788791054044,0.0,0.0,,,0.0,0.0,True,True,0.1627470227780636,0.0,2.0,0.0,,E6,C0 oracle-perc,T3,1034,3.10086989402771
0.96,0.0,1.0,1.7347594494913483,0.7584126176696445,0.0,0.0,,,0.0,0.0,True,True,0.18296019287331047,1.4000000000000001,3.0,0.0,,E6,C0 oracle-perc,T3,1035,3.199509859085083
0.9033333333333333,0.0,1.0,0.512458896989959,0.47,0.0,0.0,,,0.0,0.0,True,True,0.14045689597722016,2.54,5.0,0.0,,E6,C0 oracle-perc,T3,1036,3.086254119873047
0.8683333333333333,0.0,1.0,0.6977676830686533,0.48360753692731473,0.0,0.0,,,0.0,0.0,True,True,0.14299174863969064,5.200000000000001,2.0,0.0,,E6,C0 oracle-perc,T3,1037,2.9716429710388184
0.98,0.0,1.0,1.586372609189993,0.9025127159368095,0.0,0.0,,,0.0,0.0,True,True,0.1621458724355089,1.55,2.0,0.0,,E6,C0 oracle-perc,T3,1038,3.1859309673309326
0.9433333333333334,0.0,0.985,0.46999999999999953,0.5588846567402767,0.0,0.0,,,0.0,0.0,True,True,0.1450567303559538,4.7,1.0,0.0,,E6,C0 oracle-perc,T3,1039,3.2338013648986816
0.9616666666666667,0.0,1.0,1.308723933084198,0.7314584861577538,0.0,0.0,,,0.0,0.0,True,True,0.17876943448062313,3.9000000000000004,1.0,0.0,,E6,C0 oracle-perc,T3,1040,3.299109697341919
0.9833333333333333,0.0,0.91,0.46999999999999964,1.2203069994671731,0.0,1.0,0.0,,0.0,0.0,False,False,0.13064445129231025,0.0,3.0,0.0,,E6,C0 oracle-perc,T3,1041,3.2650530338287354
0.9633333333333334,0.0,1.0,0.581551468585065,0.6139618801097677,0.0,0.0,,,0.0,0.0,True,True,0.15295297592691834,3.5,1.0,0.0,,E6,C0 oracle-perc,T3,1042,3.350003957748413
1.0,0.0,0.9833333333333333,0.47,1.0233215496836776,0.0,0.0,,,0.0,0.0,True,True,0.17748460145951106,0.0,5.0,0.0,,E6,C0 oracle-perc,T3,1043,3.3275492191314697
0.9683333333333334,0.0,0.9733333333333334,0.4699999999999996,0.8406910721115135,0.0,0.0,,,0.0,0.0,True,True,0.15734478391923643,3.8000000000000003,1.0,0.0,,E6,C0 oracle-perc,T3,1044,3.2292239665985107
0.915,0.0,1.0,1.1853066636141643,0.5783909831716508,0.0,0.0,,,0.0,0.0,True,True,0.15757701132372437,1.975,4.0,0.0,,E6,C0 oracle-perc,T3,1045,3.288702964782715
0.935,0.0,1.0,1.0231911767354382,0.5772156648410478,0.0,0.0,,,0.0,0.0,True,True,0.18088590512914324,2.5,4.0,0.0,,E6,C0 oracle-perc,T3,1046,3.294182777404785
0.95,0.0,1.0,1.144671269714023,0.5869637641198788,0.0,0.0,,,0.0,0.0,True,True,0.15634204717178277,1.5333333333333334,3.0,0.0,,E6,C0 oracle-perc,T3,1047,3.0884571075439453
0.96,0.0,1.0,0.6963057828836776,0.6369842203627335,0.0,0.0,,,0.0,0.0,True,True,0.17950168959251328,0.9500000000000001,4.0,0.0,,E6,C0 oracle-perc,T3,1048,3.23528790473938
0.945,0.0,1.0,0.7482453839571199,0.5524279611890288,0.0,0.0,,,0.0,0.0,True,True,0.13878450560824396,4.7,1.0,0.0,,E6,C0 oracle-perc,T3,1049,3.15572190284729
0.93,1.0,0.955,0.4699999999999993,0.7104999113651382,0.0,0.0,,,0.0,0.0,True,False,0.18145402418078177,1.8250000000000002,4.0,0.0,,E6,C0 oracle-perc,T4,1000,3.6972270011901855
0.6383333333333333,0.0,0.8016666666666666,0.4699999999999991,0.4807130995965764,0.0,1.0,0.0,,0.0,0.0,False,False,0.11165907549874873,2.1,10.0,0.0,,E6,C0 oracle-perc,T4,1001,2.6724228858947754
0.94,0.0,1.0,1.9672061436775983,0.5742231757392465,0.0,0.0,,,0.0,0.0,True,True,0.16331318706159773,2.3666666666666667,3.0,0.0,,E6,C0 oracle-perc,T4,1002,3.4792520999908447
0.9433333333333334,0.0,1.0,1.0852000503998556,0.5843543963725976,0.0,0.0,,,0.0,0.0,True,True,0.1566083659304826,2.35,2.0,0.0,,E6,C0 oracle-perc,T4,1003,3.1774373054504395
0.59,1.0,0.8716666666666667,0.4699999999999995,0.4699999999999995,0.0,0.0,,,0.0,0.0,True,False,0.1797610175997435,6.2700000000000005,10.0,0.0,,E6,C0 oracle-perc,T4,1004,3.505408763885498
0.595,0.0,0.9816666666666667,0.48433816744393515,0.46999999999999975,0.0,2.0,1.0,6.300000000000001,0.0,0.0,True,False,0.16712909901657325,5.6000000000000005,4.0,0.0,,E6,C0 oracle-perc,T4,1005,2.7090399265289307
0.92,0.0,0.995,0.4773067514356799,0.6470058803492285,0.0,0.0,,,0.0,0.0,True,True,0.18068112037667408,2.8333333333333335,3.0,0.0,,E6,C0 oracle-perc,T4,1006,3.685901165008545
0.8733333333333333,0.0,1.0,1.5166017808393777,0.4699999999999998,0.0,0.0,,,0.0,0.0,True,True,0.13963026163000483,3.0500000000000003,6.0,0.0,,E6,C0 oracle-perc,T4,1007,3.2161097526550293
0.19,0.0,1.0,1.0627477435485304,0.47,0.0,1.0,0.0,,0.0,0.0,False,False,0.049739432419398336,18.142857142857142,14.0,0.0,,E6,C0 oracle-perc,T4,1008,2.273852825164795
0.935,0.0,0.8516666666666667,0.4699999999999996,0.9880802222556812,0.0,1.0,0.0,,0.0,0.0,False,False,0.18267902591076512,0.75,4.0,0.0,,E6,C0 oracle-perc,T4,1009,3.0116238594055176
1.0,0.0,1.0,4.42568794561312,1.2224395999948112,0.0,0.0,,,0.0,0.0,True,True,0.17026934469149577,0.0,1.0,0.0,,E6,C0 oracle-perc,T4,1010,3.488966941833496
0.9433333333333334,0.0,1.0,3.0034912592913234,0.5522237591326344,0.0,0.0,,,0.0,0.0,True,True,0.19994840884613416,1.1666666666666667,3.0,0.0,,E6,C0 oracle-perc,T4,1011,3.069610834121704
0.25666666666666665,0.0,0.905,0.4699999999999995,0.4699999999999999,0.0,1.0,0.0,,0.0,0.0,True,False,0.08379882322681607,17.566666666666666,6.0,0.0,,E6,C0 oracle-perc,T4,1012,2.800760269165039
0.6166666666666667,0.0,0.9583333333333334,0.46999999999999925,0.5156560192012738,0.0,0.0,,,0.0,0.0,True,False,0.23227284987313124,3.8125,8.0,0.0,,E6,C0 oracle-perc,T4,1013,3.0436758995056152
0.8283333333333334,0.0,1.0,0.8034649947019301,0.5611822601125831,0.0,0.0,,,0.0,0.0,True,True,0.19454954016435222,5.200000000000001,5.0,0.0,,E6,C0 oracle-perc,T4,1014,3.486297130584717
0.7033333333333334,0.0,1.0,0.7613733622863648,0.4728698814095767,0.0,0.0,,,0.0,0.0,True,False,0.18604353141155816,2.4000000000000004,9.0,0.0,,E6,C0 oracle-perc,T4,1015,3.206822156906128
0.8216666666666667,0.0,1.0,1.1362237259158188,0.5457325067517539,0.0,0.0,,,0.0,0.0,True,True,0.18034249814282866,6.15,2.0,0.0,,E6,C0 oracle-perc,T4,1016,3.08682918548584
0.3283333333333333,0.0,1.0,1.3517947728881385,0.4699999999999995,0.0,0.0,,,0.0,0.0,True,False,0.0863759224398012,7.550000000000001,6.0,0.0,,E6,C0 oracle-perc,T4,1017,2.8430862426757812
0.88,0.0,0.9183333333333333,0.46999999999999964,0.570476027491238,0.0,2.0,1.0,8.3,0.0,0.0,True,True,0.15284970491345515,1.6181818181818182,11.0,0.0,,E6,C0 oracle-perc,T4,1018,2.9992361068725586
0.6166666666666667,0.0,0.7683333333333333,0.46999999999999953,0.4700000000000001,0.0,2.0,0.5,15.8,0.0,0.0,True,False,0.14057933589897595,3.766666666666667,3.0,0.0,,E6,C0 oracle-perc,T4,1019,2.7035880088806152
0.5183333333333333,2.0,0.705,0.46999999999999975,0.4765400125780804,0.0,1.0,1.0,1.9000000000000001,0.0,0.0,True,False,0.2239863407120104,5.9,8.0,0.0,,E6,C0 oracle-perc,T4,1020,3.025341272354126
0.915,0.0,1.0,1.835175535887302,0.5909973241549792,0.0,0.0,,,0.0,0.0,True,True,0.15520103511022015,4.0,2.0,0.0,,E6,C0 oracle-perc,T4,1021,3.1493301391601562
0.8516666666666667,0.0,1.0,3.286594087488136,0.4699999999999999,0.0,0.0,,,0.0,0.0,True,True,0.15486495582527882,5.9750000000000005,4.0,0.0,,E6,C0 oracle-perc,T4,1022,3.05391001701355
0.51,0.0,0.6716666666666666,0.4699999999999996,0.4699999999999997,0.0,2.0,0.0,,0.0,0.0,False,False,0.09189546368320518,4.2,6.0,0.0,,E6,C0 oracle-perc,T4,1023,2.684272050857544
0.7883333333333333,0.0,0.9466666666666667,0.4699999999999992,0.47419038451732287,0.0,1.0,1.0,1.6,0.0,0.0,True,False,0.17372486492471478,2.8833333333333333,6.0,0.0,,E6,C0 oracle-perc,T4,1024,3.0781092643737793
0.09,0.0,1.0,1.9511955018147085,0.6340354152042758,0.0,1.0,0.0,,4.0,0.32666666666666666,False,False,0.023647796390031176,14.471428571428572,7.0,0.0,,E6,C0 oracle-perc,T4,1025,2.40225887298584
0.315,0.0,0.7283333333333334,0.46999999999999914,0.4961935028380635,0.0,0.0,,,0.0,0.0,True,False,0.27399488599207933,17.833333333333332,3.0,0.0,,E6,C0 oracle-perc,T4,1026,2.72959303855896
0.88,0.0,1.0,1.6861174713406466,0.4989584289342798,0.0,0.0,,,0.0,0.0,True,True,0.19489741144758707,3.3,5.0,0.0,,E6,C0 oracle-perc,T4,1027,3.2129762172698975
0.9466666666666667,0.0,1.0,0.8547931363973247,0.4994811605014391,0.0,0.0,,,0.0,0.0,True,True,0.16552023734511323,4.6000000000000005,1.0,0.0,,E6,C0 oracle-perc,T4,1028,3.2199251651763916
0.8033333333333333,0.0,0.9333333333333333,0.4700000000000002,0.5891748755763105,0.0,2.0,0.0,,0.0,0.0,False,False,0.1353754603354007,1.4000000000000001,4.0,0.0,,E6,C0 oracle-perc,T4,1029,3.1496741771698
0.8316666666666667,0.0,0.5966666666666667,0.46999999999999936,0.49244527584231595,0.0,0.0,,,0.0,0.0,True,True,0.17061060134388445,5.4399999999999995,5.0,0.0,,E6,C0 oracle-perc,T4,1030,3.086843967437744
0.81,0.0,1.0,1.1471382564479793,0.5382160417169524,0.0,0.0,,,0.0,0.0,True,True,0.2158256241124129,6.5,4.0,0.0,,E6,C0 oracle-perc,T4,1031,3.120774030685425
0.8183333333333334,0.0,0.99,0.47000000000000003,0.4806908627886343,0.0,0.0,,,0.0,0.0,True,True,0.2247340375160643,4.1000000000000005,3.0,0.0,,E6,C0 oracle-perc,T4,1032,3.009382963180542
0.6366666666666667,0.0,1.0,0.5384148578979605,0.5507042403128455,0.0,4.0,0.75,7.1000000000000005,0.0,0.0,False,False,0.10284740480193388,2.4000000000000004,2.0,0.0,,E6,C0 oracle-perc,T4,1033,3.07420015335083
0.715,0.0,1.0,1.009772325806529,0.4699999999999995,0.0,0.0,,,0.0,0.0,True,False,0.11357689930241098,4.9,4.0,0.0,,E6,C0 oracle-perc,T4,1034,2.953779935836792
0.38166666666666665,0.0,0.5016666666666667,0.46771330395699445,0.46999999999999975,0.0,3.0,1.0,3.0333333333333337,0.0,0.0,True,False,0.08536393973788634,18.333333333333332,6.0,0.0,,E6,C0 oracle-perc,T4,1035,3.1147749423980713
0.875,0.0,0.9633333333333334,0.46999999999999953,0.541138707791427,0.0,0.0,,,0.0,0.0,True,True,0.1860881037081492,1.8166666666666667,6.0,0.0,,E6,C0 oracle-perc,T4,1036,3.1047208309173584
0.85,0.0,0.9183333333333333,0.4699999999999997,0.5022702040929676,0.0,4.0,1.0,2.6000000000000005,0.0,0.0,True,True,0.18327983909617032,2.663636363636364,11.0,0.0,,E6,C0 oracle-perc,T4,1037,3.0164029598236084
0.845,1.0,0.9216666666666666,0.4380337453774405,0.5983023991830921,0.0,1.0,1.0,4.7,0.0,0.0,True,False,0.1828909008872904,1.4500000000000002,2.0,0.0,,E6,C0 oracle-perc,T4,1038,3.0984158515930176
0.6133333333333333,0.0,0.9433333333333334,0.4699999999999998,0.4699999999999999,0.0,4.0,1.0,4.275,0.0,0.0,True,False,0.13405809533654317,2.9916666666666667,12.0,0.0,,E6,C0 oracle-perc,T4,1039,2.804757833480835
0.785,0.0,1.0,0.899552180144961,0.4699999999999999,0.0,0.0,,,0.0,0.0,True,False,0.11273367295865422,2.7142857142857144,7.0,0.0,,E6,C0 oracle-perc,T4,1040,2.8860421180725098
0.6433333333333333,0.0,0.9316666666666666,0.46999999999999986,0.5470041967316128,0.0,2.0,1.0,7.700000000000001,0.0,0.0,True,False,0.15773039231349378,2.518181818181818,11.0,0.0,,E6,C0 oracle-perc,T4,1041,2.8491339683532715
0.9683333333333334,0.0,1.0,1.3270672195789153,0.7537863908401672,0.0,0.0,,,0.0,0.0,True,True,0.16932184392470923,1.9000000000000001,2.0,0.0,,E6,C0 oracle-perc,T4,1042,3.2390599250793457
0.13,0.0,0.8133333333333334,0.4699999999999995,0.4699999999999997,0.0,2.0,0.0,,0.0,0.0,False,False,0.06696062516132889,7.516666666666668,6.0,0.0,,E6,C0 oracle-perc,T4,1043,2.2486181259155273
0.7083333333333334,0.0,0.9233333333333333,0.4699999999999998,0.47,0.0,4.0,1.0,2.6,0.0,0.0,True,False,0.21760826354289045,4.171428571428572,7.0,0.0,,E6,C0 oracle-perc,T4,1044,2.9660449028015137
0.49166666666666664,0.0,0.815,0.46999999999999914,0.4796227880441012,0.0,2.0,0.5,1.2000000000000002,0.0,0.0,False,False,0.17550964884797768,6.900000000000001,6.0,0.0,,E6,C0 oracle-perc,T4,1045,2.853440046310425
0.24833333333333332,0.0,0.865,0.4700000000000003,0.5805646339123223,0.0,2.0,0.5,3.6,0.0,0.0,False,False,0.039284354294823215,10.875000000000002,8.0,0.0,,E6,C0 oracle-perc,T4,1046,1.8193919658660889
1.0,0.0,0.9616666666666667,0.4699999999999993,1.2390486079383696,0.0,0.0,,,0.0,0.0,True,True,0.22196457968229744,0.0,1.0,0.0,,E6,C0 oracle-perc,T4,1047,3.2386839389801025
0.765,0.0,1.0,1.168174516646889,0.46999999999999964,0.0,1.0,1.0,1.3,0.0,0.0,True,False,0.12306785896089843,6.1000000000000005,6.0,0.0,,E6,C0 oracle-perc,T4,1048,2.8673951625823975
0.41333333333333333,0.0,0.8333333333333334,0.4699999999999996,0.4699999999999995,0.0,2.0,0.0,,0.0,0.0,False,False,0.16716147036666262,4.99,10.0,0.0,,E6,C0 oracle-perc,T4,1049,2.636362075805664
0.775,0.0,1.0,,0.4700000000000002,0.0,0.0,,,0.0,0.0,True,False,0.19524281270657598,6.0,8.0,0.0,,E6,C0 oracle-perc,T5,1000,2.7713186740875244
0.4866666666666667,0.0,1.0,,0.4700000000000004,0.0,0.0,,,0.0,0.0,True,False,0.14221418636838581,6.222222222222222,9.0,0.0,,E6,C0 oracle-perc,T5,1001,2.758417844772339
0.7216666666666667,0.0,1.0,,0.47000000000000003,0.0,1.0,1.0,1.9000000000000001,0.0,0.0,True,False,0.1521696896856003,4.2625,8.0,0.0,,E6,C0 oracle-perc,T5,1002,2.740791082382202
0.765,1.0,0.9133333333333333,0.4522761152453118,0.47,0.0,1.0,1.0,1.4000000000000001,0.0,0.0,True,False,0.15082762892749343,2.777777777777778,9.0,0.0,,E6,C0 oracle-perc,T5,1003,2.994150161743164
0.7766666666666666,0.0,0.8366666666666667,0.46999999999999964,0.47488016821447876,0.0,0.0,,,0.0,0.0,True,False,0.15548639550469323,3.11,10.0,0.0,,E6,C0 oracle-perc,T5,1004,2.9677650928497314
0.72,0.0,0.99,0.4699999999999997,0.491925988293742,0.0,0.0,,,0.0,0.0,True,False,0.2044890970119808,4.054545454545455,11.0,0.0,,E6,C0 oracle-perc,T5,1005,2.928709030151367
0.7133333333333334,0.0,1.0,,0.4869537735765008,0.0,0.0,,,0.0,0.0,True,False,0.203876955994264,4.8,6.0,0.0,,E6,C0 oracle-perc,T5,1006,2.7618422508239746
0.6083333333333333,0.0,1.0,,0.46999999999999986,0.0,0.0,,,0.0,0.0,True,False,0.10275732077303854,5.05,6.0,0.0,,E6,C0 oracle-perc,T5,1007,2.7222847938537598
0.5933333333333334,0.0,0.9716666666666667,0.46999999999999953,0.46999999999999925,0.0,0.0,,,0.0,0.0,True,False,0.17780895435446115,5.566666666666666,9.0,0.0,,E6,C0 oracle-perc,T5,1008,2.8416390419006348
0.8366666666666667,0.0,0.9733333333333334,0.46999999999999975,0.5350224201945009,0.0,0.0,,,0.0,0.0,True,True,0.18661919817344375,2.466666666666667,6.0,0.0,,E6,C0 oracle-perc,T5,1009,3.167060375213623
0.5583333333333333,1.0,0.925,0.4699999999999996,0.4826780464689115,0.0,0.0,,,0.0,0.0,True,False,0.22546101962737092,6.2125,8.0,0.0,,E6,C0 oracle-perc,T5,1010,2.931244134902954
0.8183333333333334,0.0,1.0,,0.474381077330714,0.0,0.0,,,0.0,0.0,True,True,0.17498161925837494,4.485714285714286,7.0,0.0,,E6,C0 oracle-perc,T5,1011,2.929759979248047
0.8116666666666666,0.0,0.9933333333333333,0.47,0.4699999999999997,0.0,0.0,,,0.0,0.0,True,True,0.15349523363552917,2.56,10.0,0.0,,E6,C0 oracle-perc,T5,1012,2.9451820850372314
0.5933333333333334,0.0,1.0,,0.47685631885481916,0.0,0.0,,,0.0,0.0,True,False,0.1871372590055394,13.1,7.0,0.0,,E6,C0 oracle-perc,T5,1013,2.7987687587738037
0.865,0.0,1.0,,0.49435902226953143,0.0,0.0,,,0.0,0.0,True,True,0.16454431581262086,2.125,8.0,0.0,,E6,C0 oracle-perc,T5,1014,2.8870937824249268
0.53,0.0,0.78,0.46999999999999964,0.47103375812043446,0.0,0.0,,,0.0,0.0,True,False,0.19185751360427541,8.971428571428572,7.0,0.0,,E6,C0 oracle-perc,T5,1015,3.0956757068634033
0.5666666666666667,0.0,1.0,0.7231090124780404,0.5174320443837339,0.0,0.0,,,0.0,0.0,True,False,0.16853564639551996,11.520000000000001,5.0,0.0,,E6,C0 oracle-perc,T5,1016,2.9649930000305176
0.8266666666666667,0.0,1.0,,0.4930981787322662,0.0,0.0,,,0.0,0.0,True,True,0.1411992534717393,2.0714285714285716,7.0,0.0,,E6,C0 oracle-perc,T5,1017,2.986449956893921
0.585,0.0,1.0,,0.48011127121143,0.0,0.0,,,0.0,0.0,True,False,0.21986392815965947,5.188888888888889,9.0,0.0,,E6,C0 oracle-perc,T5,1018,2.8767287731170654
0.7616666666666667,0.0,0.9216666666666666,0.46999999999999975,0.47272756824412543,0.0,1.0,1.0,1.6,0.0,0.0,True,False,0.1513358370042507,4.025,8.0,0.0,,E6,C0 oracle-perc,T5,1019,3.0585289001464844
0.5933333333333334,0.0,1.0,,0.482951832595721,0.0,0.0,,,0.0,0.0,True,False,0.18959500748068323,13.5,6.0,0.0,,E6,C0 oracle-perc,T5,1020,2.84332275390625
0.7466666666666667,0.0,1.0,,0.47118394915257295,0.0,0.0,,,0.0,0.0,True,False,0.17324660258707783,3.542857142857143,7.0,0.0,,E6,C0 oracle-perc,T5,1021,2.9129741191864014
0.7316666666666667,0.0,1.0,2.0798602801766286,0.4699999999999999,0.0,0.0,,,0.0,0.0,True,False,0.19062110755758968,5.425000000000001,8.0,0.0,,E6,C0 oracle-perc,T5,1022,3.1262359619140625
0.7916666666666666,0.0,1.0,,0.4699999999999999,0.0,0.0,,,0.0,0.0,True,False,0.1425829349083447,3.4111111111111114,9.0,0.0,,E6,C0 oracle-perc,T5,1023,2.8786818981170654
0.6783333333333333,2.0,0.965,0.4699999999999998,0.4766742223254173,0.0,3.0,1.0,2.1,0.0,0.0,True,False,0.14252660451298627,3.142857142857143,7.0,0.0,,E6,C0 oracle-perc,T5,1024,3.0475668907165527
0.5283333333333333,0.0,1.0,,0.46999999999999975,0.0,0.0,,,0.0,0.0,True,False,0.14155310106214186,8.766666666666667,6.0,0.0,,E6,C0 oracle-perc,T5,1025,3.002833843231201
0.8283333333333334,0.0,0.9083333333333333,0.4699999999999991,0.49717825655845244,0.0,1.0,1.0,1.3,0.0,0.0,True,True,0.18370467871308188,2.611111111111111,9.0,0.0,,E6,C0 oracle-perc,T5,1026,3.023848295211792
0.7916666666666666,0.0,0.995,0.4699999999999997,0.4798738828767101,0.0,0.0,,,0.0,0.0,True,False,0.2125771548767369,3.985714285714286,7.0,0.0,,E6,C0 oracle-perc,T5,1027,3.178619861602783
0.7933333333333333,0.0,0.8933333333333333,0.4699999999999991,0.5006308284931288,0.0,1.0,1.0,1.8,0.0,0.0,True,False,0.17785085547696042,3.1571428571428575,7.0,0.0,,E6,C0 oracle-perc,T5,1028,3.150749921798706
0.7816666666666666,0.0,0.9716666666666667,0.4699999999999997,0.4700000000000003,0.0,0.0,,,0.0,0.0,True,False,0.19669907139873713,3.7333333333333334,9.0,0.0,,E6,C0 oracle-perc,T5,1029,3.1468758583068848
0.7416666666666667,0.0,1.0,1.0884954566594203,0.4699999999999999,0.0,0.0,,,0.0,0.0,True,False,0.1713658874855648,5.1875,8.0,0.0,,E6,C0 oracle-perc,T5,1030,3.096068859100342
0.8233333333333334,0.0,1.0,,0.4768603800349884,0.0,0.0,,,0.0,0.0,True,True,0.19508502950578377,3.6,6.0,0.0,,E6,C0 oracle-perc,T5,1031,2.913574695587158
0.8133333333333334,0.0,1.0,,0.5403830979735954,0.0,0.0,,,0.0,0.0,True,True,0.16529662675574294,2.85,6.0,0.0,,E6,C0 oracle-perc,T5,1032,3.092681884765625
0.84,0.0,1.0,,0.47908479835871537,0.0,0.0,,,0.0,0.0,True,True,0.16476674114281215,2.4000000000000004,8.0,0.0,,E6,C0 oracle-perc,T5,1033,3.0518462657928467
0.7166666666666667,0.0,1.0,,0.4699999999999995,0.0,0.0,,,0.0,0.0,True,False,0.13860210962616806,4.390909090909091,11.0,0.0,,E6,C0 oracle-perc,T5,1034,3.062002182006836
0.7866666666666666,0.0,0.9883333333333333,0.48376295903654093,0.4699999999999998,0.0,0.0,,,0.0,0.0,True,False,0.13573014752965915,2.5333333333333337,9.0,0.0,,E6,C0 oracle-perc,T5,1035,3.094809055328369
0.83,0.0,1.0,,0.4808391402941871,0.0,1.0,0.0,,0.0,0.0,False,False,0.17119446434242624,3.7571428571428576,7.0,0.0,,E6,C0 oracle-perc,T5,1036,2.7858340740203857
0.7483333333333333,0.0,0.93,0.4667162792955047,0.5010373941884018,0.0,0.0,,,0.0,0.0,True,False,0.16496459503001942,2.82,10.0,0.0,,E6,C0 oracle-perc,T5,1037,3.1950531005859375
0.33,0.0,0.8433333333333334,0.46999999999999936,0.5120041502020168,0.0,0.0,,,0.0,0.0,True,False,0.2174042925178947,14.8625,8.0,0.0,,E6,C0 oracle-perc,T5,1038,3.0373177528381348
0.845,0.0,1.0,1.2303693431371807,0.47103767307412536,0.0,0.0,,,0.0,0.0,True,True,0.16832317341310774,1.9375000000000002,8.0,0.0,,E6,C0 oracle-perc,T5,1039,3.1222519874572754
0.8033333333333333,0.0,1.0,1.297890048006807,0.46999999999999986,0.0,0.0,,,0.0,0.0,True,True,0.1781301124527695,3.8428571428571425,7.0,0.0,,E6,C0 oracle-perc,T5,1040,3.080785036087036
0.835,0.0,0.95,0.4699999999999995,0.4707327174347452,0.0,1.0,1.0,3.2,0.0,0.0,True,True,0.1943688736858342,4.785714285714286,7.0,0.0,,E6,C0 oracle-perc,T5,1041,3.283677101135254
0.8416666666666667,0.0,0.9983333333333333,0.49426780051375213,0.4727148594247223,0.0,0.0,,,0.0,0.0,True,True,0.17999071402726016,3.325,8.0,0.0,,E6,C0 oracle-perc,T5,1042,3.0896859169006348
0.7266666666666667,0.0,1.0,,0.46999999999999986,0.0,1.0,0.0,,0.0,0.0,False,False,0.07945798612173938,2.4333333333333336,9.0,0.0,,E6,C0 oracle-perc,T5,1043,2.419558048248291
0.705,0.0,1.0,,0.550094338379868,0.0,0.0,,,0.0,0.0,True,False,0.20098137365843374,4.136363636363637,11.0,0.0,,E6,C0 oracle-perc,T5,1044,3.024554967880249
0.8366666666666667,1.0,0.945,0.43056012637838764,0.49444185055109524,0.0,0.0,,,0.0,0.0,True,False,0.21573376953498422,1.9000000000000001,6.0,0.0,,E6,C0 oracle-perc,T5,1045,3.216536045074463
0.6733333333333333,0.0,0.97,0.46999999999999975,0.4699999999999996,0.0,1.0,1.0,2.9000000000000004,0.0,0.0,True,False,0.17821751973329325,5.4625,8.0,0.0,,E6,C0 oracle-perc,T5,1046,3.048995018005371
0.8433333333333334,0.0,1.0,0.5108931962549048,0.49322583193831365,0.0,2.0,0.5,1.4000000000000001,0.0,0.0,False,False,0.17806332358006846,3.742857142857143,7.0,0.0,,E6,C0 oracle-perc,T5,1047,3.0759968757629395
0.6916666666666667,0.0,0.9233333333333333,0.4699999999999994,0.49006824758014883,0.0,2.0,0.0,,0.0,0.0,False,False,0.08960299673439533,1.8818181818181818,11.0,0.0,,E6,C0 oracle-perc,T5,1048,2.6882340908050537
0.635,0.0,1.0,,0.4699999999999997,0.0,0.0,,,0.0,0.0,True,False,0.16576063917363784,4.9,8.0,0.0,,E6,C0 oracle-perc,T5,1049,2.9455502033233643
0.7866666666666666,0.0,0.545,0.46999999999999925,1.492646168895471,0.0,4.0,0.75,6.9333333333333345,0.0,0.0,False,False,0.1263218287109865,2.95,8.0,0.0,,E6,C0 oracle-perc,T6,1000,3.240366220474243
0.25666666666666665,0.0,0.7916666666666666,0.46999999999999964,1.5451409478856633,0.0,1.0,0.0,,0.0,0.0,False,False,0.04933819214875531,15.933333333333332,6.0,0.0,,E6,C0 oracle-perc,T6,1001,2.016618013381958
0.35,0.0,0.7216666666666667,0.46999999999999903,1.8014460883064887,0.0,4.0,0.5,11.2,0.0,0.0,False,False,0.08269029662089013,19.014285714285712,7.0,0.0,,E6,C0 oracle-perc,T6,1002,2.562159776687622
0.24166666666666667,0.0,0.9133333333333333,0.46999999999999914,1.549458529829152,0.0,5.0,0.6,4.633333333333334,0.0,0.0,False,False,0.053998630922679834,8.450000000000001,6.0,0.0,,E6,C0 oracle-perc,T6,1003,2.6660659313201904
0.805,0.0,0.685,0.46999999999999914,0.4724386835456001,0.0,2.0,1.0,2.8,0.0,0.0,True,True,0.1822948630971346,3.3444444444444446,9.0,0.0,,E6,C0 oracle-perc,T6,1004,3.5651190280914307
0.5183333333333333,1.0,0.8633333333333333,0.46999999999999975,0.47000000000000003,0.0,2.0,0.5,3.2,0.0,0.0,True,False,0.14913061502899,4.137500000000001,8.0,0.0,,E6,C0 oracle-perc,T6,1005,2.6817679405212402
0.8083333333333333,0.0,0.795,0.46999999999999953,0.47000000000000003,0.0,2.0,1.0,3.6000000000000005,0.0,0.0,True,True,0.21622738332692568,4.090909090909092,11.0,0.0,,E6,C0 oracle-perc,T6,1006,3.3603007793426514
0.7683333333333333,0.0,0.4,0.46999999999999903,0.4699999999999999,0.0,1.0,0.0,,0.0,0.0,False,False,0.09357761406367134,4.216666666666668,6.0,0.0,,E6,C0 oracle-perc,T6,1007,3.054949998855591
0.34,0.0,0.7133333333333334,0.4699999999999992,0.6540572116731831,0.0,3.0,0.0,,0.0,0.0,False,False,0.06712043897086256,7.825000000000001,4.0,0.0,,E6,C0 oracle-perc,T6,1008,2.618490695953369
0.7916666666666666,0.0,0.8966666666666666,0.46999999999999925,0.8746198683075768,0.0,3.0,1.0,5.433333333333334,0.0,0.0,True,False,0.19003870795334038,0.42500000000000004,8.0,0.0,,E6,C0 oracle-perc,T6,1009,3.230756998062134
0.84,0.0,0.645,0.46999999999999903,0.7781394981268903,0.0,3.0,0.6666666666666666,5.950000000000001,0.0,0.0,False,False,0.1794536456881389,1.4888888888888892,9.0,0.0,,E6,C0 oracle-perc,T6,1010,2.925987958908081
0.305,0.0,0.7566666666666667,0.4532171949404476,1.5195767376673672,0.0,3.0,0.0,,0.0,0.0,False,False,0.047175221088440564,14.822222222222223,9.0,0.0,,E6,C0 oracle-perc,T6,1011,2.093672037124634
0.5966666666666667,2.0,0.61,0.4699999999999992,0.5525132779076174,0.0,4.0,1.0,3.7,0.0,0.0,True,False,0.11721037915032341,2.9166666666666665,6.0,0.0,,E6,C0 oracle-perc,T6,1012,3.179720878601074
0.935,0.0,0.39,0.4699999999999993,0.5875820844554196,0.0,2.0,1.0,3.1000000000000005,0.0,0.0,True,True,0.20920387526211837,1.5857142857142859,7.0,0.0,,E6,C0 oracle-perc,T6,1013,3.68163800239563
0.8183333333333334,0.0,0.3383333333333333,0.4699999999999993,1.1214895185528715,0.0,3.0,0.6666666666666666,4.15,0.0,0.0,False,False,0.1504312412844736,2.85,8.0,0.0,,E6,C0 oracle-perc,T6,1014,3.3221611976623535
,,,,,,,,,,,,,,,,,RuntimeError('T6 seed 1015: T6 crowd placement failed'),E6,C0 oracle-perc,T6,1015,0.11622905731201172
0.9483333333333334,0.0,0.7516666666666667,0.46999999999999964,0.6947453595780655,0.0,2.0,1.0,1.75,0.0,0.0,True,True,0.19038201481059985,1.45,6.0,0.0,,E6,C0 oracle-perc,T6,1016,3.3315939903259277
0.8783333333333333,1.0,0.7783333333333333,0.46999999999999914,0.5641116188842573,0.0,2.0,1.0,3.1000000000000005,0.0,0.0,True,False,0.1768415083868009,4.300000000000001,4.0,0.0,,E6,C0 oracle-perc,T6,1017,3.1693429946899414
0.98,2.0,0.49833333333333335,0.46999999999999914,0.9222069450372432,0.0,2.0,1.0,2.85,0.0,0.0,True,False,0.22322245861313392,0.21000000000000002,10.0,0.0,,E6,C0 oracle-perc,T6,1018,3.476868152618408
0.6583333333333333,0.0,0.7783333333333333,0.46999999999999953,1.0622180504967818,0.0,2.0,0.5,1.5,0.0,0.0,True,False,0.10491730319586115,2.9875,8.0,0.0,,E6,C0 oracle-perc,T6,1019,2.9455690383911133
0.945,0.0,0.82,0.46999999999999925,0.8102872588341294,0.0,2.0,1.0,3.0500000000000003,0.0,0.0,True,True,0.22870848582047615,0.9,5.0,0.0,,E6,C0 oracle-perc,T6,1020,3.4016120433807373
0.22333333333333333,1.0,0.8083333333333333,0.4699999999999993,1.6358628402370579,0.0,2.0,0.0,,0.0,0.0,False,False,0.04524118934321993,15.455555555555556,9.0,0.0,,E6,C0 oracle-perc,T6,1021,2.23239803314209
0.88,1.0,0.285,0.4699999999999992,0.5788261486977418,0.0,1.0,1.0,4.9,0.0,0.0,True,False,0.1321899976302161,2.8000000000000003,6.0,0.0,,E6,C0 oracle-perc,T6,1022,3.3947877883911133
0.6616666666666666,1.0,0.765,0.4280367886922544,0.4700000000000001,0.0,6.0,0.8333333333333334,5.260000000000001,0.0,0.0,True,False,0.08910331875960437,2.091666666666667,12.0,0.0,,E6,C0 oracle-perc,T6,1023,2.747497081756592
1.0,0.0,0.23666666666666666,0.46999999999999914,1.1921796738326615,0.0,1.0,1.0,3.5,0.0,0.0,True,True,0.15146047513010438,0.0,3.0,0.0,,E6,C0 oracle-perc,T6,1024,3.5901341438293457
0.235,0.0,0.79,0.4699999999999993,2.026979806453608,0.0,5.0,0.6,6.800000000000001,0.0,0.0,False,False,0.04910432016900326,11.2,5.0,0.0,,E6,C0 oracle-perc,T6,1025,2.4715359210968018
0.8566666666666667,0.0,0.32666666666666666,0.46999999999999914,0.5884894796646419,0.0,3.0,1.0,2.6333333333333333,0.0,0.0,True,True,0.20998641243502664,2.0545454545454547,11.0,0.0,,E6,C0 oracle-perc,T6,1026,3.4024529457092285
0.845,1.0,0.655,0.4699999999999992,0.47000000000000003,0.0,3.0,1.0,2.733333333333333,0.0,0.0,True,False,0.24464091378231775,3.466666666666667,9.0,0.0,,E6,C0 oracle-perc,T6,1027,3.475792169570923
0.8333333333333334,0.0,0.885,0.4699933619007811,1.1521203154186241,0.0,6.0,1.0,5.283333333333334,0.0,0.0,True,True,0.15309154442864364,1.7555555555555558,9.0,0.0,,E6,C0 oracle-perc,T6,1028,3.4603121280670166
0.41833333333333333,1.0,0.7516666666666667,0.4699999999999985,1.6779669761405416,0.0,4.0,0.75,3.1,0.0,0.0,False,False,0.06914997477473028,4.683333333333334,6.0,0.0,,E6,C0 oracle-perc,T6,1029,2.5432419776916504
0.88,0.0,0.7833333333333333,0.4699999999999991,0.9548816320349472,0.0,3.0,1.0,5.2,0.0,0.0,True,True,0.1407633721850382,1.1076923076923078,13.0,0.0,,E6,C0 oracle-perc,T6,1030,3.393998861312866
0.7533333333333333,0.0,0.7133333333333334,0.4695170495287982,0.4700000000000002,0.0,4.0,1.0,5.125,0.0,0.0,True,False,0.09935868152587185,2.485714285714286,7.0,0.0,,E6,C0 oracle-perc,T6,1031,3.413256883621216
,,,,,,,,,,,,,,,,,RuntimeError('T6 seed 1032: T6 crowd placement failed'),E6,C0 oracle-perc,T6,1032,0.13882112503051758
0.205,0.0,0.8583333333333333,0.4699999999999992,1.8128155494275362,0.0,2.0,0.0,,0.0,0.0,False,False,0.04699994127289876,19.52857142857143,7.0,0.0,,E6,C0 oracle-perc,T6,1033,1.8763010501861572
0.4,0.0,0.905,0.46999999999999936,1.7027889574470034,0.0,2.0,0.5,1.8,0.0,0.0,False,False,0.05209409697318981,9.125,4.0,0.0,,E6,C0 oracle-perc,T6,1034,2.2629082202911377
1.0,0.0,0.5083333333333333,0.4699999999999993,1.2755149975660136,0.0,1.0,1.0,3.2,0.0,0.0,True,True,0.1273969563224762,0.0,7.0,0.0,,E6,C0 oracle-perc,T6,1035,3.7788290977478027
0.38,0.0,0.8666666666666667,0.46999999999999925,1.4796280863134426,0.0,2.0,0.0,,0.0,0.0,False,False,0.07537903998780054,12.7,8.0,0.0,,E6,C0 oracle-perc,T6,1036,2.249971866607666
0.7583333333333333,0.0,0.5833333333333334,0.46999999999999914,1.4348861117315292,0.0,6.0,1.0,4.416666666666667,0.0,0.0,True,False,0.10926138496193694,1.5272727272727273,11.0,0.0,,E6,C0 oracle-perc,T6,1037,3.349059820175171
1.0,0.0,0.6083333333333333,0.46999999999999914,1.0306601817384353,0.0,2.0,1.0,2.15,0.0,0.0,True,True,0.19851358213935416,0.0,7.0,0.0,,E6,C0 oracle-perc,T6,1038,3.5747110843658447
0.4,0.0,0.6866666666666666,0.46999999999999925,1.8700564854920598,0.0,4.0,0.75,6.666666666666667,0.0,0.0,False,False,0.06057609912544082,10.925,4.0,0.0,,E6,C0 oracle-perc,T6,1039,3.1246912479400635
0.18833333333333332,0.0,0.8566666666666667,0.4699999999999995,0.701693612027871,0.0,3.0,0.6666666666666666,6.450000000000001,0.0,0.0,False,False,0.048629538129334536,21.011111111111113,9.0,0.0,,E6,C0 oracle-perc,T6,1040,2.3822317123413086
0.4216666666666667,0.0,0.5933333333333334,0.4699999999999996,0.47975751665061445,0.0,2.0,0.5,3.4000000000000004,0.0,0.0,False,False,0.09280875624406186,2.16,5.0,0.0,,E6,C0 oracle-perc,T6,1041,2.7197370529174805
0.8216666666666667,0.0,0.865,0.4699999999999994,0.47000000000000003,0.0,5.0,0.6,3.4000000000000004,0.0,0.0,False,False,0.15575154509495806,3.5888888888888886,9.0,0.0,,E6,C0 oracle-perc,T6,1042,3.2828750610351562
0.6683333333333333,0.0,0.87,0.4699999999999997,0.47000000000000003,0.0,1.0,1.0,13.8,0.0,0.0,True,False,0.10256963247545597,1.616666666666667,6.0,0.0,,E6,C0 oracle-perc,T6,1043,3.7209441661834717
0.7516666666666667,0.0,0.6416666666666667,0.46999999999999914,0.46999999999999964,0.0,2.0,1.0,2.45,0.0,0.0,True,False,0.1833163957424169,2.4562500000000003,16.0,0.0,,E6,C0 oracle-perc,T6,1044,3.6643831729888916
0.69,0.0,0.8466666666666667,0.4699999999999995,0.548493179863361,0.0,2.0,1.0,6.3,0.0,0.0,True,False,0.17370400386904908,2.94,10.0,0.0,,E6,C0 oracle-perc,T6,1045,3.939530849456787
0.42,0.0,0.8066666666666666,0.4699999999999991,1.594161731015155,0.0,3.0,0.6666666666666666,7.3,0.0,0.0,False,False,0.06421750307018285,9.933333333333334,3.0,0.0,,E6,C0 oracle-perc,T6,1046,2.906464099884033
0.8866666666666667,0.0,0.7133333333333334,0.4699999999999995,0.5971656437266208,0.0,4.0,1.0,2.875,0.0,0.0,True,True,0.14978193745121549,0.7285714285714286,7.0,0.0,,E6,C0 oracle-perc,T6,1047,4.233551979064941
0.6483333333333333,0.0,0.5916666666666667,0.4699999999999993,0.4699999999999999,0.0,7.0,0.8571428571428571,5.6000000000000005,0.0,0.0,False,False,0.08095017907420125,3.5400000000000005,10.0,0.0,,E6,C0 oracle-perc,T6,1048,3.4147350788116455
0.21,0.0,0.805,0.46661963448336574,1.9058562804857315,0.0,3.0,0.3333333333333333,1.5,0.0,0.0,False,False,0.03999225565189788,17.036363636363635,11.0,0.0,,E6,C0 oracle-perc,T6,1049,2.7388391494750977
0.8966666666666666,1.0,0.9,0.4699999999999996,0.4905403485430308,0.0,1.0,1.0,3.4000000000000004,0.0,0.0,True,False,0.1838184532467471,1.6714285714285713,7.0,0.0,,E6,C0 oracle-perc,T7,1000,3.8112499713897705
0.5566666666666666,0.0,0.605,0.46999999999999914,0.4699999999999995,0.0,3.0,1.0,3.6333333333333333,0.0,0.0,True,False,0.13398341306497627,3.125,12.0,0.0,,E6,C0 oracle-perc,T7,1001,3.859417200088501
1.0,0.0,1.0,,1.101928772354187,0.0,0.0,,,0.0,0.0,True,True,0.1671016654318299,0.0,2.0,0.0,,E6,C0 oracle-perc,T7,1002,3.473663330078125
0.4633333333333333,1.0,0.7133333333333334,0.3786111427764351,0.6658332154428651,0.0,3.0,0.6666666666666666,8.4,0.0,0.0,True,False,0.07864671477347487,3.3916666666666675,12.0,0.0,,E6,C0 oracle-perc,T7,1003,3.048233985900879
0.815,0.0,0.9466666666666667,0.4699999999999996,0.47000000000000003,0.0,0.0,,,0.0,0.0,True,True,0.16289963126146717,1.4272727272727275,11.0,0.0,,E6,C0 oracle-perc,T7,1004,4.028002977371216
0.9216666666666666,0.0,1.0,,0.5788857314562547,0.0,0.0,,,0.0,0.0,True,True,0.14549251168550972,2.6666666666666665,3.0,0.0,,E6,C0 oracle-perc,T7,1005,3.4687001705169678
0.5933333333333334,0.0,1.0,0.9625519821375224,0.582743869139773,0.0,1.0,0.0,,0.0,0.0,True,False,0.06593392481970745,2.6571428571428575,7.0,0.0,,E6,C0 oracle-perc,T7,1006,3.0051350593566895
0.31,0.0,1.0,,0.55989128857679,0.0,2.0,0.0,,0.0,0.0,False,False,0.031159656589470713,9.920000000000002,5.0,0.0,,E6,C0 oracle-perc,T7,1007,1.9418160915374756
0.5983333333333334,0.0,0.7283333333333334,0.4699999999999997,0.46999999999999975,0.0,1.0,1.0,14.8,0.0,0.0,True,False,0.08687391793727593,3.6,2.0,0.0,,E6,C0 oracle-perc,T7,1008,3.6295042037963867
0.9566666666666667,0.0,1.0,0.5192814540754876,0.6710646785484572,0.0,0.0,,,0.0,0.0,True,True,0.14738433742100177,4.2,1.0,0.0,,E6,C0 oracle-perc,T7,1009,3.4881489276885986
0.5783333333333334,1.0,0.8633333333333333,0.41568242353096085,0.4959629417652803,0.0,1.0,1.0,1.9000000000000001,0.0,0.0,True,False,0.28869678211305605,5.016666666666667,6.0,0.0,,E6,C0 oracle-perc,T7,1010,3.297185182571411
0.5783333333333334,0.0,0.83,0.4699999999999995,1.361768473245624,0.0,3.0,0.3333333333333333,2.3000000000000003,0.0,0.0,False,False,0.051029751029330245,1.5166666666666666,6.0,0.0,,E6,C0 oracle-perc,T7,1011,2.8306009769439697
0.96,0.0,1.0,0.5516807318377254,0.642538161086062,0.0,0.0,,,0.0,0.0,True,True,0.13424840281391304,0.0,5.0,0.0,,E6,C0 oracle-perc,T7,1012,3.824979782104492
0.8766666666666667,0.0,1.0,,0.5191800529156605,2.0,0.0,,,0.0,0.0,True,True,0.20143836407484075,1.7714285714285718,7.0,0.0,,E6,C0 oracle-perc,T7,1013,2.94748592376709
0.925,0.0,0.9316666666666666,0.46999999999999936,0.47,0.0,0.0,,,0.0,0.0,True,True,0.15031552527970196,1.8666666666666665,6.0,0.0,,E6,C0 oracle-perc,T7,1014,3.569885015487671
0.8916666666666667,0.0,0.9866666666666667,0.4699999999999995,0.4699999999999994,0.0,0.0,,,0.0,0.0,True,True,0.1599735391661751,2.4,6.0,0.0,,E6,C0 oracle-perc,T7,1015,3.1832711696624756
0.9783333333333334,0.0,1.0,5.428586083866941,0.8854481979653673,0.0,0.0,,,0.0,0.0,True,True,0.17058421606795987,3.6,1.0,0.0,,E6,C0 oracle-perc,T7,1016,3.2988977432250977
0.8066666666666666,1.0,0.7116666666666667,0.4699999999999992,0.5248539191351813,0.0,3.0,1.0,4.433333333333334,0.0,0.0,True,False,0.12760551477321233,0.82,10.0,0.0,,E6,C0 oracle-perc,T7,1017,3.4025468826293945
0.7483333333333333,0.0,0.8883333333333333,0.4699999999999996,0.5473984743661563,0.0,1.0,1.0,1.6,0.0,0.0,True,False,0.2480615139795095,2.65,6.0,0.0,,E6,C0 oracle-perc,T7,1018,3.269170045852661
0.8,0.0,0.8716666666666667,0.4699999999999994,0.5133664363147792,0.0,2.0,1.0,2.0500000000000003,0.0,0.0,True,True,0.18149491535970522,2.6642857142857146,14.0,0.0,,E6,C0 oracle-perc,T7,1019,3.4941911697387695
0.34833333333333333,0.0,1.0,,0.49691336904343564,0.0,0.0,,,0.0,0.0,True,False,0.29039891048241395,8.9,4.0,0.0,,E6,C0 oracle-perc,T7,1020,2.8363327980041504
0.52,0.0,1.0,5.735478888005702,0.4699999999999994,0.0,0.0,,,0.0,0.0,True,False,0.19015514735468098,10.433333333333334,3.0,0.0,,E6,C0 oracle-perc,T7,1021,3.172516107559204
0.8716666666666667,0.0,1.0,,0.47225668973668516,0.0,0.0,,,0.0,0.0,True,True,0.14071473135436258,3.8000000000000003,4.0,0.0,,E6,C0 oracle-perc,T7,1022,3.0256168842315674
0.44166666666666665,0.0,0.775,0.4699999999999999,0.47000000000000036,0.0,3.0,0.3333333333333333,1.4000000000000001,0.0,0.0,False,False,0.11538487083216935,5.907692307692307,13.0,0.0,,E6,C0 oracle-perc,T7,1023,2.7407069206237793
0.5333333333333333,1.0,0.87,0.42887243836103434,0.5167434984311858,0.0,1.0,1.0,1.2000000000000002,0.0,0.0,True,False,0.17691824497142888,7.5,8.0,0.0,,E6,C0 oracle-perc,T7,1024,3.3423948287963867
0.705,1.0,0.7083333333333334,0.44733867116960707,0.4700000000000003,0.0,6.0,0.8333333333333334,4.280000000000001,0.0,0.0,False,False,0.13711425751382217,2.5000000000000004,11.0,0.0,,E6,C0 oracle-perc,T7,1025,3.136955976486206
0.7933333333333333,1.0,0.8866666666666667,0.4699999999999994,0.5336785175096983,0.0,1.0,0.0,,0.0,0.0,False,False,0.18267847630111095,1.9461538461538461,13.0,0.0,,E6,C0 oracle-perc,T7,1026,3.522993803024292
0.805,0.0,1.0,,0.4754170064552114,0.0,0.0,,,0.0,0.0,True,True,0.1815005129875992,7.4,4.0,0.0,,E6,C0 oracle-perc,T7,1027,2.9615988731384277
0.30833333333333335,0.0,0.76,0.4699999999999994,0.4820125014623997,0.0,1.0,0.0,,0.0,0.0,False,False,0.15282324904496303,13.066666666666668,9.0,0.0,,E6,C0 oracle-perc,T7,1028,3.2983410358428955
1.0,0.0,1.0,0.5652725791548691,1.4362267617271298,0.0,0.0,,,0.0,0.0,True,True,0.15444580731903507,0.0,2.0,0.0,,E6,C0 oracle-perc,T7,1029,3.6296961307525635
0.8783333333333333,0.0,1.0,,0.47195848545731284,0.0,0.0,,,0.0,0.0,True,True,0.18447780471574213,4.65,4.0,0.0,,E6,C0 oracle-perc,T7,1030,3.134634017944336
1.0,0.0,1.0,,1.1365685548826072,0.0,0.0,,,0.0,0.0,True,True,0.14699825416032955,0.0,3.0,0.0,,E6,C0 oracle-perc,T7,1031,3.1090476512908936
0.575,1.0,0.735,0.46999999999999953,0.49472662265399175,0.0,3.0,0.6666666666666666,7.500000000000001,0.0,0.0,False,False,0.15226831294126916,4.216666666666667,6.0,0.0,,E6,C0 oracle-perc,T7,1032,2.8584489822387695
0.8833333333333333,0.0,0.9916666666666667,0.4830210884842738,0.5718496199592793,0.0,1.0,1.0,1.8,0.0,0.0,True,True,0.16892616378916803,2.4000000000000004,2.0,0.0,,E6,C0 oracle-perc,T7,1033,3.6308341026306152
0.7783333333333333,0.0,0.8983333333333333,0.4699999999999992,0.48127864010487714,0.0,1.0,0.0,,0.0,0.0,False,False,0.11387694908402968,1.7916666666666667,12.0,0.0,,E6,C0 oracle-perc,T7,1034,2.9267098903656006
0.5633333333333334,0.0,0.655,0.469999999999999,0.5840244310176141,0.0,1.0,0.0,,0.0,0.0,False,False,0.10267651798238865,1.4571428571428573,7.0,0.0,,E6,C0 oracle-perc,T7,1035,2.885632038116455
1.0,1.0,0.9466666666666667,0.4429370402373075,1.1578980646409396,0.0,0.0,,,0.0,0.0,True,False,0.19111556962327272,0.0,3.0,0.0,,E6,C0 oracle-perc,T7,1036,3.107334852218628
0.735,0.0,0.9933333333333333,0.4760719628557819,0.47675354613438126,0.0,0.0,,,0.0,0.0,True,False,0.18056349525692764,3.0571428571428574,7.0,0.0,,E6,C0 oracle-perc,T7,1037,3.080130100250244
0.6633333333333333,2.0,0.6816666666666666,0.4516806519642653,0.4699999999999995,0.0,2.0,1.0,3.6,0.0,0.0,True,False,0.17401822626653726,3.5500000000000003,14.0,0.0,,E6,C0 oracle-perc,T7,1038,3.415482759475708
0.6733333333333333,0.0,0.9766666666666667,0.47000000000000036,0.47,0.0,0.0,,,0.0,0.0,True,False,0.16062333680899177,13.766666666666667,3.0,0.0,,E6,C0 oracle-perc,T7,1039,3.2468788623809814
0.2916666666666667,0.0,0.765,0.46999999999999914,0.46999999999999903,0.0,3.0,0.6666666666666666,9.55,0.0,0.0,True,False,0.09410955034169753,8.146153846153846,13.0,0.0,,E6,C0 oracle-perc,T7,1040,2.8859100341796875
0.9733333333333334,0.0,1.0,0.659019863404116,0.85705255724026,0.0,0.0,,,0.0,0.0,True,True,0.1653704017081426,1.8,2.0,0.0,,E6,C0 oracle-perc,T7,1041,3.3897831439971924
0.69,0.0,0.9033333333333333,0.4618221744370349,0.5214594043699773,0.0,2.0,1.0,2.9,0.0,0.0,True,False,0.2359976425788914,5.375,8.0,0.0,,E6,C0 oracle-perc,T7,1042,3.3733110427856445
0.31,0.0,1.0,1.475279936594194,0.9207114521224208,0.0,1.0,0.0,,0.0,0.0,False,False,0.03398314877690504,7.628571428571428,7.0,0.0,,E6,C0 oracle-perc,T7,1043,1.8703398704528809
0.7383333333333333,0.0,0.87,0.46999999999999953,0.5472400507957155,0.0,2.0,0.5,4.4,0.0,0.0,False,False,0.1888719177370076,2.085714285714286,7.0,0.0,,E6,C0 oracle-perc,T7,1044,3.5484201908111572
0.9383333333333334,0.0,0.8283333333333334,0.46317944262715616,0.5533717396354138,0.0,2.0,1.0,3.3,0.0,0.0,True,True,0.18289894902854223,1.2833333333333334,6.0,0.0,,E6,C0 oracle-perc,T7,1045,3.400545120239258
0.7916666666666666,0.0,1.0,0.7622302984009991,0.46999999999999964,0.0,0.0,,,0.0,0.0,True,False,0.16205300723618632,3.7000000000000006,9.0,0.0,,E6,C0 oracle-perc,T7,1046,3.256469964981079
0.92,0.0,0.9833333333333333,0.4699999999999991,0.5121468040908501,0.0,0.0,,,0.0,0.0,True,True,0.19622767729026022,4.300000000000001,2.0,0.0,,E6,C0 oracle-perc,T7,1047,3.464148998260498
1.0,0.0,1.0,0.6101761220992735,1.309873331257039,0.0,0.0,,,0.0,0.0,True,True,0.11085710722934573,0.0,4.0,0.0,,E6,C0 oracle-perc,T7,1048,3.588860034942627
0.9316666666666666,0.0,1.0,,0.5708624871342984,0.0,0.0,,,0.0,0.0,True,True,0.14476132698767366,1.9500000000000002,4.0,0.0,,E6,C0 oracle-perc,T7,1049,3.2232539653778076
0.9883333333333333,0.0,1.0,,0.8621128336644962,0.0,0.0,,,0.0,0.0,True,True,0.06965156982994228,1.0,2.0,0.0,,E6,full oracle-perc,T1,1000,4.901248216629028
0.5733333333333334,0.0,1.0,,0.47338609914877844,0.0,0.0,,,0.0,0.0,True,False,0.06995874279862042,13.3,2.0,0.0,,E6,full oracle-perc,T1,1001,3.6621570587158203
0.8683333333333333,1.0,0.975,0.4699999999999995,0.46999999999999975,0.0,0.0,,,0.0,0.0,True,False,0.07744508137220635,3.65,6.0,0.0,,E6,full oracle-perc,T1,1002,4.980877876281738
0.6333333333333333,0.0,1.0,,0.46999999999999953,0.0,0.0,,,0.0,0.0,True,False,0.09322801464319502,6.957142857142856,7.0,0.0,,E6,full oracle-perc,T1,1003,3.7982349395751953
0.8233333333333334,0.0,1.0,,0.480821805264091,0.0,0.0,,,0.0,0.0,True,True,0.09844778406510188,3.5833333333333335,6.0,0.0,,E6,full oracle-perc,T1,1004,4.610612869262695
0.9466666666666667,0.0,0.965,0.4699999999999994,0.7501297942179602,0.0,0.0,,,0.0,0.0,True,True,0.06515222355367109,1.625,4.0,0.0,,E6,full oracle-perc,T1,1005,4.086269855499268
0.62,0.0,1.0,,0.5407317832661787,0.0,0.0,,,0.0,0.0,True,False,0.10933912340611762,11.350000000000001,2.0,0.0,,E6,full oracle-perc,T1,1006,4.7586669921875
0.5833333333333334,0.0,0.9333333333333333,0.4699999999999996,1.2148467412477972,0.0,1.0,0.0,,0.0,0.0,False,False,0.05933043911201794,4.8,5.0,0.0,,E6,full oracle-perc,T1,1007,2.9774889945983887
0.73,0.0,1.0,,0.46999999999999936,0.0,0.0,,,0.0,0.0,True,False,0.11427378075522082,6.5,6.0,0.0,,E6,full oracle-perc,T1,1008,4.858482122421265
0.885,0.0,1.0,,0.48102386547896764,0.0,0.0,,,0.0,0.0,True,True,0.14557175041827228,3.4500000000000006,4.0,0.0,,E6,full oracle-perc,T1,1009,3.6721410751342773
0.7566666666666667,0.0,1.0,,0.5399489018611345,0.0,0.0,,,0.0,0.0,True,False,0.11857605108070392,8.3,2.0,0.0,,E6,full oracle-perc,T1,1010,5.293580055236816
0.6916666666666667,0.0,1.0,,0.5028141226221767,0.0,1.0,1.0,6.1000000000000005,0.0,0.0,True,False,0.11067782005859271,7.5600000000000005,5.0,0.0,,E6,full oracle-perc,T1,1011,3.3419997692108154
1.0,0.0,1.0,,1.0248152719278276,0.0,0.0,,,0.0,0.0,True,True,0.07122606694922105,0.0,4.0,0.0,,E6,full oracle-perc,T1,1012,5.3050830364227295
0.9683333333333334,0.0,1.0,,0.9625473280255786,0.0,0.0,,,0.0,0.0,True,True,0.07673853737147583,2.25,2.0,0.0,,E6,full oracle-perc,T1,1013,3.555722951889038
0.9816666666666667,0.0,1.0,,0.9175145383757741,0.0,0.0,,,0.0,0.0,True,True,0.07724724608838283,1.35,2.0,0.0,,E6,full oracle-perc,T1,1014,5.192850828170776
0.97,0.0,1.0,,0.7858562964973946,0.0,0.0,,,0.0,0.0,True,True,0.06208392470165277,1.1666666666666667,3.0,0.0,,E6,full oracle-perc,T1,1015,3.5284674167633057
0.94,0.0,1.0,,0.8011446598439377,0.0,0.0,,,0.0,0.0,True,True,0.11228497029880657,3.2,2.0,0.0,,E6,full oracle-perc,T1,1016,3.7508859634399414
0.665,0.0,1.0,,0.46999999999999986,0.0,0.0,,,0.0,0.0,True,False,0.10973886885831566,8.05,8.0,0.0,,E6,full oracle-perc,T1,1017,3.3984358310699463
0.7133333333333334,0.0,1.0,,0.5111608435779507,0.0,0.0,,,0.0,0.0,True,False,0.1458406554395431,8.35,4.0,0.0,,E6,full oracle-perc,T1,1018,3.6197330951690674
0.8866666666666667,0.0,1.0,,0.4699999999999997,0.0,0.0,,,0.0,0.0,True,True,0.08461503984891645,2.9250000000000003,4.0,0.0,,E6,full oracle-perc,T1,1019,3.4104340076446533
0.9783333333333334,0.0,1.0,,0.932334155771978,0.0,0.0,,,0.0,0.0,True,True,0.11359189380934057,3.3000000000000003,1.0,0.0,,E6,full oracle-perc,T1,1020,3.5784428119659424
0.9883333333333333,0.0,1.0,,0.9639595526936507,0.0,0.0,,,0.0,0.0,True,True,0.05811406037039708,1.25,2.0,0.0,,E6,full oracle-perc,T1,1021,3.4866719245910645
1.0,0.0,1.0,1.843791192080965,1.0367544243873854,0.0,0.0,,,0.0,0.0,True,True,0.07010448385041818,0.0,2.0,0.0,,E6,full oracle-perc,T1,1022,3.5612359046936035
0.83,0.0,1.0,3.984628367826557,0.4700000000000004,0.0,0.0,,,0.0,0.0,True,True,0.07330270335194995,4.6,5.0,0.0,,E6,full oracle-perc,T1,1023,3.6408331394195557
0.9083333333333333,0.0,1.0,,0.5511319259112418,0.0,0.0,,,0.0,0.0,True,True,0.0803919960906817,2.2333333333333334,3.0,0.0,,E6,full oracle-perc,T1,1024,3.526228189468384
0.7516666666666667,0.0,1.0,1.1513759191443145,0.47000000000000036,0.0,0.0,,,0.0,0.0,True,False,0.07642474383156302,2.9000000000000004,6.0,0.0,,E6,full oracle-perc,T1,1025,3.4817042350769043
0.97,0.0,1.0,,0.8802101667118768,0.0,0.0,,,0.0,0.0,True,True,0.14145512470340002,3.2,1.0,0.0,,E6,full oracle-perc,T1,1026,3.4704718589782715
0.92,0.0,1.0,7.877655847583807,0.4807103203058632,0.0,0.0,,,0.0,0.0,True,True,0.12140301334958832,3.3000000000000003,3.0,0.0,,E6,full oracle-perc,T1,1027,3.8041200637817383
0.9,0.0,0.895,0.4699999999999992,0.6766981456094202,0.0,0.0,,,0.0,0.0,True,True,0.07409520579945209,1.3333333333333333,3.0,0.0,,E6,full oracle-perc,T1,1028,3.698929786682129
1.0,0.0,0.7266666666666667,0.4699999999999991,1.053317866625184,0.0,0.0,,,0.0,0.0,True,True,0.05027313552107445,0.0,1.0,0.0,,E6,full oracle-perc,T1,1029,3.78224515914917
0.8283333333333334,0.0,1.0,6.663354203218496,0.5521566465834865,0.0,0.0,,,0.0,0.0,True,True,0.10461730375439522,4.9,4.0,0.0,,E6,full oracle-perc,T1,1030,3.6839399337768555
0.5733333333333334,0.0,0.715,0.4699999999999994,0.49324962503803393,0.0,3.0,0.0,,0.0,0.0,False,False,0.07408873851554214,4.8,6.0,0.0,,E6,full oracle-perc,T1,1031,2.9961440563201904
0.7283333333333334,0.0,0.9066666666666666,0.47,0.9122934359375036,0.0,1.0,0.0,,0.0,0.0,True,False,0.09268336281460761,0.8,4.0,0.0,,E6,full oracle-perc,T1,1032,3.3569841384887695
1.0,0.0,1.0,,1.0935162913600358,0.0,0.0,,,0.0,0.0,True,True,0.07694436022086323,0.0,2.0,0.0,,E6,full oracle-perc,T1,1033,3.520735025405884
0.7833333333333333,0.0,1.0,,0.47000000000000003,0.0,0.0,,,0.0,0.0,True,False,0.0891633859478442,4.96,5.0,0.0,,E6,full oracle-perc,T1,1034,3.4927921295166016
0.6583333333333333,0.0,1.0,,0.46999999999999903,0.0,0.0,,,0.0,0.0,True,False,0.0778643869437039,7.614285714285716,7.0,0.0,,E6,full oracle-perc,T1,1035,3.4373362064361572
0.9416666666666667,0.0,1.0,,0.8044266092301101,0.0,0.0,,,0.0,0.0,True,True,0.126593952462396,3.0,1.0,0.0,,E6,full oracle-perc,T1,1036,3.6836631298065186
1.0,0.0,1.0,,1.0901498225749235,0.0,0.0,,,0.0,0.0,True,True,0.055687314956936275,0.0,3.0,0.0,,E6,full oracle-perc,T1,1037,3.4857280254364014
0.6766666666666666,0.0,1.0,,0.4921987048752835,0.0,1.0,1.0,5.0,0.0,0.0,True,False,0.12743844477203864,7.7,6.0,0.0,,E6,full oracle-perc,T1,1038,3.5009701251983643
0.7916666666666666,0.0,0.8816666666666667,0.4699999999999998,1.1829804767421082,0.0,1.0,1.0,2.1,0.0,0.0,True,False,0.06800268597490798,0.0,4.0,0.0,,E6,full oracle-perc,T1,1039,3.62626576423645
0.65,0.0,1.0,,0.4699999999999996,0.0,0.0,,,0.0,0.0,True,False,0.08994313275985308,5.86,5.0,0.0,,E6,full oracle-perc,T1,1040,3.450057029724121
0.8,0.0,1.0,4.000967309881398,0.5208752099611003,0.0,0.0,,,0.0,0.0,True,True,0.10086459538189504,5.466666666666666,3.0,0.0,,E6,full oracle-perc,T1,1041,3.632678985595703
0.9933333333333333,0.0,1.0,,0.9966394401998996,0.0,0.0,,,0.0,0.0,True,True,0.06791933722645778,1.4000000000000001,2.0,0.0,,E6,full oracle-perc,T1,1042,3.532468795776367
0.8433333333333334,0.0,1.0,9.04004499237618,0.4699999999999996,0.0,0.0,,,0.0,0.0,True,True,0.08105548329849836,4.66,5.0,0.0,,E6,full oracle-perc,T1,1043,3.479531764984131
0.89,0.0,1.0,,0.55401841383164,0.0,0.0,,,0.0,0.0,True,True,0.10394159683517744,5.6000000000000005,3.0,0.0,,E6,full oracle-perc,T1,1044,3.4381299018859863
0.7083333333333334,0.0,1.0,,0.5606304860078843,0.0,0.0,,,0.0,0.0,True,False,0.10767802239800082,9.8,2.0,0.0,,E6,full oracle-perc,T1,1045,3.557344913482666
0.6166666666666667,0.0,1.0,,0.46999999999999986,0.0,0.0,,,0.0,0.0,True,False,0.10260108061402126,6.833333333333335,6.0,0.0,,E6,full oracle-perc,T1,1046,3.520495891571045
0.6,0.0,0.9166666666666666,0.4699999999999995,0.5284309001257818,0.0,0.0,,,0.0,0.0,True,False,0.17303917067486516,11.3,4.0,0.0,,E6,full oracle-perc,T1,1047,3.5356810092926025
0.815,0.0,1.0,,0.47000000000000003,0.0,0.0,,,0.0,0.0,True,True,0.0986148626061532,3.475,4.0,0.0,,E6,full oracle-perc,T1,1048,3.52760910987854
0.9666666666666667,0.0,1.0,1.674139914963665,0.7906967749492149,0.0,0.0,,,0.0,0.0,True,True,0.0901876563604117,2.25,2.0,0.0,,E6,full oracle-perc,T1,1049,3.642787218093872
0.8066666666666666,0.0,1.0,,0.4896978652303106,0.0,0.0,,,0.0,0.0,True,True,0.1057294344280189,3.7,7.0,0.0,,E6,full oracle-perc,T2,1000,3.4960150718688965
0.81,0.0,1.0,,0.4851072602582831,0.0,0.0,,,0.0,0.0,True,True,0.09795594406290098,4.08,5.0,0.0,,E6,full oracle-perc,T2,1001,3.6482198238372803
0.8016666666666666,0.0,0.9933333333333333,0.46999999999999975,0.49154544810584516,0.0,0.0,,,0.0,0.0,True,True,0.09804438030584202,4.2,7.0,0.0,,E6,full oracle-perc,T2,1002,3.736733913421631
0.735,0.0,1.0,,0.46999999999999986,0.0,0.0,,,0.0,0.0,True,False,0.09907893662666067,4.86,5.0,0.0,,E6,full oracle-perc,T2,1003,3.343233823776245
0.725,1.0,0.9183333333333333,0.4699999999999996,0.46999999999999964,0.0,0.0,,,0.0,0.0,True,False,0.11207786467702192,4.966666666666667,9.0,0.0,,E6,full oracle-perc,T2,1004,3.6757020950317383
0.8316666666666667,0.0,1.0,,0.5255632683125211,0.0,0.0,,,0.0,0.0,True,True,0.09358514205465554,3.2,4.0,0.0,,E6,full oracle-perc,T2,1005,3.548034906387329
0.6283333333333333,0.0,1.0,2.3484249808899653,0.5365073556518263,0.0,0.0,,,0.0,0.0,True,False,0.11782928949199568,11.8,2.0,0.0,,E6,full oracle-perc,T2,1006,3.5499048233032227
0.7766666666666666,0.0,1.0,,0.46999999999999975,0.0,0.0,,,0.0,0.0,True,False,0.1064990479473426,4.485714285714286,7.0,0.0,,E6,full oracle-perc,T2,1007,3.4828221797943115
0.7783333333333333,0.0,0.925,0.4699999999999997,0.4699999999999999,0.0,1.0,1.0,4.2,0.0,0.0,True,False,0.09331096523063356,3.128571428571429,7.0,0.0,,E6,full oracle-perc,T2,1008,3.623624801635742
,,,,,,,,,,,,,,,,,RuntimeError('T2 seed 1009: T2 placement failed'),E6,full oracle-perc,T2,1009,0.6573390960693359
0.9866666666666667,0.0,0.9683333333333334,0.4699999999999996,0.9899447903545897,0.0,0.0,,,0.0,0.0,True,True,0.14028060872557296,1.0333333333333334,3.0,0.0,,E6,full oracle-perc,T2,1010,3.824693202972412
,,,,,,,,,,,,,,,,,RuntimeError('T2 seed 1011: T2 placement failed'),E6,full oracle-perc,T2,1011,0.21996402740478516
0.865,0.0,1.0,,0.47114035359451434,0.0,0.0,,,0.0,0.0,True,True,0.0897699620212196,2.1833333333333336,6.0,0.0,,E6,full oracle-perc,T2,1012,3.48931884765625
0.8166666666666667,0.0,0.9333333333333333,0.46999999999999986,0.5237673397758458,0.0,1.0,1.0,4.3,0.0,0.0,True,True,0.1351674539541351,2.6833333333333336,6.0,0.0,,E6,full oracle-perc,T2,1013,3.4613940715789795
0.885,0.0,1.0,,0.4870623265469229,0.0,0.0,,,0.0,0.0,True,True,0.08255725370855953,3.3800000000000003,5.0,0.0,,E6,full oracle-perc,T2,1014,3.6234450340270996
,,,,,,,,,,,,,,,,,RuntimeError('T2 seed 1015: T2 placement failed'),E6,full oracle-perc,T2,1015,0.2541470527648926
0.7166666666666667,0.0,1.0,,0.5391169504766679,0.0,0.0,,,0.0,0.0,True,False,0.13052372416418315,7.4,4.0,0.0,,E6,full oracle-perc,T2,1016,3.389490842819214
0.8083333333333333,0.0,1.0,1.1670220391954234,0.4699999999999998,0.0,0.0,,,0.0,0.0,True,True,0.11571290928865555,4.1000000000000005,7.0,0.0,,E6,full oracle-perc,T2,1017,3.8203649520874023
0.8183333333333334,0.0,0.9483333333333334,0.46999999999999964,0.4892096770933628,0.0,1.0,1.0,1.7000000000000002,0.0,0.0,True,True,0.11086866109032915,4.066666666666667,3.0,0.0,,E6,full oracle-perc,T2,1018,3.5952651500701904
0.49333333333333335,0.0,0.935,0.46999999999999975,1.1921194821980634,0.0,2.0,0.5,15.5,0.0,0.0,False,False,0.039167263693144154,6.957142857142857,7.0,0.0,,E6,full oracle-perc,T2,1019,2.412142038345337
0.7283333333333334,0.0,1.0,,0.5386377759045131,0.0,0.0,,,0.0,0.0,True,False,0.10689008516364328,6.15,2.0,0.0,,E6,full oracle-perc,T2,1020,3.5826001167297363
0.8433333333333334,0.0,1.0,,0.4850569273587601,0.0,0.0,,,0.0,0.0,True,True,0.11033671093322238,3.1,5.0,0.0,,E6,full oracle-perc,T2,1021,3.546814203262329
0.48333333333333334,0.0,1.0,1.5039499882780534,1.391143532255105,0.0,1.0,0.0,,0.0,0.0,False,False,0.03133829915733847,2.9400000000000004,5.0,0.0,,E6,full oracle-perc,T2,1022,2.0863819122314453
0.835,0.0,1.0,0.7888619999576668,0.49028010883948586,0.0,0.0,,,0.0,0.0,True,True,0.10351453202345781,3.34,5.0,0.0,,E6,full oracle-perc,T2,1023,3.763707160949707
0.45666666666666667,0.0,1.0,,0.4742149999570901,0.0,0.0,,,0.0,0.0,True,False,0.11164252463336592,16.900000000000002,2.0,0.0,,E6,full oracle-perc,T2,1024,3.1815407276153564
,,,,,,,,,,,,,,,,,RuntimeError('T2 seed 1025: T2 placement failed'),E6,full oracle-perc,T2,1025,0.15262603759765625
,,,,,,,,,,,,,,,,,RuntimeError('T2 seed 1026: T2 placement failed'),E6,full oracle-perc,T2,1026,0.37078189849853516
0.75,0.0,1.0,2.8643708919757978,0.49821133948644003,0.0,0.0,,,0.0,0.0,True,False,0.1302913954932715,5.680000000000001,5.0,0.0,,E6,full oracle-perc,T2,1027,3.7222900390625
0.7983333333333333,0.0,1.0,,0.48745582113303426,0.0,0.0,,,0.0,0.0,True,False,0.10945840786330965,4.5166666666666675,6.0,0.0,,E6,full oracle-perc,T2,1028,3.5040876865386963
,,,,,,,,,,,,,,,,,RuntimeError('T2 seed 1029: T2 placement failed'),E6,full oracle-perc,T2,1029,0.47885727882385254
0.6516666666666666,0.0,1.0,0.9099521880031332,0.4699999999999994,0.0,0.0,,,0.0,0.0,True,False,0.10896936226746261,10.8,2.0,0.0,,E6,full oracle-perc,T2,1030,3.601785659790039
0.8733333333333333,0.0,1.0,,0.5476865374259787,0.0,0.0,,,0.0,0.0,True,True,0.11035554831773976,4.25,2.0,0.0,,E6,full oracle-perc,T2,1031,3.6773509979248047
0.7216666666666667,1.0,0.9933333333333333,0.4699999999999999,0.540647952785308,0.0,1.0,1.0,1.2000000000000002,0.0,0.0,True,False,0.10730037799124997,7.050000000000001,2.0,0.0,,E6,full oracle-perc,T2,1032,3.7041988372802734
0.7533333333333333,0.0,1.0,,0.46999999999999964,0.0,1.0,1.0,1.8,0.0,0.0,True,False,0.10043664653227528,4.385714285714286,7.0,0.0,,E6,full oracle-perc,T2,1033,3.53200101852417
0.78,0.0,1.0,,0.4699999999999992,0.0,1.0,1.0,1.8,0.0,0.0,True,False,0.10945117247818356,4.742857142857143,7.0,0.0,,E6,full oracle-perc,T2,1034,3.5233631134033203
0.725,0.0,1.0,,0.4699999999999995,0.0,1.0,0.0,,0.0,0.0,True,False,0.09842066810681405,4.040000000000001,10.0,0.0,,E6,full oracle-perc,T2,1035,3.6654410362243652
0.85,0.0,0.9683333333333334,0.4699999999999995,0.481433761883598,0.0,0.0,,,0.0,0.0,True,True,0.13636523623751612,4.6000000000000005,4.0,0.0,,E6,full oracle-perc,T2,1036,3.682405948638916
0.7766666666666666,0.0,1.0,,0.47428558092305284,0.0,0.0,,,0.0,0.0,True,False,0.09062199458299114,4.96,5.0,0.0,,E6,full oracle-perc,T2,1037,3.5605340003967285
0.6483333333333333,0.0,1.0,1.3398540121535305,0.489314633542398,0.0,0.0,,,0.0,0.0,True,False,0.09702200578607638,8.850000000000001,6.0,0.0,,E6,full oracle-perc,T2,1038,3.833491086959839
0.7683333333333333,0.0,1.0,,0.4700000000000001,0.0,0.0,,,0.0,0.0,True,False,0.09249524408280987,3.866666666666667,6.0,0.0,,E6,full oracle-perc,T2,1039,3.5567169189453125
0.79,0.0,1.0,,0.4699999999999997,0.0,0.0,,,0.0,0.0,True,False,0.09187975336274185,5.183333333333334,6.0,0.0,,E6,full oracle-perc,T2,1040,3.5200119018554688
0.41333333333333333,0.0,1.0,,1.4526265335980315,0.0,1.0,0.0,,0.0,0.0,False,False,0.029098092540740122,13.200000000000001,6.0,0.0,,E6,full oracle-perc,T2,1041,2.0913140773773193
,,,,,,,,,,,,,,,,,RuntimeError('T2 seed 1042: T2 placement failed'),E6,full oracle-perc,T2,1042,0.2006068229675293
0.7833333333333333,0.0,1.0,,0.46999999999999986,0.0,0.0,,,0.0,0.0,True,False,0.10268178713048685,2.7500000000000004,10.0,0.0,,E6,full oracle-perc,T2,1043,3.429614782333374
0.955,0.0,1.0,,0.5024115357199546,0.0,1.0,1.0,1.6,0.0,0.0,True,True,0.07875416227261497,0.925,4.0,0.0,,E6,full oracle-perc,T2,1044,3.51023006439209
0.7316666666666667,0.0,1.0,,0.547088159795258,0.0,0.0,,,0.0,0.0,True,False,0.1383108040647044,5.45,2.0,0.0,,E6,full oracle-perc,T2,1045,3.857854127883911
0.7816666666666666,0.0,0.9616666666666667,0.46999999999999975,0.47000000000000086,0.0,0.0,,,0.0,0.0,True,False,0.12612045503371316,4.316666666666667,6.0,0.0,,E6,full oracle-perc,T2,1046,3.9648549556732178
0.81,0.0,1.0,,0.5200141283341365,0.0,0.0,,,0.0,0.0,True,True,0.11473028433680993,6.3500000000000005,2.0,0.0,,E6,full oracle-perc,T2,1047,3.5156381130218506
0.635,0.0,1.0,,0.46999999999999925,0.0,0.0,,,0.0,0.0,True,False,0.08633076931595529,6.914285714285714,7.0,0.0,,E6,full oracle-perc,T2,1048,3.749821901321411
0.7266666666666667,0.0,1.0,0.6887362748096802,0.47000000000000025,0.0,0.0,,,0.0,0.0,True,False,0.09600584943163108,7.050000000000001,4.0,0.0,,E6,full oracle-perc,T2,1049,3.7891180515289307
0.9216666666666666,0.0,1.0,0.7506257382910183,0.5573316560346426,0.0,0.0,,,0.0,0.0,True,True,0.08750655611133637,5.6000000000000005,1.0,0.0,,E6,full oracle-perc,T3,1000,3.883523941040039
0.925,0.0,0.9966666666666667,0.489723660994137,0.5049263016657202,0.0,0.0,,,0.0,0.0,True,True,0.08804572400323263,5.800000000000001,1.0,0.0,,E6,full oracle-perc,T3,1001,3.768325090408325
0.9666666666666667,0.0,1.0,0.8242330972598733,0.856117911494223,0.0,0.0,,,0.0,0.0,True,True,0.08050724106652087,1.55,2.0,0.0,,E6,full oracle-perc,T3,1002,3.7913970947265625
0.9066666666666666,0.0,0.985,0.4699999999999995,0.5583488274468119,0.0,1.0,1.0,2.3000000000000003,0.0,0.0,True,True,0.10510299834125687,1.5,5.0,0.0,,E6,full oracle-perc,T3,1003,3.9471418857574463
0.8616666666666667,0.0,1.0,0.7355245158790338,0.4700000000000001,0.0,0.0,,,0.0,0.0,True,True,0.08919751875738724,3.7,5.0,0.0,,E6,full oracle-perc,T3,1004,3.761971950531006
0.8466666666666667,0.0,0.9933333333333333,0.46999999999999953,0.5668318944330891,0.0,1.0,1.0,13.3,0.0,0.0,True,True,0.1074540199967228,2.4000000000000004,3.0,0.0,,E6,full oracle-perc,T3,1005,3.4886081218719482
,,,,,,,,,,,,,,,,,RuntimeError('T3 seed 1006: no straight run found'),E6,full oracle-perc,T3,1006,0.2508981227874756
0.9383333333333334,0.0,1.0,0.5144818103303433,0.5735162110756586,0.0,0.0,,,0.0,0.0,True,True,0.07226076331706278,1.5666666666666667,3.0,0.0,,E6,full oracle-perc,T3,1007,4.151447057723999
0.93,0.0,0.97,0.4699999999999995,0.5685931051434051,0.0,0.0,,,0.0,0.0,True,True,0.07273696732391106,1.8,3.0,0.0,,E6,full oracle-perc,T3,1008,3.8905351161956787
0.955,0.0,1.0,0.6362352389196223,0.7848849826023003,0.0,0.0,,,0.0,0.0,True,True,0.09547508355635073,2.0250000000000004,4.0,0.0,,E6,full oracle-perc,T3,1009,3.929976224899292
0.9633333333333334,0.0,1.0,0.7465472248231758,0.6752642192694667,0.0,0.0,,,0.0,0.0,True,True,0.08824037020981323,1.1333333333333335,3.0,0.0,,E6,full oracle-perc,T3,1010,4.004400968551636
0.9016666666666666,0.0,1.0,0.7517073849406344,0.47000000000000036,0.0,0.0,,,0.0,0.0,True,True,0.08852022007469147,3.8249999999999997,4.0,0.0,,E6,full oracle-perc,T3,1011,3.8417868614196777
0.8666666666666667,0.0,1.0,1.1116265891551584,0.4699999999999996,0.0,0.0,,,0.0,0.0,True,True,0.08922906661384422,4.125,4.0,0.0,,E6,full oracle-perc,T3,1012,4.038964033126831
0.9283333333333333,0.0,1.0,0.9354252794810269,0.556005247592607,0.0,0.0,,,0.0,0.0,True,True,0.09650204384902224,3.3000000000000003,2.0,0.0,,E6,full oracle-perc,T3,1013,3.7165329456329346
0.965,0.0,1.0,0.6563227089400003,0.7203145273285271,0.0,0.0,,,0.0,0.0,True,True,0.07264628522781978,3.4000000000000004,1.0,0.0,,E6,full oracle-perc,T3,1014,3.7736220359802246
0.9566666666666667,0.0,1.0,1.6737275216358247,0.68118459416498,0.0,0.0,,,0.0,0.0,True,True,0.09563942344016306,1.9400000000000002,5.0,0.0,,E6,full oracle-perc,T3,1015,3.958574056625366
0.94,0.0,0.995,0.4863160424296243,0.5836241269001247,0.0,0.0,,,0.0,0.0,True,True,0.08351028909792749,1.125,4.0,0.0,,E6,full oracle-perc,T3,1016,3.7966468334198
0.9466666666666667,0.0,1.0,1.0905935811623295,0.675616068664006,0.0,0.0,,,0.0,0.0,True,True,0.07962135099257399,4.2,1.0,0.0,,E6,full oracle-perc,T3,1017,4.0156519412994385
0.8633333333333333,0.0,0.9733333333333334,0.4699999999999995,0.47000000000000014,0.0,0.0,,,0.0,0.0,True,True,0.10975586813867456,2.6142857142857143,7.0,0.0,,E6,full oracle-perc,T3,1018,3.823559045791626
0.9466666666666667,0.0,1.0,1.3580370945819369,0.5498602823740525,0.0,0.0,,,0.0,0.0,True,True,0.05711663994464996,4.1000000000000005,1.0,0.0,,E6,full oracle-perc,T3,1019,3.944173812866211
0.87,0.0,1.0,0.7784075680980572,0.47000000000000003,0.0,0.0,,,0.0,0.0,True,True,0.10514864723013832,9.3,1.0,0.0,,E6,full oracle-perc,T3,1020,3.888714075088501
0.9583333333333334,0.0,1.0,1.0581144372688727,0.7947829513985997,0.0,0.0,,,0.0,0.0,True,True,0.07878694780086895,4.0,1.0,0.0,,E6,full oracle-perc,T3,1021,4.225557804107666
1.0,0.0,1.0,0.5598150935312439,1.0002951525283625,0.0,0.0,,,0.0,0.0,True,True,0.07557289636349929,,0.0,0.0,,E6,full oracle-perc,T3,1022,3.9103400707244873
0.94,0.0,1.0,0.8436413602483183,0.567469661711166,0.0,0.0,,,0.0,0.0,True,True,0.08775525859045477,2.45,2.0,0.0,,E6,full oracle-perc,T3,1023,4.048629999160767
0.9866666666666667,0.0,1.0,1.5113211670521454,0.9533801918270293,0.0,0.0,,,0.0,0.0,True,True,0.08860781679510944,0.8333333333333334,3.0,0.0,,E6,full oracle-perc,T3,1024,3.9017269611358643
0.9533333333333334,0.0,1.0,1.2137572765385172,0.5803209248835856,0.0,0.0,,,0.0,0.0,True,True,0.08984964991063578,1.9000000000000001,2.0,0.0,,E6,full oracle-perc,T3,1025,4.145383834838867
0.895,0.0,0.9183333333333333,0.4699999999999992,0.7649919480792724,0.0,2.0,1.0,8.0,0.0,0.0,True,True,0.08744737145485691,2.325,4.0,0.0,,E6,full oracle-perc,T3,1026,3.752403974533081
0.8916666666666667,0.0,1.0,1.165410345851672,0.47000000000000003,0.0,0.0,,,0.0,0.0,True,True,0.09738337120282765,2.22,5.0,0.0,,E6,full oracle-perc,T3,1027,4.127049922943115
0.9716666666666667,0.0,1.0,0.5223818080585017,0.8502296844692309,0.0,1.0,1.0,2.3000000000000003,0.0,0.0,True,True,0.10958913016265827,0.48333333333333334,6.0,0.0,,E6,full oracle-perc,T3,1028,3.9393200874328613
0.97,0.0,1.0,1.2480887152298215,0.7072695629940825,0.0,0.0,,,0.0,0.0,True,True,0.07459317761686884,2.566666666666667,3.0,0.0,,E6,full oracle-perc,T3,1029,4.256995916366577
0.875,0.0,1.0,0.6371083899842692,0.47292403646943215,0.0,0.0,,,0.0,0.0,True,True,0.09834082162017539,4.4,3.0,0.0,,E6,full oracle-perc,T3,1030,4.146917104721069
0.9533333333333334,0.0,0.9733333333333334,0.4700000000000009,0.5950355166803949,0.0,1.0,1.0,1.4000000000000001,0.0,0.0,True,True,0.08713918609379512,1.366666666666667,3.0,0.0,,E6,full oracle-perc,T3,1031,4.130073070526123
0.9416666666666667,0.0,1.0,1.1608162155278208,0.5618914504288859,0.0,0.0,,,0.0,0.0,True,True,0.06981667665049344,1.4666666666666668,3.0,0.0,,E6,full oracle-perc,T3,1032,4.378188133239746
0.9766666666666667,0.0,1.0,0.8109437496019484,0.856197833919642,0.0,0.0,,,0.0,0.0,True,True,0.07933577749316478,2.9000000000000004,1.0,0.0,,E6,full oracle-perc,T3,1033,3.9569108486175537
1.0,0.0,1.0,0.7750969371424745,1.080978763699525,0.0,0.0,,,0.0,0.0,True,True,0.0814903953041215,0.0,2.0,0.0,,E6,full oracle-perc,T3,1034,4.17579197883606
0.955,0.0,1.0,1.6258595993654434,0.655253689720686,0.0,0.0,,,0.0,0.0,True,True,0.08732704135109226,1.4000000000000001,3.0,0.0,,E6,full oracle-perc,T3,1035,3.858888864517212
0.8983333333333333,0.0,1.0,0.5411714939391169,0.4700000000000002,0.0,0.0,,,0.0,0.0,True,True,0.09447691593340674,2.2166666666666663,6.0,0.0,,E6,full oracle-perc,T3,1036,4.143497943878174
0.8666666666666667,0.0,1.0,0.7808272127182896,0.4699999999999999,0.0,0.0,,,0.0,0.0,True,True,0.0858631459973039,4.666666666666667,3.0,0.0,,E6,full oracle-perc,T3,1037,3.983999013900757
0.9683333333333334,0.0,1.0,1.7892543154076455,0.7499783441882838,0.0,0.0,,,0.0,0.0,True,True,0.07686814770536544,1.6500000000000001,2.0,0.0,,E6,full oracle-perc,T3,1038,4.43018913269043
0.9716666666666667,0.0,0.9866666666666667,0.4699999999999998,0.8267801449005846,0.0,0.0,,,0.0,0.0,True,True,0.07479151115171512,1.4500000000000002,2.0,0.0,,E6,full oracle-perc,T3,1039,3.938929796218872
0.9566666666666667,0.0,1.0,1.6419096026436897,0.6441265158898134,0.0,0.0,,,0.0,0.0,True,True,0.06513589979173634,3.9000000000000004,1.0,0.0,,E6,full oracle-perc,T3,1040,4.257312059402466
0.9683333333333334,0.0,0.9066666666666666,0.4699999999999997,0.9534020632068242,0.0,1.0,0.0,,0.0,0.0,False,False,0.06185853268160054,0.7333333333333334,3.0,0.0,,E6,full oracle-perc,T3,1041,4.101901054382324
0.9583333333333334,0.0,1.0,0.5356500502782702,0.6373543810978235,0.0,0.0,,,0.0,0.0,True,True,0.08255399168769453,3.4000000000000004,1.0,0.0,,E6,full oracle-perc,T3,1042,4.16243577003479
0.98,0.0,0.9566666666666667,0.4679436282258644,0.8941704750106865,0.0,0.0,,,0.0,0.0,True,True,0.08948658658904746,0.54,5.0,0.0,,E6,full oracle-perc,T3,1043,4.081945896148682
0.9233333333333333,0.0,0.9633333333333334,0.46999999999999986,0.4961196492795023,0.0,0.0,,,0.0,0.0,True,True,0.09377082930983605,4.75,2.0,0.0,,E6,full oracle-perc,T3,1044,4.125581741333008
0.9083333333333333,0.0,1.0,1.1325293799272946,0.5748590587942752,0.0,0.0,,,0.0,0.0,True,True,0.0807409190442666,1.9000000000000001,4.0,0.0,,E6,full oracle-perc,T3,1045,4.055025100708008
0.9216666666666666,0.0,1.0,0.9145820987151358,0.5641083452822676,0.0,0.0,,,0.0,0.0,True,True,0.08804902011820419,2.7,4.0,0.0,,E6,full oracle-perc,T3,1046,4.024839162826538
0.9433333333333334,0.0,1.0,1.0742396833690486,0.5932546135875573,0.0,0.0,,,0.0,0.0,True,True,0.06481445104761249,1.4666666666666668,3.0,0.0,,E6,full oracle-perc,T3,1047,3.982240915298462
0.96,0.0,1.0,0.7967401391495404,0.6331024152071539,0.0,0.0,,,0.0,0.0,True,True,0.10059255694040456,0.925,4.0,0.0,,E6,full oracle-perc,T3,1048,4.00533390045166
0.94,0.0,1.0,0.9997526663028693,0.5763767471593384,0.0,0.0,,,0.0,0.0,True,True,0.07334169382462499,2.8,2.0,0.0,,E6,full oracle-perc,T3,1049,3.734137773513794
0.95,0.0,0.9683333333333334,0.4699999999999994,0.8511838277060054,0.0,0.0,,,0.0,0.0,True,True,0.07987352472403386,2.1666666666666665,3.0,0.0,,E6,full oracle-perc,T4,1000,3.9937288761138916
0.5983333333333334,0.0,0.6133333333333333,0.46999999999999914,0.47000000000000014,0.0,3.0,1.0,9.0,0.0,0.0,True,False,0.06065396271119434,2.925,8.0,0.0,,E6,full oracle-perc,T4,1001,3.521228075027466
0.945,0.0,1.0,2.185372944299771,0.503862810324072,0.0,0.0,,,0.0,0.0,True,True,0.07495380815430318,1.6000000000000003,3.0,0.0,,E6,full oracle-perc,T4,1002,3.794945001602173
0.91,0.0,1.0,0.6241959050461322,0.46999999999999964,0.0,0.0,,,0.0,0.0,True,True,0.0837914137673536,4.000000000000001,4.0,0.0,,E6,full oracle-perc,T4,1003,3.899543046951294
0.5466666666666666,2.0,0.9533333333333334,0.4699999999999993,0.5204109042587655,0.0,2.0,0.5,12.8,0.0,0.0,False,False,0.11968850066955125,5.109090909090909,11.0,0.0,,E6,full oracle-perc,T4,1004,3.6168599128723145
0.6316666666666667,0.0,0.91,0.4699999999999993,0.47128980153140415,0.0,1.0,1.0,10.600000000000001,0.0,0.0,True,False,0.08858344884636397,4.2,7.0,0.0,,E6,full oracle-perc,T4,1005,3.5658059120178223
0.9383333333333334,0.0,0.9933333333333333,0.4700000000000002,0.7903805063582265,0.0,0.0,,,0.0,0.0,True,True,0.08626204236580447,3.3666666666666667,3.0,0.0,,E6,full oracle-perc,T4,1006,4.036094903945923
0.8716666666666667,0.0,1.0,1.2456760300605767,0.4700000000000001,0.0,0.0,,,0.0,0.0,True,True,0.08081675963801184,3.4250000000000003,4.0,0.0,,E6,full oracle-perc,T4,1007,3.8707268238067627
0.72,0.0,0.9316666666666666,0.4699999999999996,0.47,0.0,0.0,,,0.0,0.0,True,False,0.10721165278842998,3.141666666666667,12.0,0.0,,E6,full oracle-perc,T4,1008,3.750898838043213
0.7516666666666667,0.0,0.9183333333333333,0.4699999999999995,0.5901889973229473,0.0,2.0,1.0,4.75,0.0,0.0,True,False,0.1101617322581387,1.85,4.0,0.0,,E6,full oracle-perc,T4,1009,4.136706113815308
0.9833333333333333,0.0,1.0,4.509091590032334,0.9295245296930967,0.0,0.0,,,0.0,0.0,True,True,0.08175385089557725,2.6,1.0,0.0,,E6,full oracle-perc,T4,1010,4.056955814361572
0.9616666666666667,0.0,1.0,2.8566489387258,0.6915506558005526,0.0,0.0,,,0.0,0.0,True,True,0.08415970840093322,1.2333333333333334,3.0,0.0,,E6,full oracle-perc,T4,1011,3.9986400604248047
0.82,0.0,0.88,0.4699999999999991,0.4700000000000005,0.0,2.0,0.5,4.7,0.0,0.0,True,True,0.10875329089612047,3.4142857142857146,7.0,0.0,,E6,full oracle-perc,T4,1012,4.099241256713867
0.6566666666666666,0.0,0.9833333333333333,0.49105262105300623,0.4935882307784901,0.0,0.0,,,0.0,0.0,True,False,0.12139630852631192,5.140000000000001,5.0,0.0,,E6,full oracle-perc,T4,1013,3.892530918121338
0.6133333333333333,0.0,0.9383333333333334,0.46999999999999986,0.5698390552644678,0.0,1.0,0.0,,0.0,0.0,False,False,0.11919343251366747,2.914285714285714,7.0,0.0,,E6,full oracle-perc,T4,1014,3.936738967895508
0.7033333333333334,0.0,0.915,0.46999999999999964,0.4699999999999999,0.0,1.0,1.0,7.4,1.0,0.051666666666666666,True,False,0.1145656947458728,2.9181818181818184,11.0,0.0,,E6,full oracle-perc,T4,1015,3.980595827102661
0.7983333333333333,0.0,1.0,1.1362237259158188,0.5444587705080268,0.0,0.0,,,0.0,0.0,True,False,0.078324189039661,6.6000000000000005,2.0,0.0,,E6,full oracle-perc,T4,1016,3.987999200820923
0.7866666666666666,0.0,0.9933333333333333,0.46999999999999964,0.47,0.0,1.0,1.0,2.8000000000000003,0.0,0.0,True,False,0.11865276435625165,3.8000000000000003,9.0,0.0,,E6,full oracle-perc,T4,1017,4.169658184051514
0.9733333333333334,1.0,0.9366666666666666,0.3752254427417566,0.8425064189815347,0.0,1.0,1.0,1.2000000000000002,0.0,0.0,True,False,0.0979860167786826,0.5666666666666668,6.0,0.0,,E6,full oracle-perc,T4,1018,4.121917963027954
0.91,0.0,0.725,0.4699999999999994,0.5578636342575916,0.0,1.0,1.0,1.7000000000000002,0.0,0.0,True,True,0.04596284938131728,1.8250000000000002,4.0,0.0,,E6,full oracle-perc,T4,1019,4.016679048538208
0.5883333333333334,0.0,0.8283333333333334,0.4699999999999999,0.5099693640258768,0.0,1.0,1.0,2.5,0.0,0.0,True,False,0.14857838420617567,6.75,6.0,0.0,,E6,full oracle-perc,T4,1020,3.8965847492218018
0.91,0.0,1.0,1.76754797828128,0.5901449004058678,0.0,0.0,,,0.0,0.0,True,True,0.06958637505342397,4.0,2.0,0.0,,E6,full oracle-perc,T4,1021,4.207123041152954
0.895,0.0,1.0,3.286594087488136,0.47421543661701043,0.0,0.0,,,0.0,0.0,True,True,0.07580204759630589,3.6666666666666665,3.0,0.0,,E6,full oracle-perc,T4,1022,3.9733080863952637
0.32,0.0,0.8116666666666666,0.4699999999999996,0.475668680643688,0.0,1.0,0.0,,0.0,0.0,False,False,0.06737279686531783,11.011111111111111,9.0,0.0,,E6,full oracle-perc,T4,1023,2.7476449012756348
0.6066666666666667,0.0,1.0,1.1654128373809176,1.1091327606646653,0.0,1.0,0.0,,0.0,0.0,False,False,0.03902816690764989,2.6166666666666667,6.0,0.0,,E6,full oracle-perc,T4,1024,2.3163022994995117
0.075,0.0,0.995,0.4700000000000001,0.695063152470276,0.0,2.0,0.0,,2.0,0.215,False,False,0.0715092623554338,15.940000000000003,5.0,0.0,,E6,full oracle-perc,T4,1025,2.804443120956421
0.735,0.0,0.78,0.46999999999999903,0.4977079783309429,0.0,2.0,1.0,1.4500000000000002,0.0,0.0,True,False,0.1383646326330789,5.987500000000001,8.0,0.0,,E6,full oracle-perc,T4,1026,4.002311944961548
0.8466666666666667,0.0,1.0,1.6371573033463849,0.563024738657651,0.0,0.0,,,0.0,0.0,True,True,0.0821656289232985,3.325,4.0,0.0,,E6,full oracle-perc,T4,1027,3.8861942291259766
0.9416666666666667,0.0,1.0,0.8703390571515048,0.5885106526970729,0.0,0.0,,,0.0,0.0,True,True,0.056137950496144916,4.6000000000000005,1.0,0.0,,E6,full oracle-perc,T4,1028,4.160038948059082
0.875,0.0,0.9416666666666667,0.4700000000000001,0.5781603692534064,0.0,2.0,0.5,4.2,0.0,0.0,False,False,0.07834386335368984,1.4500000000000002,4.0,0.0,,E6,full oracle-perc,T4,1029,3.7579097747802734
0.7566666666666667,0.0,0.6316666666666667,0.46999999999999914,0.46999999999999925,0.0,3.0,1.0,5.633333333333334,0.0,0.0,True,False,0.08872921126827507,5.3,9.0,0.0,,E6,full oracle-perc,T4,1030,3.5977561473846436
0.2683333333333333,0.0,1.0,1.0876685999403795,0.501549013276311,0.0,0.0,,,0.0,0.0,True,False,0.11978938135911335,7.040000000000001,5.0,0.0,,E6,full oracle-perc,T4,1031,3.6065568923950195
0.8066666666666666,0.0,1.0,0.5296155520834626,0.48089552374031025,0.0,0.0,,,0.0,0.0,True,True,0.11748285402662906,6.74,5.0,0.0,,E6,full oracle-perc,T4,1032,3.8354299068450928
0.5483333333333333,0.0,0.9316666666666666,0.4699999999999994,0.4699999999999997,0.0,3.0,1.0,10.466666666666667,1.0,0.065,True,False,0.07591404782016596,3.733333333333334,3.0,0.0,,E6,full oracle-perc,T4,1033,3.616668939590454
0.675,0.0,1.0,0.8240112487960406,0.4699999999999996,0.0,0.0,,,0.0,0.0,True,False,0.08077703011302105,5.066666666666667,6.0,0.0,,E6,full oracle-perc,T4,1034,3.7630162239074707
0.8983333333333333,0.0,0.7633333333333333,0.46999999999999953,0.46999999999999986,0.0,4.0,1.0,2.625,0.0,0.0,True,True,0.10312096740466196,2.3,5.0,0.0,,E6,full oracle-perc,T4,1035,3.709904909133911
0.195,1.0,0.8666666666666667,0.4699999999999996,0.5370428800701499,0.0,2.0,0.5,3.2,0.0,0.0,False,False,0.04775314396906698,20.8,6.0,0.0,,E6,full oracle-perc,T4,1036,3.1886370182037354
0.6983333333333334,0.0,0.8166666666666667,0.46999999999999953,0.4883342902589741,0.0,3.0,1.0,3.366666666666667,0.0,0.0,True,False,0.12835316243378772,4.185714285714286,14.0,0.0,,E6,full oracle-perc,T4,1037,3.6100690364837646
0.5133333333333333,0.0,0.7216666666666667,0.46999999999999886,0.7016265307367522,0.0,1.0,0.0,,0.0,0.0,False,False,0.07115830234070751,5.1,4.0,0.0,,E6,full oracle-perc,T4,1038,3.108792781829834
0.8066666666666666,0.0,0.9466666666666667,0.46999999999999986,0.4699999999999996,0.0,2.0,1.0,1.85,0.0,0.0,True,True,0.10185011390430286,2.6222222222222222,9.0,0.0,,E6,full oracle-perc,T4,1039,3.6468522548675537
0.7783333333333333,2.0,0.9633333333333334,0.4699999999999995,0.4700000000000001,0.0,0.0,,,0.0,0.0,True,False,0.08437613476931868,4.55,4.0,0.0,,E6,full oracle-perc,T4,1040,3.8090598583221436
0.83,0.0,0.9366666666666666,0.47000000000000003,0.5750749223466635,0.0,1.0,1.0,4.800000000000001,0.0,0.0,True,True,0.08548258890229521,2.8125,8.0,0.0,,E6,full oracle-perc,T4,1041,3.816904067993164
0.955,0.0,1.0,1.486045658680851,0.8150042168368082,0.0,0.0,,,0.0,0.0,True,True,0.05535051289601483,3.3000000000000003,2.0,0.0,,E6,full oracle-perc,T4,1042,4.005569934844971
0.22833333333333333,0.0,0.9283333333333333,0.46999999999999953,0.46999999999999964,0.0,1.0,0.0,,0.0,0.0,True,False,0.06273816774293765,5.566666666666666,6.0,0.0,,E6,full oracle-perc,T4,1043,2.583216905593872
0.6116666666666667,0.0,0.8616666666666667,0.46999999999999953,0.4848947497475848,0.0,2.0,1.0,3.6,0.0,0.0,True,False,0.12864870110730997,7.411111111111113,9.0,0.0,,E6,full oracle-perc,T4,1044,3.5149197578430176
0.5183333333333333,0.0,0.4533333333333333,0.46999999999999903,0.5315237607311637,0.0,2.0,1.0,1.6500000000000001,0.0,0.0,True,False,0.11335036597573456,6.5200000000000005,5.0,0.0,,E6,full oracle-perc,T4,1045,3.547513961791992
0.26,0.0,0.8633333333333333,0.4699999999999996,0.5782654149307885,0.0,2.0,0.5,3.7,0.0,0.0,False,False,0.03956669764455022,8.909090909090908,11.0,0.0,,E6,full oracle-perc,T4,1046,2.1789469718933105
1.0,0.0,0.9566666666666667,0.46999999999999964,1.023541342279823,0.0,1.0,0.0,,0.0,0.0,False,False,0.06090844390239613,0.0,1.0,0.0,,E6,full oracle-perc,T4,1047,3.944647789001465
0.6283333333333333,0.0,0.99,0.488093827731021,0.46999999999999964,0.0,0.0,,,0.0,0.0,True,False,0.0690714029183685,7.757142857142858,7.0,0.0,,E6,full oracle-perc,T4,1048,3.6582539081573486
0.43666666666666665,0.0,0.815,0.4699999999999992,0.4700000000000002,0.0,1.0,1.0,5.300000000000001,0.0,0.0,True,False,0.10568420184543514,5.9875,8.0,0.0,,E6,full oracle-perc,T4,1049,3.620227813720703
0.7816666666666666,0.0,1.0,,0.4742809240952312,0.0,0.0,,,0.0,0.0,True,False,0.09552707348596301,4.125,8.0,0.0,,E6,full oracle-perc,T5,1000,3.519670009613037
0.6816666666666666,0.0,1.0,,0.4699999999999996,0.0,0.0,,,0.0,0.0,True,False,0.1049094956536485,5.077777777777778,9.0,0.0,,E6,full oracle-perc,T5,1001,3.500758171081543
0.7133333333333334,0.0,1.0,,0.47000000000000003,0.0,0.0,,,0.0,0.0,True,False,0.10149399101025545,5.25,8.0,0.0,,E6,full oracle-perc,T5,1002,3.50679087638855
0.6666666666666666,0.0,0.8683333333333333,0.46999999999999986,0.4751974016409602,0.0,3.0,1.0,3.1,0.0,0.0,True,False,0.12780231083033636,3.6999999999999997,12.0,0.0,,E6,full oracle-perc,T5,1003,3.665186643600464
0.7133333333333334,0.0,0.9916666666666667,0.47000000000000003,0.4700000000000001,0.0,0.0,,,0.0,0.0,True,False,0.11443934768246761,4.136363636363637,11.0,0.0,,E6,full oracle-perc,T5,1004,3.5422801971435547
0.6666666666666666,2.0,0.8533333333333334,0.43662311266803405,0.5345587220828478,0.0,0.0,,,0.0,0.0,True,False,0.09359646036979243,5.818181818181818,11.0,0.0,,E6,full oracle-perc,T5,1005,3.8502190113067627
0.8766666666666667,0.0,1.0,,0.4895228597469549,0.0,0.0,,,0.0,0.0,True,True,0.1271478986820645,3.266666666666667,6.0,0.0,,E6,full oracle-perc,T5,1006,3.612356185913086
0.67,0.0,1.0,,0.47000000000000003,0.0,0.0,,,0.0,0.0,True,False,0.09927541217018619,4.257142857142858,7.0,0.0,,E6,full oracle-perc,T5,1007,3.5538811683654785
0.7283333333333334,0.0,0.975,0.4699999999999992,0.4700000000000001,0.0,0.0,,,0.0,0.0,True,False,0.11405571049057137,3.6000000000000005,7.0,0.0,,E6,full oracle-perc,T5,1008,3.7897262573242188
0.485,0.0,0.7933333333333333,0.4699999999999995,0.9752746730030181,0.0,2.0,0.0,,0.0,0.0,False,False,0.03755324950276479,4.671428571428572,7.0,0.0,,E6,full oracle-perc,T5,1009,2.2157509326934814
0.855,1.0,0.9366666666666666,0.4699999999999999,0.5070183769614706,0.0,1.0,1.0,1.6,0.0,0.0,True,False,0.14455002270467388,1.9444444444444444,9.0,0.0,,E6,full oracle-perc,T5,1010,3.7874059677124023
0.8066666666666666,0.0,1.0,,0.4847195362863174,0.0,0.0,,,0.0,0.0,True,True,0.09339104002688697,3.6,7.0,0.0,,E6,full oracle-perc,T5,1011,3.2997686862945557
0.87,0.0,0.9966666666666667,0.49379864473726753,0.47328863757739886,0.0,0.0,,,0.0,0.0,True,True,0.10530755433244782,2.1,6.0,0.0,,E6,full oracle-perc,T5,1012,3.731337070465088
0.485,0.0,1.0,,0.47955034284219594,0.0,0.0,,,0.0,0.0,True,False,0.1482756313973918,12.960000000000003,5.0,0.0,,E6,full oracle-perc,T5,1013,3.2451729774475098
0.7533333333333333,0.0,1.0,,0.47000000000000036,0.0,0.0,,,0.0,0.0,True,False,0.11308450803383105,3.383333333333334,6.0,0.0,,E6,full oracle-perc,T5,1014,3.415147066116333
0.5883333333333334,0.0,0.7916666666666666,0.46999999999999953,0.46999999999999986,0.0,0.0,,,0.0,0.0,True,False,0.1057352250509154,11.457142857142859,7.0,0.0,,E6,full oracle-perc,T5,1015,3.6015989780426025
0.8866666666666667,0.0,0.9916666666666667,0.47018182197024283,0.5420621207424619,0.0,0.0,,,0.0,0.0,True,True,0.11985574113629936,1.5,6.0,0.0,,E6,full oracle-perc,T5,1016,3.7462501525878906
0.78,0.0,1.0,,0.4700000000000004,0.0,0.0,,,0.0,0.0,True,False,0.10140107671051256,2.488888888888889,9.0,0.0,,E6,full oracle-perc,T5,1017,3.398797035217285
0.6966666666666667,0.0,1.0,,0.47801344311622784,0.0,0.0,,,0.0,0.0,True,False,0.1029237725253115,6.1625,8.0,0.0,,E6,full oracle-perc,T5,1018,3.486359119415283
0.7533333333333333,0.0,0.9783333333333334,0.46999999999999953,0.47034998812101403,0.0,0.0,,,0.0,0.0,True,False,0.11695074438577696,3.822222222222223,9.0,0.0,,E6,full oracle-perc,T5,1019,3.570125102996826
0.8916666666666667,0.0,1.0,,0.5085481988021301,0.0,0.0,,,0.0,0.0,True,True,0.14318875089615632,2.0833333333333335,6.0,0.0,,E6,full oracle-perc,T5,1020,3.581743001937866
0.735,0.0,1.0,,0.4747217608105388,0.0,0.0,,,0.0,0.0,True,False,0.11803322741694755,4.2875,8.0,0.0,,E6,full oracle-perc,T5,1021,3.513195037841797
0.7266666666666667,0.0,1.0,0.7153272540952164,0.47,0.0,0.0,,,0.0,0.0,True,False,0.12366009031247636,4.000000000000001,12.0,0.0,,E6,full oracle-perc,T5,1022,3.423651933670044
0.66,0.0,1.0,,0.46999999999999964,0.0,0.0,,,0.0,0.0,True,False,0.1258188951726051,4.428571428571429,7.0,0.0,,E6,full oracle-perc,T5,1023,3.2829058170318604
0.7516666666666667,0.0,0.91,0.46999999999999986,0.46999999999999975,0.0,1.0,0.0,,0.0,0.0,False,False,0.10572544852410368,4.9,8.0,0.0,,E6,full oracle-perc,T5,1024,3.264666795730591
0.7716666666666666,0.0,1.0,,0.46999999999999986,0.0,0.0,,,0.0,0.0,True,False,0.11385201401351615,4.044444444444444,9.0,0.0,,E6,full oracle-perc,T5,1025,3.575361967086792
0.655,0.0,0.9283333333333333,0.4699999999999994,0.4759637519100589,0.0,1.0,1.0,5.800000000000001,0.0,0.0,True,False,0.11828098964929123,6.216666666666668,6.0,0.0,,E6,full oracle-perc,T5,1026,3.6799123287200928
0.61,0.0,0.995,0.46999999999999975,0.47290996098173643,0.0,0.0,,,0.0,0.0,True,False,0.11138896429444474,6.742857142857143,7.0,0.0,,E6,full oracle-perc,T5,1027,3.4229671955108643
0.845,0.0,0.965,0.4699999999999996,0.5294793124367102,0.0,1.0,1.0,2.3000000000000003,0.0,0.0,True,True,0.1078055818552408,1.9600000000000002,10.0,0.0,,E6,full oracle-perc,T5,1028,3.6629819869995117
0.7883333333333333,0.0,0.97,0.4555309323131284,0.4756869055687335,0.0,0.0,,,0.0,0.0,True,False,0.09883403113929055,3.4625000000000004,8.0,0.0,,E6,full oracle-perc,T5,1029,3.5356452465057373
0.7466666666666667,0.0,1.0,0.7177665445167972,0.46999999999999986,0.0,0.0,,,0.0,0.0,True,False,0.10923764008225871,2.48,10.0,0.0,,E6,full oracle-perc,T5,1030,3.49465012550354
0.8116666666666666,0.0,1.0,,0.48251989113223126,0.0,0.0,,,0.0,0.0,True,True,0.10044146692056331,3.1666666666666665,6.0,0.0,,E6,full oracle-perc,T5,1031,3.362928867340088
0.8183333333333334,0.0,1.0,,0.4774651057359854,0.0,0.0,,,0.0,0.0,True,True,0.1187211612115314,3.2857142857142856,7.0,0.0,,E6,full oracle-perc,T5,1032,3.48492693901062
0.6416666666666667,0.0,1.0,,0.48327568583953195,0.0,0.0,,,0.0,0.0,True,False,0.12149892602181059,5.95,4.0,0.0,,E6,full oracle-perc,T5,1033,3.4174814224243164
0.54,0.0,1.0,,0.4699999999999995,0.0,0.0,,,0.0,0.0,True,False,0.09022359278232842,10.3,7.0,0.0,,E6,full oracle-perc,T5,1034,3.356127977371216
0.8183333333333334,0.0,0.9716666666666667,0.46999999999999964,0.4902287010472483,0.0,1.0,1.0,3.5,0.0,0.0,True,True,0.12062341663387204,1.7666666666666668,9.0,0.0,,E6,full oracle-perc,T5,1035,3.652009963989258
0.9266666666666666,0.0,1.0,,0.5041879071328507,0.0,0.0,,,0.0,0.0,True,True,0.11534559698329758,1.3666666666666665,6.0,0.0,,E6,full oracle-perc,T5,1036,3.4995510578155518
0.8216666666666667,0.0,0.97,0.4699999999999996,0.48154312914767744,0.0,0.0,,,0.0,0.0,True,True,0.10825498099390503,1.8363636363636366,11.0,0.0,,E6,full oracle-perc,T5,1037,3.662722110748291
0.6916666666666667,1.0,0.955,0.46999999999999903,0.4866469717654888,0.0,0.0,,,0.0,0.0,True,False,0.12589470225113736,4.94,10.0,0.0,,E6,full oracle-perc,T5,1038,3.4829471111297607
0.8483333333333334,0.0,1.0,1.2138463236218051,0.487283443938392,0.0,0.0,,,0.0,0.0,True,True,0.0993073822528634,2.25,6.0,0.0,,E6,full oracle-perc,T5,1039,3.6345489025115967
0.725,0.0,1.0,1.2832585509367538,0.47,0.0,0.0,,,0.0,0.0,True,False,0.11694200452398433,4.112500000000001,8.0,0.0,,E6,full oracle-perc,T5,1040,3.5077550411224365
0.785,0.0,0.96,0.4699999999999994,0.4981927228630811,0.0,0.0,,,0.0,0.0,True,False,0.09706046671614833,3.1375,8.0,0.0,,E6,full oracle-perc,T5,1041,3.7398247718811035
0.7583333333333333,0.0,0.9233333333333333,0.4681771695398339,0.4968232998150682,0.0,2.0,1.0,6.6,0.0,0.0,True,False,0.10372931960325166,3.3000000000000003,6.0,0.0,,E6,full oracle-perc,T5,1042,3.4628589153289795
0.7183333333333334,0.0,1.0,,0.4699999999999995,0.0,1.0,1.0,1.8,0.0,0.0,True,False,0.09404012266048777,4.8125,8.0,0.0,,E6,full oracle-perc,T5,1043,3.3363099098205566
0.75,0.0,1.0,,0.5487296762535397,0.0,0.0,,,0.0,0.0,True,False,0.0969005675565987,4.066666666666666,9.0,0.0,,E6,full oracle-perc,T5,1044,3.5829451084136963
0.8333333333333334,1.0,0.7966666666666666,0.4699999999999996,0.51944935219773,0.0,0.0,,,0.0,0.0,True,False,0.12998849213149277,1.8666666666666667,9.0,0.0,,E6,full oracle-perc,T5,1045,3.619647264480591
0.5766666666666667,0.0,0.9283333333333333,0.4699999999999995,0.4699999999999998,0.0,1.0,1.0,15.200000000000001,0.0,0.0,True,False,0.08648377209246426,4.142857142857143,7.0,0.0,,E6,full oracle-perc,T5,1046,3.184450149536133
0.8183333333333334,0.0,0.9966666666666667,0.4960813366197945,0.489321905030062,0.0,1.0,1.0,1.5,0.0,0.0,True,True,0.13099391587789233,3.483333333333334,6.0,0.0,,E6,full oracle-perc,T5,1047,3.4967076778411865
0.695,1.0,0.835,0.315934894740431,0.46999999999999986,0.0,2.0,0.5,4.4,0.0,0.0,False,False,0.11040946588717639,2.790909090909091,11.0,0.0,,E6,full oracle-perc,T5,1048,3.24160099029541
0.6516666666666666,0.0,1.0,,0.4699999999999998,0.0,0.0,,,0.0,0.0,True,False,0.10420387554331713,5.7875000000000005,8.0,0.0,,E6,full oracle-perc,T5,1049,3.2872931957244873
0.64,1.0,0.7716666666666666,0.3834742756937678,1.5007455822564486,0.0,7.0,1.0,9.442857142857141,0.0,0.0,True,False,0.06426312521615067,4.33,10.0,0.0,,E6,full oracle-perc,T6,1000,3.3709118366241455
0.4683333333333333,1.0,0.6966666666666667,0.4699999999999997,1.4379961539462587,0.0,2.0,0.5,6.0,0.0,0.0,False,False,0.04842057898188622,8.42,5.0,0.0,,E6,full oracle-perc,T6,1001,2.461671829223633
0.36666666666666664,0.0,0.665,0.46999999999999925,0.4906243271994267,0.0,4.0,0.5,10.8,0.0,0.0,False,False,0.06106115200391867,8.411111111111111,9.0,0.0,,E6,full oracle-perc,T6,1002,2.748661994934082
0.24333333333333335,0.0,0.7883333333333333,0.469999999999999,0.4699999999999999,0.0,4.0,0.75,4.466666666666668,0.0,0.0,False,False,0.039807754340270375,10.62857142857143,7.0,0.0,,E6,full oracle-perc,T6,1003,2.508913278579712
1.0,1.0,0.5583333333333333,0.438838947585733,1.1285453955766602,0.0,1.0,1.0,1.4000000000000001,0.0,0.0,True,False,0.09262142985069204,0.0,3.0,0.0,,E6,full oracle-perc,T6,1004,3.93011212348938
0.845,0.0,0.37333333333333335,0.4699999999999993,0.5341052798871863,0.0,3.0,0.6666666666666666,4.300000000000001,0.0,0.0,False,False,0.0914635096199531,3.5,5.0,0.0,,E6,full oracle-perc,T6,1005,3.504318952560425
0.63,0.0,0.7583333333333333,0.4699999999999996,0.46999999999999986,0.0,3.0,0.6666666666666666,7.050000000000001,0.0,0.0,True,False,0.09124673813166136,2.672727272727273,11.0,0.0,,E6,full oracle-perc,T6,1006,3.165546178817749
1.0,0.0,0.5533333333333333,0.4699999999999992,1.2194491444124262,0.0,0.0,,,0.0,0.0,True,True,0.06826215053753208,0.0,2.0,0.0,,E6,full oracle-perc,T6,1007,3.8573508262634277
0.21333333333333335,0.0,0.8416666666666667,0.4699999999999995,1.674185333637815,0.0,2.0,0.0,,0.0,0.0,False,False,0.040211765409644676,10.000000000000002,4.0,0.0,,E6,full oracle-perc,T6,1008,2.2362430095672607
0.8466666666666667,0.0,0.8833333333333333,0.4699999999999994,0.8585236460863256,0.0,3.0,1.0,5.866666666666667,0.0,0.0,True,True,0.10992801517996667,1.3333333333333333,9.0,0.0,,E6,full oracle-perc,T6,1009,3.787316083908081
0.8983333333333333,1.0,0.8,0.4699999999999995,0.7859661150789425,0.0,4.0,1.0,3.325,0.0,0.0,True,False,0.1187731597128073,1.09,10.0,0.0,,E6,full oracle-perc,T6,1010,3.7415809631347656
0.5583333333333333,0.0,0.795,0.4699999999999992,0.47000000000000025,0.0,3.0,0.6666666666666666,3.3500000000000005,0.0,0.0,True,False,0.0732032738064153,2.1,10.0,0.0,,E6,full oracle-perc,T6,1011,3.173676013946533
0.73,0.0,0.7766666666666666,0.46999999999999925,1.1893499999871335,0.0,3.0,1.0,3.866666666666667,0.0,0.0,True,False,0.05707784329062989,3.2800000000000002,5.0,0.0,,E6,full oracle-perc,T6,1012,3.8936970233917236
0.8916666666666667,0.0,0.4116666666666667,0.4699999999999994,0.5598934282042676,0.0,2.0,1.0,2.3000000000000003,0.0,0.0,True,True,0.10558567430542731,1.7555555555555555,9.0,0.0,,E6,full oracle-perc,T6,1013,3.8661770820617676
0.9416666666666667,0.0,0.335,0.46999999999999925,0.5824175199268022,0.0,1.0,1.0,1.6,0.0,0.0,True,True,0.07931229186163595,1.0222222222222224,9.0,0.0,,E6,full oracle-perc,T6,1014,4.0091352462768555
,,,,,,,,,,,,,,,,,RuntimeError('T6 seed 1015: T6 crowd placement failed'),E6,full oracle-perc,T6,1015,0.12731170654296875
0.6033333333333334,0.0,0.9283333333333333,0.4699999999999997,0.49042727070749237,0.0,2.0,0.5,3.2,0.0,0.0,True,False,0.06430379582542257,3.8,5.0,0.0,,E6,full oracle-perc,T6,1016,2.7933788299560547
0.77,0.0,0.705,0.4699999999999996,0.4699999999999999,0.0,1.0,1.0,11.0,0.0,0.0,True,False,0.08493874565826469,2.566666666666667,6.0,0.0,,E6,full oracle-perc,T6,1017,3.4418020248413086
0.88,0.0,0.855,0.4699999999999993,1.2408323677163244,0.0,3.0,1.0,7.566666666666667,0.0,0.0,True,True,0.08769336601360261,2.9857142857142853,7.0,0.0,,E6,full oracle-perc,T6,1018,3.5473499298095703
0.7916666666666666,1.0,0.73,0.4699999999999992,0.47,0.0,3.0,1.0,5.066666666666667,0.0,0.0,True,False,0.09395375861162854,3.9875,8.0,0.0,,E6,full oracle-perc,T6,1019,3.539454936981201
0.7033333333333334,0.0,0.76,0.4699999999999992,1.108777844053381,0.0,2.0,1.0,10.600000000000001,0.0,0.0,True,False,0.07845645718903832,0.23750000000000004,8.0,0.0,,E6,full oracle-perc,T6,1020,3.423429012298584
0.37666666666666665,0.0,0.8033333333333333,0.4697002727065454,0.46999999999999986,0.0,6.0,0.6666666666666666,5.775,0.0,0.0,False,False,0.04006995995813824,6.544444444444445,9.0,0.0,,E6,full oracle-perc,T6,1021,2.4044458866119385
0.96,0.0,0.6216666666666667,0.45481496782004505,1.3573260283101147,0.0,4.0,0.75,1.9666666666666668,0.0,0.0,False,False,0.09189602314254805,0.0,8.0,0.0,,E6,full oracle-perc,T6,1022,3.966370105743408
0.295,0.0,0.7066666666666667,0.46999999999999953,0.46999999999999975,0.0,6.0,0.6666666666666666,7.025,0.0,0.0,False,False,0.05047486723113879,4.466666666666667,12.0,0.0,,E6,full oracle-perc,T6,1023,2.8816089630126953
0.23666666666666666,0.0,0.93,0.46999999999999953,1.711156523468714,0.0,1.0,0.0,,0.0,0.0,False,False,0.038940035149567565,21.54,5.0,0.0,,E6,full oracle-perc,T6,1024,2.089679002761841
0.22833333333333333,0.0,0.4666666666666667,0.46183794241061144,1.8634559664559633,0.0,4.0,0.5,6.050000000000001,0.0,0.0,False,False,0.041782275129023286,11.066666666666668,3.0,0.0,,E6,full oracle-perc,T6,1025,2.4564521312713623
0.8433333333333334,0.0,0.87,0.4699999999999993,0.6548369652904541,0.0,2.0,1.0,4.1000000000000005,0.0,0.0,True,True,0.1264227007648581,2.8444444444444446,9.0,0.0,,E6,full oracle-perc,T6,1026,3.664440870285034
0.47,0.0,0.5133333333333333,0.4699999999999992,1.442538526465293,0.0,2.0,0.5,2.9000000000000004,0.0,0.0,False,False,0.04056742657276623,8.466666666666667,6.0,0.0,,E6,full oracle-perc,T6,1027,2.744373083114624
0.5216666666666666,0.0,0.6916666666666667,0.4699970751767226,1.3347175293519578,0.0,4.0,0.75,3.1,0.0,0.0,False,False,0.046911332639692875,6.827272727272727,11.0,0.0,,E6,full oracle-perc,T6,1028,2.6120429039001465
0.4166666666666667,0.0,0.6483333333333333,0.46999999999999853,1.6643015006969328,0.0,5.0,0.8,6.45,0.0,0.0,False,False,0.07150267800307883,3.12,5.0,0.0,,E6,full oracle-perc,T6,1029,3.169543981552124
0.2916666666666667,0.0,0.8566666666666667,0.46999999999999925,1.6613601373995288,0.0,2.0,0.5,1.3,0.0,0.0,False,False,0.03903138442086917,18.1,8.0,0.0,,E6,full oracle-perc,T6,1030,2.3064157962799072
0.8983333333333333,0.0,0.7266666666666667,0.46999999999999925,0.5754851588917391,0.0,2.0,0.5,4.3,0.0,0.0,False,False,0.09958805381703592,0.5750000000000001,8.0,0.0,,E6,full oracle-perc,T6,1031,3.8643980026245117
,,,,,,,,,,,,,,,,,RuntimeError('T6 seed 1032: T6 crowd placement failed'),E6,full oracle-perc,T6,1032,0.14294195175170898
0.8266666666666667,0.0,0.5516666666666666,0.46999999999999914,0.4699999999999996,0.0,3.0,0.6666666666666666,6.7,0.0,0.0,False,False,0.08181713828249917,1.5375,8.0,0.0,,E6,full oracle-perc,T6,1033,3.4377129077911377
0.5633333333333334,0.0,0.775,0.4699999999999992,0.5198804855128244,0.0,4.0,0.75,7.833333333333333,0.0,0.0,True,False,0.07656454491136266,3.25,8.0,0.0,,E6,full oracle-perc,T6,1034,3.152365207672119
0.99,0.0,0.5716666666666667,0.4699999999999995,1.280588808068421,0.0,1.0,1.0,5.0,0.0,0.0,True,True,0.09229688951748068,0.42500000000000004,8.0,0.0,,E6,full oracle-perc,T6,1035,3.9368178844451904
0.35833333333333334,0.0,0.925,0.47,1.4309457162392551,0.0,1.0,0.0,,0.0,0.0,False,False,0.03893672298294376,12.6125,8.0,0.0,,E6,full oracle-perc,T6,1036,2.3468408584594727
0.5933333333333334,1.0,0.7566666666666667,0.4699999999999992,0.47000000000000014,0.0,4.0,0.5,2.15,0.0,0.0,False,False,0.07205255102341264,4.180000000000001,15.0,0.0,,E6,full oracle-perc,T6,1037,2.836606025695801
1.0,0.0,0.36333333333333334,0.4699999999999994,1.0386901366844858,0.0,0.0,,,0.0,0.0,True,True,0.06774974913917871,0.0,3.0,0.0,,E6,full oracle-perc,T6,1038,4.083233833312988
0.6716666666666666,0.0,0.775,0.4699999999999993,0.4699999999999997,0.0,2.0,0.5,11.3,0.0,0.0,False,False,0.08942269664964447,1.8666666666666667,9.0,0.0,,E6,full oracle-perc,T6,1039,3.189680814743042
0.3566666666666667,0.0,0.7533333333333333,0.46999999999999936,1.8074661624028339,0.0,2.0,0.5,8.3,0.0,0.0,False,False,0.03421190683541022,7.266666666666667,6.0,0.0,,E6,full oracle-perc,T6,1040,2.34613299369812
0.77,0.0,0.24333333333333335,0.4699999999999996,0.4972962032907429,0.0,2.0,1.0,7.3500000000000005,0.0,0.0,True,False,0.08075904708572039,4.333333333333333,6.0,0.0,,E6,full oracle-perc,T6,1041,3.611625909805298
0.42,0.0,0.8,0.46999999999999903,1.418801562491631,0.0,2.0,0.5,2.8000000000000003,0.0,0.0,True,False,0.05056127885205739,8.4875,8.0,0.0,,E6,full oracle-perc,T6,1042,2.533107042312622
0.375,0.0,0.64,0.4699999999999992,1.81877755199432,0.0,2.0,0.0,,0.0,0.0,False,False,0.05179418454534559,9.25,4.0,0.0,,E6,full oracle-perc,T6,1043,2.480138063430786
0.9166666666666666,0.0,0.45,0.46371931246800246,0.9811743472373233,0.0,2.0,1.0,4.5,0.0,0.0,True,True,0.09134952947619714,1.3833333333333335,6.0,0.0,,E6,full oracle-perc,T6,1044,3.7527239322662354
0.91,1.0,0.69,0.46999999999999964,1.146320166935066,0.0,5.0,1.0,4.4799999999999995,0.0,0.0,True,False,0.10007282687649868,0.22500000000000003,8.0,0.0,,E6,full oracle-perc,T6,1045,3.7913260459899902
0.575,1.0,0.7966666666666666,0.46999999999999914,0.5194231146471815,0.0,5.0,0.8,4.3,0.0,0.0,True,False,0.07642636949747197,2.0833333333333335,6.0,0.0,,E6,full oracle-perc,T6,1046,3.440211057662964
0.405,0.0,0.945,0.46999999999999914,1.4425271160784294,0.0,3.0,0.3333333333333333,2.7,0.0,0.0,True,False,0.059407707470959845,4.722222222222222,9.0,0.0,,E6,full oracle-perc,T6,1047,2.408729076385498
0.63,1.0,0.6833333333333333,0.39820702090511967,0.4699999999999997,0.0,3.0,0.6666666666666666,4.85,0.0,0.0,True,False,0.08876346490064645,2.8833333333333333,12.0,0.0,,E6,full oracle-perc,T6,1048,3.0999557971954346
0.21166666666666667,0.0,0.8483333333333334,0.46999999999999925,1.7160628715443824,0.0,2.0,0.0,,0.0,0.0,False,False,0.0323497014186923,21.733333333333334,9.0,0.0,,E6,full oracle-perc,T6,1049,2.2596280574798584
0.8266666666666667,0.0,0.8933333333333333,0.4699999999999996,0.5364925161042072,0.0,1.0,1.0,1.3,0.0,0.0,True,True,0.11894499574369491,1.7666666666666668,9.0,0.0,,E6,full oracle-perc,T7,1000,3.9148879051208496
0.8983333333333333,2.0,0.52,0.4486275451353632,0.5358634666246366,0.0,3.0,1.0,2.3333333333333335,0.0,0.0,True,False,0.09878314745606455,0.9625,8.0,0.0,,E6,full oracle-perc,T7,1001,3.749744176864624
0.9916666666666667,0.0,1.0,,0.9871300633187362,0.0,0.0,,,0.0,0.0,True,True,0.05810657152544006,1.3,2.0,0.0,,E6,full oracle-perc,T7,1002,3.4630351066589355
0.6016666666666667,0.0,0.8116666666666666,0.46999999999999975,0.46999999999999986,0.0,1.0,1.0,3.5,0.0,0.0,True,False,0.09637236504963063,5.480000000000001,5.0,0.0,,E6,full oracle-perc,T7,1003,3.3872430324554443
0.86,0.0,0.9216666666666666,0.4699999999999996,0.4748058167965077,0.0,0.0,,,0.0,0.0,True,True,0.10874296773228118,1.741666666666667,12.0,0.0,,E6,full oracle-perc,T7,1004,3.800920248031616
0.9033333333333333,0.0,1.0,,0.5839151810822952,0.0,0.0,,,0.0,0.0,True,True,0.06201251695646217,4.2,2.0,0.0,,E6,full oracle-perc,T7,1005,3.4808897972106934
0.715,0.0,1.0,0.5274204359956033,0.5385676621813248,0.0,1.0,1.0,2.2,0.0,0.0,True,False,0.12085306124455088,2.66,5.0,0.0,,E6,full oracle-perc,T7,1006,3.7072677612304688
0.8633333333333333,0.0,1.0,,0.47000000000000003,0.0,0.0,,,0.0,0.0,True,True,0.09683899923645391,2.9166666666666674,6.0,0.0,,E6,full oracle-perc,T7,1007,3.476573944091797
0.5966666666666667,0.0,0.8866666666666667,0.4699999999999996,0.46999999999999986,0.0,2.0,0.5,2.7,0.0,0.0,True,False,0.07156120142577804,4.3500000000000005,6.0,0.0,,E6,full oracle-perc,T7,1008,3.436276912689209
0.9333333333333333,0.0,0.9933333333333333,0.4699999999999998,0.5175630656202481,0.0,0.0,,,0.0,0.0,True,True,0.09402060299566073,5.4,1.0,0.0,,E6,full oracle-perc,T7,1009,3.897800922393799
0.65,0.0,0.9566666666666667,0.46999999999999964,0.5161210731592297,4.0,0.0,,,0.0,0.0,True,False,0.08647608125825286,22.650000000000002,2.0,0.0,,E6,full oracle-perc,T7,1010,3.6348929405212402
0.8016666666666666,0.0,0.9816666666666667,0.4699999999999998,0.4699999999999997,0.0,0.0,,,0.0,0.0,True,True,0.10306655133930175,4.828571428571429,7.0,0.0,,E6,full oracle-perc,T7,1011,3.8908398151397705
0.95,0.0,1.0,0.652427477034167,0.7179177680457696,0.0,0.0,,,0.0,0.0,True,True,0.0677293329712024,0.9600000000000002,5.0,0.0,,E6,full oracle-perc,T7,1012,3.9960849285125732
0.8016666666666666,0.0,1.0,,0.5328459810516039,0.0,0.0,,,0.0,0.0,True,True,0.12051863272427223,2.9200000000000004,5.0,0.0,,E6,full oracle-perc,T7,1013,3.4855868816375732
0.6383333333333333,0.0,0.9416666666666667,0.4699999999999999,0.5695063025808609,0.0,1.0,0.0,,0.0,0.0,False,False,0.1115627038335968,3.2375000000000003,8.0,0.0,,E6,full oracle-perc,T7,1014,3.0942142009735107
0.9583333333333334,0.0,0.9683333333333334,0.46811610433651424,0.5887887900371666,0.0,0.0,,,0.0,0.0,True,True,0.08674608275641153,0.9500000000000001,4.0,0.0,,E6,full oracle-perc,T7,1015,3.7530009746551514
0.9766666666666667,0.0,1.0,5.610659908476534,0.8339092876137058,0.0,0.0,,,0.0,0.0,True,True,0.07788332326558485,3.1,1.0,0.0,,E6,full oracle-perc,T7,1016,3.682194948196411
0.7066666666666667,0.0,0.8383333333333334,0.4699999999999996,0.584183191847573,0.0,1.0,1.0,8.6,0.0,0.0,True,False,0.09622043007620436,2.936363636363636,11.0,0.0,,E6,full oracle-perc,T7,1017,3.890177011489868
0.6633333333333333,0.0,0.9016666666666666,0.4699999999999996,0.49178922879471176,1.0,1.0,1.0,1.4000000000000001,0.0,0.0,True,False,0.12182884766411055,4.728571428571429,7.0,0.0,,E6,full oracle-perc,T7,1018,3.5826199054718018
0.7616666666666667,0.0,0.9033333333333333,0.4699999999999996,0.5070447922497986,0.0,2.0,1.0,2.1500000000000004,0.0,0.0,True,False,0.12728484042333807,4.1000000000000005,9.0,0.0,,E6,full oracle-perc,T7,1019,4.003604173660278
0.5833333333333334,0.0,1.0,,0.516483528640659,0.0,0.0,,,0.0,0.0,True,False,0.1477598422244663,26.700000000000003,1.0,0.0,,E6,full oracle-perc,T7,1020,3.1828510761260986
0.5533333333333333,0.0,1.0,5.694676911493297,0.4700000000000001,0.0,0.0,,,0.0,0.0,True,False,0.10070029075324424,10.58,5.0,0.0,,E6,full oracle-perc,T7,1021,3.4500937461853027
0.8333333333333334,0.0,1.0,,0.4699999999999998,0.0,0.0,,,0.0,0.0,True,True,0.0837230159172041,2.066666666666667,6.0,0.0,,E6,full oracle-perc,T7,1022,3.4157729148864746
0.575,0.0,0.625,0.46999999999999953,0.4699999999999997,0.0,3.0,1.0,5.633333333333333,0.0,0.0,True,False,0.09909587488856908,4.24,5.0,0.0,,E6,full oracle-perc,T7,1023,3.559968948364258
0.7383333333333333,1.0,0.8,0.4279122295787842,0.4699999999999995,0.0,1.0,0.0,,0.0,0.0,False,False,0.10071450116266328,4.745454545454546,11.0,0.0,,E6,full oracle-perc,T7,1024,3.773566961288452
0.865,3.0,0.2866666666666667,0.4193075073830123,0.7724071063270038,0.0,5.0,0.8,4.25,0.0,0.0,True,False,0.057762039317299035,1.1333333333333335,9.0,0.0,,E6,full oracle-perc,T7,1025,3.4753849506378174
0.635,1.0,0.93,0.4699999999999996,0.551403725343894,0.0,0.0,,,0.0,0.0,True,False,0.15020251662016684,3.257142857142857,14.0,0.0,,E6,full oracle-perc,T7,1026,4.083783149719238
0.855,0.0,1.0,,0.5574868081517308,0.0,0.0,,,0.0,0.0,True,True,0.0759710596714852,3.7000000000000006,3.0,0.0,,E6,full oracle-perc,T7,1027,3.552600145339966
0.5016666666666667,0.0,0.8683333333333333,0.4699999999999993,0.4777292221886991,3.0,0.0,,,0.0,0.0,True,False,0.14422373693307142,5.78,10.0,0.0,,E6,full oracle-perc,T7,1028,3.9799437522888184
1.0,0.0,1.0,0.5349300178832714,1.3392165346559595,0.0,0.0,,,0.0,0.0,True,True,0.07678055007686596,0.0,2.0,0.0,,E6,full oracle-perc,T7,1029,4.383958101272583
0.895,0.0,1.0,,0.48148003154549074,0.0,0.0,,,0.0,0.0,True,True,0.06214619127917487,4.025,4.0,0.0,,E6,full oracle-perc,T7,1030,3.670048952102661
0.995,0.0,1.0,,0.997212630561795,0.0,0.0,,,0.0,0.0,True,True,0.08390574131188926,0.0,3.0,0.0,,E6,full oracle-perc,T7,1031,3.62715482711792
0.6983333333333334,0.0,0.955,0.4699999999999996,0.4789389821547747,0.0,0.0,,,0.0,0.0,True,False,0.11650229747129334,11.925,4.0,0.0,,E6,full oracle-perc,T7,1032,3.6935369968414307
0.805,0.0,1.0,0.5145056109751033,0.5712199580555234,0.0,1.0,1.0,2.0,0.0,0.0,True,True,0.09523299141483015,3.7,2.0,0.0,,E6,full oracle-perc,T7,1033,4.004453897476196
0.8483333333333334,0.0,0.935,0.4699999999999996,0.5288400595989265,0.0,1.0,1.0,2.4000000000000004,0.0,0.0,True,True,0.09777502908895394,1.8000000000000005,11.0,0.0,,E6,full oracle-perc,T7,1034,3.541389226913452
0.895,0.0,1.0,0.5983221302177297,0.5603334390151625,0.0,0.0,,,0.0,0.0,True,True,0.1168158839889257,2.1714285714285717,7.0,0.0,,E6,full oracle-perc,T7,1035,3.927182912826538
0.7583333333333333,1.0,0.9583333333333334,0.46999999999999975,0.6304056225727451,0.0,0.0,,,0.0,0.0,True,False,0.11093268707541362,0.9,3.0,0.0,,E6,full oracle-perc,T7,1036,3.5968329906463623
0.6516666666666666,0.0,0.93,0.4699999999999995,0.4750521498261869,0.0,0.0,,,0.0,0.0,True,False,0.1295865601319089,3.05,8.0,0.0,,E6,full oracle-perc,T7,1037,3.6474149227142334
0.555,0.0,0.6233333333333333,0.4699999999999994,0.4701186501987538,0.0,2.0,1.0,6.85,0.0,0.0,True,False,0.12984567252966248,3.7800000000000007,15.0,0.0,,E6,full oracle-perc,T7,1038,3.680553913116455
0.7283333333333334,0.0,0.9516666666666667,0.4699999999999996,0.47000000000000014,0.0,1.0,1.0,2.0,0.0,0.0,True,False,0.1037848333956852,4.4,6.0,0.0,,E6,full oracle-perc,T7,1039,3.575317144393921
0.86,0.0,0.9366666666666666,0.4699999999999992,0.4699999999999997,0.0,1.0,1.0,2.3000000000000003,0.0,0.0,True,True,0.08909443004301676,2.466666666666667,9.0,0.0,,E6,full oracle-perc,T7,1040,3.756707191467285
0.95,0.0,1.0,0.7002341285153024,0.7814780262873448,0.0,0.0,,,0.0,0.0,True,True,0.06643763482109802,3.3,2.0,0.0,,E6,full oracle-perc,T7,1041,3.8689942359924316
0.39166666666666666,0.0,0.9183333333333333,0.4699999999999994,0.5211365845775112,0.0,2.0,0.5,15.5,0.0,0.0,True,False,0.09121924255777779,5.5,5.0,0.0,,E6,full oracle-perc,T7,1042,2.8683929443359375
0.7183333333333334,0.0,0.9183333333333333,0.4699999999999996,0.46999999999999964,0.0,4.0,0.75,1.5666666666666667,0.0,0.0,False,False,0.11581395787376193,5.011111111111112,9.0,0.0,,E6,full oracle-perc,T7,1043,3.8316590785980225
0.5983333333333334,0.0,0.93,0.4699999999999997,0.546255380015005,0.0,2.0,1.0,6.550000000000001,0.0,0.0,True,False,0.12005302930478626,4.012499999999999,8.0,0.0,,E6,full oracle-perc,T7,1044,3.636950969696045
0.7616666666666667,1.0,0.9316666666666666,0.43863519786743677,0.5110806087805393,0.0,1.0,1.0,1.5,0.0,0.0,True,False,0.11664286377345848,3.3600000000000003,5.0,0.0,,E6,full oracle-perc,T7,1045,3.783385753631592
0.8466666666666667,0.0,1.0,1.9937690223642335,0.4700000000000001,0.0,0.0,,,0.0,0.0,True,True,0.09423592290095961,4.140000000000001,5.0,0.0,,E6,full oracle-perc,T7,1046,3.9288830757141113
0.945,0.0,0.9666666666666667,0.4699999999999995,0.5807280538536577,0.0,0.0,,,0.0,0.0,True,True,0.0752981756785015,4.2,1.0,0.0,,E6,full oracle-perc,T7,1047,3.859621047973633
1.0,0.0,0.9983333333333333,0.4936102858908964,1.3145659373363467,0.0,0.0,,,0.0,0.0,True,True,0.08185841647363896,0.0,4.0,0.0,,E6,full oracle-perc,T7,1048,3.991764783859253
0.935,0.0,1.0,,0.6049305970169264,0.0,0.0,,,0.0,0.0,True,True,0.07173759482514738,1.875,4.0,0.0,,E6,full oracle-perc,T7,1049,3.5007381439208984
0.9333333333333333,0.0,1.0,,0.5340573125971747,0.0,0.0,,,0.0,0.0,True,True,0.04085616329011791,4.1000000000000005,3.0,0.0,,E6,C1 oracle-perc+true-future,T1,1000,6.056083917617798
0.5733333333333334,0.0,1.0,,0.4729896486096558,0.0,0.0,,,0.0,0.0,True,False,0.04047936752419897,9.533333333333333,3.0,0.0,,E6,C1 oracle-perc+true-future,T1,1001,5.05049991607666
0.855,0.0,0.99,0.46999999999999964,0.47,0.0,0.0,,,0.0,0.0,True,True,0.05930433325915583,3.8166666666666664,6.0,0.0,,E6,C1 oracle-perc+true-future,T1,1002,7.273489952087402
0.76,0.0,1.0,,0.4700000000000002,0.0,1.0,1.0,1.6,0.0,0.0,True,False,0.05531427264914062,4.220000000000001,5.0,0.0,,E6,C1 oracle-perc+true-future,T1,1003,5.460299968719482
0.8566666666666667,0.0,1.0,,0.48542309411319995,0.0,0.0,,,0.0,0.0,True,True,0.061917663122082744,3.0200000000000005,5.0,0.0,,E6,C1 oracle-perc+true-future,T1,1004,5.87225604057312
0.9516666666666667,0.0,0.9533333333333334,0.4699999999999991,0.6201924648510346,0.0,0.0,,,0.0,0.0,True,True,0.046850639487870535,1.3199999999999998,5.0,0.0,,E6,C1 oracle-perc+true-future,T1,1005,7.457364082336426
0.6666666666666666,0.0,1.0,,0.5630813599461671,0.0,0.0,,,0.0,0.0,True,False,0.015270442031788718,11.450000000000001,2.0,0.0,,E6,C1 oracle-perc+true-future,T1,1006,5.147419214248657
0.585,0.0,0.8283333333333334,0.46999999999999903,1.145559084701026,0.0,1.0,0.0,,0.0,0.0,False,False,0.03760174793843986,5.275,4.0,0.0,,E6,C1 oracle-perc+true-future,T1,1007,5.584382057189941
0.885,0.0,1.0,,0.46999999999999975,0.0,0.0,,,0.0,0.0,True,True,0.04555596452051986,2.75,4.0,0.0,,E6,C1 oracle-perc+true-future,T1,1008,5.861927032470703
0.9,0.0,1.0,,0.5748889970629726,0.0,0.0,,,0.0,0.0,True,True,0.021335202384473763,2.575,4.0,0.0,,E6,C1 oracle-perc+true-future,T1,1009,5.792021036148071
0.7666666666666667,0.0,1.0,,0.5343079310270474,0.0,0.0,,,0.0,0.0,True,False,0.04047698762396814,5.6000000000000005,3.0,0.0,,E6,C1 oracle-perc+true-future,T1,1010,5.448828935623169
0.6583333333333333,0.0,1.0,,0.4782674199679812,0.0,0.0,,,0.0,0.0,True,False,0.08058960363280897,6.760000000000001,5.0,0.0,,E6,C1 oracle-perc+true-future,T1,1011,6.071077108383179
0.9816666666666667,0.0,1.0,,0.9196918219814361,0.0,0.0,,,0.0,0.0,True,True,0.027454509098206615,0.625,4.0,0.0,,E6,C1 oracle-perc+true-future,T1,1012,5.2004241943359375
0.9883333333333333,0.0,1.0,,0.9777000461212005,0.0,0.0,,,0.0,0.0,True,True,0.027658905153213672,1.4000000000000001,2.0,0.0,,E6,C1 oracle-perc+true-future,T1,1013,5.448139905929565
0.9783333333333334,0.0,1.0,,0.9040780734699763,0.0,0.0,,,0.0,0.0,True,True,0.024589876475028218,1.4500000000000002,2.0,0.0,,E6,C1 oracle-perc+true-future,T1,1014,5.3284080028533936
0.965,0.0,1.0,,0.7429474028194443,0.0,0.0,,,0.0,0.0,True,True,0.040489108074132106,1.1666666666666667,3.0,0.0,,E6,C1 oracle-perc+true-future,T1,1015,5.411600828170776
0.9533333333333334,0.0,1.0,,0.8825953625073237,0.0,0.0,,,0.0,0.0,True,True,0.018975274090174004,3.25,2.0,0.0,,E6,C1 oracle-perc+true-future,T1,1016,5.138168096542358
0.745,0.0,1.0,,0.47027863593214575,0.0,0.0,,,0.0,0.0,True,False,0.059922864721847935,4.357142857142858,7.0,0.0,,E6,C1 oracle-perc+true-future,T1,1017,5.6693620681762695
0.81,0.0,1.0,,0.5538791300743275,0.0,0.0,,,0.0,0.0,True,True,0.051165913065538186,5.375000000000001,4.0,0.0,,E6,C1 oracle-perc+true-future,T1,1018,6.059643030166626
0.8183333333333334,0.0,1.0,,0.5391877894145954,0.0,0.0,,,0.0,0.0,True,True,0.05962587119228589,4.825000000000001,4.0,0.0,,E6,C1 oracle-perc+true-future,T1,1019,7.307910919189453
0.975,0.0,1.0,,0.9087813683111274,0.0,0.0,,,0.0,0.0,True,True,0.010741122790390894,3.2,1.0,0.0,,E6,C1 oracle-perc+true-future,T1,1020,5.0126659870147705
0.995,0.0,1.0,,0.9941925584922554,0.0,0.0,,,0.0,0.0,True,True,0.025726620644912636,1.1500000000000001,2.0,0.0,,E6,C1 oracle-perc+true-future,T1,1021,5.883285045623779
0.9983333333333333,0.0,1.0,1.8097243294023375,0.9979296448961291,0.0,0.0,,,0.0,0.0,True,True,0.019840424565219138,0.9500000000000001,2.0,0.0,,E6,C1 oracle-perc+true-future,T1,1022,7.40656304359436
0.695,0.0,1.0,4.372953430182933,0.46999999999999986,0.0,0.0,,,0.0,0.0,True,False,0.07690515824496665,6.325000000000001,4.0,0.0,,E6,C1 oracle-perc+true-future,T1,1023,8.674119234085083
0.8866666666666667,0.0,1.0,,0.5541709204768559,0.0,0.0,,,0.0,0.0,True,True,0.048147746717622016,3.3333333333333335,3.0,0.0,,E6,C1 oracle-perc+true-future,T1,1024,5.604257106781006
0.75,0.0,1.0,3.5556914793022663,0.4699999999999999,0.0,0.0,,,0.0,0.0,True,False,0.04309713580601539,3.72,5.0,0.0,,E6,C1 oracle-perc+true-future,T1,1025,8.344197034835815
0.975,0.0,1.0,,0.9173688941127327,0.0,0.0,,,0.0,0.0,True,True,0.01224461375411652,3.3000000000000003,1.0,0.0,,E6,C1 oracle-perc+true-future,T1,1026,5.267054796218872
0.97,0.0,1.0,0.5921993365106739,0.9431027335339494,0.0,0.0,,,0.0,0.0,True,True,0.020509462574599287,3.1,1.0,0.0,,E6,C1 oracle-perc+true-future,T1,1027,9.585312128067017
0.965,1.0,0.9333333333333333,0.4699999999999992,0.710220042933076,0.0,0.0,,,0.0,0.0,True,False,0.0330967919640133,0.0,1.0,0.0,,E6,C1 oracle-perc+true-future,T1,1028,7.588029861450195
0.9883333333333333,0.0,0.8933333333333333,0.4699999999999991,0.9697469045177052,0.0,0.0,,,0.0,0.0,True,True,0.025042411217765258,2.7,1.0,0.0,,E6,C1 oracle-perc+true-future,T1,1029,7.85522723197937
0.9066666666666666,0.0,0.9366666666666666,0.47,0.5047558473304787,0.0,1.0,0.0,,0.0,0.0,False,False,0.04271050591577465,5.233333333333333,3.0,0.0,,E6,C1 oracle-perc+true-future,T1,1030,8.501060009002686
0.925,0.0,0.975,0.46999999999999964,0.5572981007832919,0.0,0.0,,,0.0,0.0,True,True,0.03446438406551407,2.85,4.0,0.0,,E6,C1 oracle-perc+true-future,T1,1031,8.28679084777832
0.58,0.0,0.94,0.47000000000000003,0.9491230581363701,0.0,1.0,0.0,,0.0,0.0,False,False,0.02904813882833316,3.575,4.0,0.0,,E6,C1 oracle-perc+true-future,T1,1032,4.331679105758667
1.0,0.0,1.0,,1.06344449325979,0.0,0.0,,,0.0,0.0,True,True,0.024662291106973554,0.0,2.0,0.0,,E6,C1 oracle-perc+true-future,T1,1033,6.114388942718506
0.8483333333333334,0.0,1.0,,0.4699999999999997,0.0,0.0,,,0.0,0.0,True,True,0.030845725607109804,2.2,5.0,0.0,,E6,C1 oracle-perc+true-future,T1,1034,6.265828847885132
0.6083333333333333,0.0,1.0,,0.4699999999999993,0.0,0.0,,,0.0,0.0,True,False,0.03976354470744582,9.440000000000001,5.0,0.0,,E6,C1 oracle-perc+true-future,T1,1035,6.216410875320435
0.98,0.0,1.0,,0.9268838653147983,0.0,0.0,,,0.0,0.0,True,True,0.014683641481698616,3.2,1.0,0.0,,E6,C1 oracle-perc+true-future,T1,1036,5.53856086730957
0.9883333333333333,0.0,1.0,,0.9731452388968105,0.0,0.0,,,0.0,0.0,True,True,0.0321854107933853,0.9,3.0,0.0,,E6,C1 oracle-perc+true-future,T1,1037,6.225562810897827
0.7016666666666667,0.0,1.0,,0.48578819804416623,0.0,0.0,,,0.0,0.0,True,False,0.07537977470103013,7.685714285714286,7.0,0.0,,E6,C1 oracle-perc+true-future,T1,1038,6.659866809844971
0.5216666666666666,0.0,0.8916666666666667,0.46999999999999914,1.0980356128651516,0.0,2.0,0.5,15.200000000000001,0.0,0.0,False,False,0.03416115036743785,2.575,4.0,0.0,,E6,C1 oracle-perc+true-future,T1,1039,5.947399854660034
0.8616666666666667,0.0,1.0,,0.47000000000000036,0.0,0.0,,,0.0,0.0,True,True,0.04134176192288746,3.9,6.0,0.0,,E6,C1 oracle-perc+true-future,T1,1040,6.026959180831909
0.615,0.0,1.0,4.03617873473978,0.48243262938241177,0.0,0.0,,,0.0,0.0,True,False,0.0396161179858801,13.200000000000001,2.0,0.0,,E6,C1 oracle-perc+true-future,T1,1041,7.939915895462036
0.9866666666666667,0.0,1.0,,0.9614034185825248,0.0,0.0,,,0.0,0.0,True,True,0.025150890700127423,1.4500000000000002,2.0,0.0,,E6,C1 oracle-perc+true-future,T1,1042,6.317231893539429
0.8633333333333333,0.0,1.0,9.113007409144178,0.46999999999999953,0.0,0.0,,,0.0,0.0,True,True,0.04465045288088622,3.0,3.0,0.0,,E6,C1 oracle-perc+true-future,T1,1043,8.048810005187988
0.885,0.0,1.0,,0.5568079081431465,0.0,0.0,,,0.0,0.0,True,True,0.03788397478003973,5.633333333333334,3.0,0.0,,E6,C1 oracle-perc+true-future,T1,1044,6.624999761581421
0.7183333333333334,0.0,1.0,,0.5540744060662404,0.0,0.0,,,0.0,0.0,True,False,0.029334299414693187,9.850000000000001,2.0,0.0,,E6,C1 oracle-perc+true-future,T1,1045,5.6766979694366455
0.4633333333333333,0.0,1.0,,0.46999999999999964,0.0,0.0,,,0.0,0.0,True,False,0.04214383385403125,9.075,4.0,0.0,,E6,C1 oracle-perc+true-future,T1,1046,5.838691234588623
0.635,0.0,0.9916666666666667,0.4740751537457727,0.46999999999999975,0.0,1.0,1.0,2.1,0.0,0.0,True,False,0.04091011001064668,5.66,5.0,0.0,,E6,C1 oracle-perc+true-future,T1,1047,8.134043216705322
0.6183333333333333,0.0,1.0,,0.46999999999999964,0.0,0.0,,,0.0,0.0,True,False,0.039067862629033716,6.875,4.0,0.0,,E6,C1 oracle-perc+true-future,T1,1048,5.765300989151001
0.9666666666666667,0.0,1.0,1.7000191965224587,0.7952649362153158,0.0,0.0,,,0.0,0.0,True,True,0.027637978067556107,2.25,2.0,0.0,,E6,C1 oracle-perc+true-future,T1,1049,7.8729143142700195
0.835,0.0,1.0,,0.5398335143431822,0.0,0.0,,,0.0,0.0,True,True,0.05361640795304199,2.88,5.0,0.0,,E6,C1 oracle-perc+true-future,T2,1000,6.0905280113220215
0.8266666666666667,0.0,1.0,,0.47504628885137123,0.0,0.0,,,0.0,0.0,True,True,0.052549799373829205,4.583333333333333,6.0,0.0,,E6,C1 oracle-perc+true-future,T2,1001,6.177743196487427
0.8816666666666667,0.0,0.9783333333333334,0.46999999999999964,0.5594755686385937,0.0,0.0,,,0.0,0.0,True,True,0.05352683160631834,2.0333333333333337,6.0,0.0,,E6,C1 oracle-perc+true-future,T2,1002,7.741346120834351
0.6816666666666666,0.0,1.0,,0.4699999999999999,0.0,0.0,,,0.0,0.0,True,False,0.054747290195544314,6.32,5.0,0.0,,E6,C1 oracle-perc+true-future,T2,1003,6.126389980316162
0.63,0.0,1.0,1.41980073837303,0.7573926390968582,0.0,1.0,0.0,,0.0,0.0,False,False,0.020439639997046285,4.36,5.0,0.0,,E6,C1 oracle-perc+true-future,T2,1004,3.29358172416687
0.7533333333333333,0.0,1.0,,0.47983330396486146,0.0,0.0,,,0.0,0.0,True,False,0.056621768534369975,4.2,4.0,0.0,,E6,C1 oracle-perc+true-future,T2,1005,5.89457106590271
0.625,0.0,1.0,1.3961595499809223,0.5634555240703271,0.0,0.0,,,0.0,0.0,True,False,0.033524671483049225,11.8,2.0,0.0,,E6,C1 oracle-perc+true-future,T2,1006,7.5611732006073
0.825,0.0,1.0,,0.47,0.0,0.0,,,0.0,0.0,True,True,0.06478784313185747,2.7250000000000005,8.0,0.0,,E6,C1 oracle-perc+true-future,T2,1007,5.666918754577637
0.6833333333333333,0.0,0.9066666666666666,0.46999999999999986,0.46999999999999964,0.0,1.0,1.0,5.9,0.0,0.0,True,False,0.05300251300600839,2.4875,8.0,0.0,,E6,C1 oracle-perc+true-future,T2,1008,7.124531984329224
,,,,,,,,,,,,,,,,,RuntimeError('T2 seed 1009: T2 placement failed'),E6,C1 oracle-perc+true-future,T2,1009,0.635019063949585
0.9383333333333334,0.0,0.9666666666666667,0.4699999999999992,0.8765921304524359,0.0,0.0,,,0.0,0.0,True,True,0.030795761116223803,2.233333333333334,3.0,0.0,,E6,C1 oracle-perc+true-future,T2,1010,7.695931911468506
,,,,,,,,,,,,,,,,,RuntimeError('T2 seed 1011: T2 placement failed'),E6,C1 oracle-perc+true-future,T2,1011,0.19761204719543457
0.7783333333333333,0.0,1.0,,0.4700000000000001,0.0,0.0,,,0.0,0.0,True,False,0.06273146328178789,4.142857142857143,7.0,0.0,,E6,C1 oracle-perc+true-future,T2,1012,5.855419874191284
0.645,0.0,1.0,1.1168549464665256,0.4965208743484326,0.0,0.0,,,0.0,0.0,True,False,0.0705252915392183,6.4,4.0,0.0,,E6,C1 oracle-perc+true-future,T2,1013,7.5689778327941895
0.75,0.0,1.0,,0.47264568152582687,0.0,0.0,,,0.0,0.0,True,False,0.0575161573301032,8.0,2.0,0.0,,E6,C1 oracle-perc+true-future,T2,1014,5.223254919052124
,,,,,,,,,,,,,,,,,RuntimeError('T2 seed 1015: T2 placement failed'),E6,C1 oracle-perc+true-future,T2,1015,0.24290800094604492
0.7633333333333333,0.0,1.0,,0.5362309023530805,0.0,0.0,,,0.0,0.0,True,False,0.0512365603620426,6.200000000000001,4.0,0.0,,E6,C1 oracle-perc+true-future,T2,1016,5.4347453117370605
0.855,1.0,0.9366666666666666,0.4699999999999992,0.4699999999999997,0.0,0.0,,,0.0,0.0,True,False,0.054626037631221,3.3428571428571425,7.0,0.0,,E6,C1 oracle-perc+true-future,T2,1017,7.754975080490112
0.9016666666666666,0.0,0.9866666666666667,0.4699999999999998,0.5446986885820706,0.0,0.0,,,0.0,0.0,True,True,0.05032952923579478,2.3333333333333335,3.0,0.0,,E6,C1 oracle-perc+true-future,T2,1018,7.791431903839111
0.42,0.0,1.0,0.5124395070707828,1.311016820872531,0.0,1.0,0.0,,0.0,0.0,False,False,0.027321532668146613,7.92,5.0,0.0,,E6,C1 oracle-perc+true-future,T2,1019,3.0789072513580322
0.8633333333333333,0.0,1.0,,0.5488158957385147,0.0,0.0,,,0.0,0.0,True,True,0.03390686670725632,5.45,2.0,0.0,,E6,C1 oracle-perc+true-future,T2,1020,5.835206747055054
0.8316666666666667,0.0,1.0,,0.5048482554985145,0.0,0.0,,,0.0,0.0,True,True,0.07092422611251338,2.483333333333334,6.0,0.0,,E6,C1 oracle-perc+true-future,T2,1021,5.954696893692017
0.425,0.0,1.0,1.6093224418053738,1.4770721074380637,0.0,1.0,0.0,,0.0,0.0,False,False,0.02160924704753022,2.88,5.0,0.0,,E6,C1 oracle-perc+true-future,T2,1022,3.176792621612549
0.825,0.0,1.0,0.7616820241638462,0.4752749887355572,0.0,0.0,,,0.0,0.0,True,True,0.05797967419904578,3.716666666666667,6.0,0.0,,E6,C1 oracle-perc+true-future,T2,1023,7.704550743103027
0.4533333333333333,0.0,1.0,,0.4728772515379309,0.0,0.0,,,0.0,0.0,True,False,0.03198246905278677,16.900000000000002,2.0,0.0,,E6,C1 oracle-perc+true-future,T2,1024,5.336194753646851
,,,,,,,,,,,,,,,,,RuntimeError('T2 seed 1025: T2 placement failed'),E6,C1 oracle-perc+true-future,T2,1025,0.15422916412353516
,,,,,,,,,,,,,,,,,RuntimeError('T2 seed 1026: T2 placement failed'),E6,C1 oracle-perc+true-future,T2,1026,0.3971881866455078
0.8016666666666666,0.0,1.0,1.4636666946679746,0.5603221152047492,0.0,0.0,,,0.0,0.0,True,True,0.04549863858950056,4.0,5.0,0.0,,E6,C1 oracle-perc+true-future,T2,1027,7.888025760650635
0.8216666666666667,0.0,1.0,,0.4843597986361292,0.0,1.0,1.0,1.3,0.0,0.0,True,True,0.0585146972623491,3.9857142857142853,7.0,0.0,,E6,C1 oracle-perc+true-future,T2,1028,6.121301889419556
,,,,,,,,,,,,,,,,,RuntimeError('T2 seed 1029: T2 placement failed'),E6,C1 oracle-perc+true-future,T2,1029,0.5470802783966064
0.5833333333333334,0.0,1.0,0.6414102936854076,0.4729337978135596,0.0,2.0,0.5,11.100000000000001,0.0,0.0,False,False,0.06091938387110988,8.260000000000002,5.0,0.0,,E6,C1 oracle-perc+true-future,T2,1030,6.507110834121704
0.8683333333333333,0.0,1.0,,0.5495473826220805,0.0,0.0,,,0.0,0.0,True,True,0.032349433306974436,5.5,2.0,0.0,,E6,C1 oracle-perc+true-future,T2,1031,5.769788026809692
0.8333333333333334,0.0,1.0,0.7146695444669443,0.5422268585969205,0.0,0.0,,,0.0,0.0,True,True,0.057824768995202405,2.7750000000000004,4.0,0.0,,E6,C1 oracle-perc+true-future,T2,1032,8.621263980865479
0.8183333333333334,0.0,1.0,,0.4699999999999998,0.0,0.0,,,0.0,0.0,True,True,0.056232564362088504,4.0,6.0,0.0,,E6,C1 oracle-perc+true-future,T2,1033,5.624205112457275
0.8516666666666667,0.0,1.0,,0.4699999999999991,0.0,0.0,,,0.0,0.0,True,True,0.05616930253793391,3.3000000000000007,6.0,0.0,,E6,C1 oracle-perc+true-future,T2,1034,6.323239803314209
0.8466666666666667,0.0,1.0,,0.46999999999999964,0.0,0.0,,,0.0,0.0,True,True,0.06450843567074371,2.085714285714286,7.0,0.0,,E6,C1 oracle-perc+true-future,T2,1035,6.4645819664001465
0.38,0.0,0.9366666666666666,0.47,1.3677383350516674,0.0,1.0,0.0,,0.0,0.0,False,False,0.018088887648552286,15.799999999999999,3.0,0.0,,E6,C1 oracle-perc+true-future,T2,1036,3.5790152549743652
0.7733333333333333,0.0,1.0,,0.47241418697207044,0.0,0.0,,,0.0,0.0,True,False,0.054143610659303884,5.157142857142858,7.0,0.0,,E6,C1 oracle-perc+true-future,T2,1037,6.571787118911743
0.565,0.0,0.97,0.46999999999999986,0.48195708125346226,0.0,0.0,,,0.0,0.0,True,False,0.055336431667727996,7.6000000000000005,4.0,0.0,,E6,C1 oracle-perc+true-future,T2,1038,7.704714059829712
0.7316666666666667,0.0,1.0,,0.47,0.0,0.0,,,0.0,0.0,True,False,0.0683879194063935,5.371428571428572,7.0,0.0,,E6,C1 oracle-perc+true-future,T2,1039,5.7676849365234375
0.82,0.0,1.0,,0.46999999999999986,0.0,0.0,,,0.0,0.0,True,True,0.059544080008468774,3.985714285714286,7.0,0.0,,E6,C1 oracle-perc+true-future,T2,1040,5.830626726150513
0.8216666666666667,0.0,1.0,,0.47314187222313314,0.0,1.0,1.0,1.2000000000000002,0.0,0.0,True,True,0.05737327754124327,3.4375,8.0,0.0,,E6,C1 oracle-perc+true-future,T2,1041,6.207863092422485
,,,,,,,,,,,,,,,,,RuntimeError('T2 seed 1042: T2 placement failed'),E6,C1 oracle-perc+true-future,T2,1042,0.23787498474121094
0.635,0.0,1.0,,0.46999999999999986,0.0,0.0,,,0.0,0.0,True,False,0.04860111613000671,6.8571428571428585,7.0,0.0,,E6,C1 oracle-perc+true-future,T2,1043,6.1315929889678955
0.9416666666666667,0.0,1.0,,0.5506926121794828,0.0,0.0,,,0.0,0.0,True,True,0.052562674851174065,1.7000000000000002,4.0,0.0,,E6,C1 oracle-perc+true-future,T2,1044,6.043290853500366
0.765,0.0,1.0,,0.5570469122431732,0.0,0.0,,,0.0,0.0,True,False,0.04536656052638143,8.55,2.0,0.0,,E6,C1 oracle-perc+true-future,T2,1045,5.5782880783081055
0.7716666666666666,0.0,0.9766666666666667,0.47000000000000003,0.4700000000000001,0.0,0.0,,,0.0,0.0,True,False,0.07052248202434427,3.0333333333333337,6.0,0.0,,E6,C1 oracle-perc+true-future,T2,1046,7.4953529834747314
0.5383333333333333,0.0,1.0,,0.5570427415162305,0.0,0.0,,,0.0,0.0,True,False,0.021409829492151936,15.400000000000002,2.0,0.0,,E6,C1 oracle-perc+true-future,T2,1047,5.458543062210083
0.38666666666666666,0.0,1.0,,1.2797851238859945,0.0,1.0,0.0,,0.0,0.0,False,False,0.026578613563310906,7.220000000000001,5.0,0.0,,E6,C1 oracle-perc+true-future,T2,1048,2.358247756958008
0.7316666666666667,0.0,0.99,0.46999999999999953,0.46999999999999964,0.0,1.0,1.0,1.3,0.0,0.0,True,False,0.05080091189322054,8.55,2.0,0.0,,E6,C1 oracle-perc+true-future,T2,1049,7.342556953430176
0.93,0.0,1.0,0.7045783620304357,0.5475684633019582,0.0,0.0,,,0.0,0.0,True,True,0.029040479868221745,5.2,1.0,0.0,,E6,C1 oracle-perc+true-future,T3,1000,7.4282310009002686
0.8683333333333333,0.0,1.0,0.5971298470368335,0.5568245093809906,0.0,0.0,,,0.0,0.0,True,True,0.025155411901141362,5.15,2.0,0.0,,E6,C1 oracle-perc+true-future,T3,1001,7.213962078094482
0.9666666666666667,0.0,1.0,0.8078539924042643,0.769200082732492,0.0,0.0,,,0.0,0.0,True,True,0.04362637869244776,1.6,2.0,0.0,,E6,C1 oracle-perc+true-future,T3,1002,7.0463221073150635
0.945,0.0,0.9766666666666667,0.4699999999999997,0.5497812235992616,0.0,0.0,,,0.0,0.0,True,True,0.04802289824592985,1.075,4.0,0.0,,E6,C1 oracle-perc+true-future,T3,1003,7.767329931259155
0.83,0.0,1.0,0.7749140203211735,0.4699999999999997,0.0,0.0,,,0.0,0.0,True,True,0.050004582262018774,4.0,4.0,0.0,,E6,C1 oracle-perc+true-future,T3,1004,6.956945180892944
0.43666666666666665,0.0,0.9,0.46999999999999903,0.6527827143772366,0.0,3.0,0.6666666666666666,5.950000000000001,0.0,0.0,True,False,0.045470525244031085,1.0,3.0,0.0,,E6,C1 oracle-perc+true-future,T3,1005,4.776923894882202
,,,,,,,,,,,,,,,,,RuntimeError('T3 seed 1006: no straight run found'),E6,C1 oracle-perc+true-future,T3,1006,0.24423480033874512
0.975,0.0,1.0,0.5833515710655431,0.8798374298619362,0.0,0.0,,,0.0,0.0,True,True,0.037409431897974146,2.8000000000000003,1.0,0.0,,E6,C1 oracle-perc+true-future,T3,1007,9.669186115264893
0.785,0.0,0.9716666666666667,0.4699999999999995,0.4868917879161587,0.0,0.0,,,0.0,0.0,True,False,0.036666676124549595,4.666666666666667,3.0,0.0,,E6,C1 oracle-perc+true-future,T3,1008,7.058618783950806
0.97,0.0,1.0,0.5780455888067566,0.827365465919278,0.0,1.0,1.0,1.3,0.0,0.0,True,True,0.05072284712085572,0.775,4.0,0.0,,E6,C1 oracle-perc+true-future,T3,1009,7.838611125946045
0.96,0.0,1.0,0.6448750576537056,0.6903717313368687,0.0,0.0,,,0.0,0.0,True,True,0.04764219772376949,1.1666666666666667,3.0,0.0,,E6,C1 oracle-perc+true-future,T3,1010,8.827211141586304
0.94,0.0,1.0,0.7542067617364385,0.5549899840314526,0.0,0.0,,,0.0,0.0,True,True,0.032530390439907,1.8250000000000002,4.0,0.0,,E6,C1 oracle-perc+true-future,T3,1011,8.126927137374878
0.8466666666666667,0.0,1.0,1.258627655329474,0.46999999999999925,0.0,0.0,,,0.0,0.0,True,True,0.03982271315689855,10.200000000000001,1.0,0.0,,E6,C1 oracle-perc+true-future,T3,1012,10.786784887313843
0.91,0.0,1.0,0.9433274452989601,0.47000000000000036,0.0,0.0,,,0.0,0.0,True,True,0.03180907382806212,3.4333333333333336,3.0,0.0,,E6,C1 oracle-perc+true-future,T3,1013,7.327940940856934
0.9666666666666667,0.0,1.0,0.7674041682264224,0.7511489133672832,0.0,0.0,,,0.0,0.0,True,True,0.03392353613336643,3.1,1.0,0.0,,E6,C1 oracle-perc+true-future,T3,1014,7.791588068008423
0.97,0.0,1.0,1.7045241437821816,0.7745375203567689,0.0,0.0,,,0.0,0.0,True,True,0.0486013114550244,0.5800000000000001,5.0,0.0,,E6,C1 oracle-perc+true-future,T3,1015,7.841665983200073
0.9266666666666666,0.0,0.9916666666666667,0.4699999999999996,0.5738831606799473,0.0,0.0,,,0.0,0.0,True,True,0.03504603102504936,1.35,4.0,0.0,,E6,C1 oracle-perc+true-future,T3,1016,7.316447019577026
0.9416666666666667,0.0,1.0,1.1363289131245657,0.5821399074425883,0.0,0.0,,,0.0,0.0,True,True,0.03529861005785415,4.7,1.0,0.0,,E6,C1 oracle-perc+true-future,T3,1017,9.286284923553467
0.8616666666666667,0.0,0.96,0.4699999999999997,0.4700000000000006,0.0,0.0,,,0.0,0.0,True,True,0.04316780973626448,2.316666666666667,6.0,0.0,,E6,C1 oracle-perc+true-future,T3,1018,7.897173881530762
0.9483333333333334,0.0,1.0,1.389570748718762,0.5890910729228581,0.0,0.0,,,0.0,0.0,True,True,0.03575437345537725,4.1000000000000005,1.0,0.0,,E6,C1 oracle-perc+true-future,T3,1019,14.699310779571533
0.9333333333333333,0.0,1.0,0.7154280558474579,0.5677230584031364,0.0,0.0,,,0.0,0.0,True,True,0.037630755726459096,2.5,2.0,0.0,,E6,C1 oracle-perc+true-future,T3,1020,7.179771184921265
0.9583333333333334,0.0,1.0,1.3564369104856153,0.7291952449206676,0.0,0.0,,,0.0,0.0,True,True,0.02049234411291976,3.8000000000000003,1.0,0.0,,E6,C1 oracle-perc+true-future,T3,1021,14.837967157363892
1.0,0.0,1.0,0.5925033493760079,1.5405389733276649,0.0,0.0,,,0.0,0.0,True,True,0.03435439423436122,,0.0,0.0,,E6,C1 oracle-perc+true-future,T3,1022,7.279619932174683
0.9183333333333333,0.0,1.0,0.9669493797577086,0.5593969393454689,0.0,0.0,,,0.0,0.0,True,True,0.03252650929454727,3.0,2.0,0.0,,E6,C1 oracle-perc+true-future,T3,1023,7.812209129333496
0.995,0.0,1.0,1.6344832395477373,0.9954328905638138,0.0,0.0,,,0.0,0.0,True,True,0.03983471407877904,0.7666666666666667,3.0,0.0,,E6,C1 oracle-perc+true-future,T3,1024,8.208653211593628
0.9466666666666667,0.0,1.0,1.1476814461844447,0.5772830828334135,0.0,0.0,,,0.0,0.0,True,True,0.045254158801012204,2.1,2.0,0.0,,E6,C1 oracle-perc+true-future,T3,1025,8.5417799949646
0.925,0.0,0.9216666666666666,0.4699999999999996,0.9682599287673946,0.0,1.0,1.0,9.600000000000001,0.0,0.0,True,True,0.05436756566478941,1.957142857142857,7.0,0.0,,E6,C1 oracle-perc+true-future,T3,1026,7.490704774856567
0.8516666666666667,0.0,1.0,1.339217538682573,0.500745279218734,0.0,1.0,1.0,1.7000000000000002,0.0,0.0,True,True,0.04749563554268414,3.2400000000000007,5.0,0.0,,E6,C1 oracle-perc+true-future,T3,1027,8.564547061920166
0.98,0.0,1.0,0.5174992247473387,0.8474987383819996,0.0,2.0,1.0,1.85,0.0,0.0,True,True,0.0455994988241837,1.0,6.0,0.0,,E6,C1 oracle-perc+true-future,T3,1028,7.415868282318115
0.9766666666666667,0.0,1.0,1.4060737113907698,0.8157067966064703,0.0,0.0,,,0.0,0.0,True,True,0.042492993160674834,2.066666666666667,3.0,0.0,,E6,C1 oracle-perc+true-future,T3,1029,9.502739191055298
0.8733333333333333,0.0,0.9716666666666667,0.4699999999999996,0.5701828357990834,0.0,0.0,,,0.0,0.0,True,True,0.0428967580836441,3.8000000000000003,4.0,0.0,,E6,C1 oracle-perc+true-future,T3,1030,7.240113019943237
0.9316666666666666,0.0,0.9716666666666667,0.46999999999999914,0.576564175881875,0.0,1.0,1.0,1.5,0.0,0.0,True,True,0.04749641119987453,2.1999999999999997,3.0,0.0,,E6,C1 oracle-perc+true-future,T3,1031,8.71995997428894
0.9316666666666666,0.0,1.0,1.1073079975319562,0.5757997169882048,0.0,0.0,,,0.0,0.0,True,True,0.03843233999126728,2.266666666666667,3.0,0.0,,E6,C1 oracle-perc+true-future,T3,1032,8.41240906715393
0.985,0.0,1.0,0.6076176818572482,0.9606549856061452,0.0,0.0,,,0.0,0.0,True,True,0.018851937405079316,2.6,1.0,0.0,,E6,C1 oracle-perc+true-future,T3,1033,8.167346954345703
0.995,0.0,1.0,0.7291144841015806,0.9939332606021674,0.0,0.0,,,0.0,0.0,True,True,0.031521972314194964,1.05,2.0,0.0,,E6,C1 oracle-perc+true-future,T3,1034,8.944848775863647
0.9566666666666667,0.0,1.0,1.793240661235232,0.7167731428297517,0.0,0.0,,,0.0,0.0,True,True,0.02758960101513135,1.2666666666666668,3.0,0.0,,E6,C1 oracle-perc+true-future,T3,1035,7.378623008728027
0.9683333333333334,0.0,0.9883333333333333,0.4699999999999998,0.7795679497456588,0.0,0.0,,,0.0,0.0,True,True,0.045723941351777236,0.75,4.0,0.0,,E6,C1 oracle-perc+true-future,T3,1036,8.478428840637207
0.8183333333333334,0.0,1.0,0.6913344597446596,0.47,0.0,0.0,,,0.0,0.0,True,True,0.0418930304715729,6.3500000000000005,2.0,0.0,,E6,C1 oracle-perc+true-future,T3,1037,7.857622146606445
0.97,0.0,1.0,1.6069289897351855,0.7726164094257294,0.0,0.0,,,0.0,0.0,True,True,0.041944255843895946,1.55,2.0,0.0,,E6,C1 oracle-perc+true-future,T3,1038,9.547698020935059
0.9566666666666667,0.0,0.985,0.4699999999999993,0.5628690133300215,0.0,0.0,,,0.0,0.0,True,True,0.0394058142891105,0.7,5.0,0.0,,E6,C1 oracle-perc+true-future,T3,1039,7.604657173156738
0.96,0.0,1.0,1.352936702894792,0.6707731924685059,0.0,0.0,,,0.0,0.0,True,True,0.028471122949045188,3.7,1.0,0.0,,E6,C1 oracle-perc+true-future,T3,1040,14.279510021209717
0.9816666666666667,0.0,0.9066666666666666,0.4699999999999996,1.1092865396833853,0.0,1.0,0.0,,0.0,0.0,False,False,0.024842683903938952,0.0,3.0,0.0,,E6,C1 oracle-perc+true-future,T3,1041,9.292715072631836
0.9583333333333334,1.0,0.95,0.4699999999999995,0.6127010187945922,0.0,1.0,1.0,3.4000000000000004,0.0,0.0,True,False,0.04221339340253886,3.4000000000000004,1.0,0.0,,E6,C1 oracle-perc+true-future,T3,1042,9.053112030029297
0.9816666666666667,0.0,0.9916666666666667,0.46999999999999964,0.9209732446493527,0.0,0.0,,,0.0,0.0,True,True,0.05541495706308525,0.52,5.0,0.0,,E6,C1 oracle-perc+true-future,T3,1043,8.654835939407349
0.9316666666666666,0.0,0.9733333333333334,0.46999999999999914,0.5812446872922262,0.0,0.0,,,0.0,0.0,True,True,0.018116336623497147,5.1000000000000005,1.0,0.0,,E6,C1 oracle-perc+true-future,T3,1044,8.415964126586914
0.9116666666666666,0.0,1.0,1.0197996726751386,0.5928162951228455,0.0,0.0,,,0.0,0.0,True,True,0.04895051962476684,1.85,4.0,0.0,,E6,C1 oracle-perc+true-future,T3,1045,8.127539873123169
0.9066666666666666,0.0,1.0,1.2476767347138304,0.5748679897269345,0.0,0.0,,,0.0,0.0,True,True,0.04943663918728364,2.875,4.0,0.0,,E6,C1 oracle-perc+true-future,T3,1046,8.804641008377075
0.94,0.0,1.0,0.9212743481292144,0.5783375042605126,0.0,0.0,,,0.0,0.0,True,True,0.036152280574749666,1.5333333333333334,3.0,0.0,,E6,C1 oracle-perc+true-future,T3,1047,8.173293113708496
0.9583333333333334,0.0,1.0,0.8015644903671717,0.5969131233517352,0.0,0.0,,,0.0,0.0,True,True,0.0503558090880335,0.9,4.0,0.0,,E6,C1 oracle-perc+true-future,T3,1048,8.631043195724487
0.9216666666666666,0.0,1.0,0.902981609256405,0.4806816921274964,0.0,0.0,,,0.0,0.0,True,True,0.029121693237747395,4.15,2.0,0.0,,E6,C1 oracle-perc+true-future,T3,1049,7.292113304138184
0.9516666666666667,1.0,0.9433333333333334,0.4699999999999994,0.7314445807626693,0.0,0.0,,,0.0,0.0,True,False,0.0438023901586165,2.1333333333333333,3.0,0.0,,E6,C1 oracle-perc+true-future,T4,1000,8.388550996780396
0.7516666666666667,0.0,0.6933333333333334,0.46989064194542257,0.5632672176126531,0.0,1.0,0.0,,0.0,0.0,True,False,0.06877140607862985,1.966666666666667,9.0,0.0,,E6,C1 oracle-perc+true-future,T4,1001,6.98422908782959
0.945,0.0,1.0,2.1502847829042078,0.5847251827752225,0.0,0.0,,,0.0,0.0,True,True,0.04080979211243542,1.4333333333333333,3.0,0.0,,E6,C1 oracle-perc+true-future,T4,1002,7.3656980991363525
0.9283333333333333,0.0,1.0,0.981173873475729,0.4815366651014797,0.0,0.0,,,0.0,0.0,True,True,0.0461480682863699,2.6,2.0,0.0,,E6,C1 oracle-perc+true-future,T4,1003,7.829297780990601
0.8066666666666666,1.0,0.605,0.46999999999999953,0.47000000000000003,0.0,1.0,1.0,7.0,0.0,0.0,True,False,0.08179014266432572,2.145454545454545,11.0,0.0,,E6,C1 oracle-perc+true-future,T4,1004,8.863049983978271
0.515,0.0,0.83,0.4699999999999989,0.46999999999999975,0.0,3.0,1.0,4.766666666666667,0.0,0.0,True,False,0.07089588125474872,5.144444444444444,9.0,0.0,,E6,C1 oracle-perc+true-future,T4,1005,6.880947113037109
0.8866666666666667,0.0,0.9866666666666667,0.46999999999999964,0.6945676130267313,0.0,0.0,,,0.0,0.0,True,True,0.06315536898496056,2.9800000000000004,5.0,0.0,,E6,C1 oracle-perc+true-future,T4,1006,8.37748408317566
0.8533333333333334,0.0,1.0,1.3300334443556905,0.4699999999999997,0.0,0.0,,,0.0,0.0,True,True,0.05215321744477368,3.5,3.0,0.0,,E6,C1 oracle-perc+true-future,T4,1007,7.116596937179565
0.49,0.0,0.5033333333333333,0.46999999999999953,0.4699999999999998,0.0,2.0,0.5,7.6000000000000005,0.0,0.0,True,False,0.06249875787149869,4.7749999999999995,12.0,0.0,,E6,C1 oracle-perc+true-future,T4,1008,6.41046404838562
0.9816666666666667,0.0,0.9183333333333333,0.46999999999999975,0.9161216654995008,0.0,1.0,0.0,,0.0,0.0,False,False,0.04828894648592264,0.9500000000000001,4.0,0.0,,E6,C1 oracle-perc+true-future,T4,1009,8.529963970184326
1.0,0.0,1.0,4.484052499972951,1.0356022695356868,0.0,0.0,,,0.0,0.0,True,True,0.0314320705685013,0.0,1.0,0.0,,E6,C1 oracle-perc+true-future,T4,1010,7.843752861022949
0.9633333333333334,0.0,1.0,2.761942359315309,0.70705992933837,0.0,0.0,,,0.0,0.0,True,True,0.045463253561067146,1.1333333333333335,3.0,0.0,,E6,C1 oracle-perc+true-future,T4,1011,7.570103168487549
0.7566666666666667,0.0,0.9583333333333334,0.4699999999999995,0.46999999999999964,0.0,0.0,,,0.0,0.0,True,False,0.0762933029135715,3.333333333333334,9.0,0.0,,E6,C1 oracle-perc+true-future,T4,1012,8.23915982246399
0.49333333333333335,0.0,0.855,0.4699999999999998,0.48202147866454864,0.0,3.0,0.6666666666666666,2.0500000000000003,0.0,0.0,True,False,0.07636890667180239,3.21,10.0,0.0,,E6,C1 oracle-perc+true-future,T4,1013,6.048533916473389
0.8966666666666666,0.0,0.9316666666666666,0.46999999999999986,0.48707040303833316,0.0,1.0,1.0,6.7,0.0,0.0016666666666666668,True,True,0.07383232935726669,2.7285714285714286,7.0,0.0,,E6,C1 oracle-perc+true-future,T4,1014,8.674105167388916
0.695,0.0,0.9283333333333333,0.4699999999999998,0.4700000000000003,0.0,0.0,,,0.0,0.0,True,False,0.08254604894238071,3.7777777777777777,9.0,0.0,,E6,C1 oracle-perc+true-future,T4,1015,9.21054983139038
0.8066666666666666,0.0,1.0,1.1362237259158188,0.5451340411631027,0.0,0.0,,,0.0,0.0,True,True,0.046000906813984624,4.633333333333334,3.0,0.0,,E6,C1 oracle-perc+true-future,T4,1016,7.665128946304321
0.735,0.0,1.0,2.46674215324008,0.46999999999999986,0.0,0.0,,,0.0,0.0,True,False,0.07615484320230297,3.2900000000000005,10.0,0.0,,E6,C1 oracle-perc+true-future,T4,1017,8.73562502861023
0.37333333333333335,0.0,0.315,0.46999999999999914,0.8662698046639079,0.0,1.0,0.0,,0.0,0.0,False,False,0.028786036229445238,10.06,5.0,0.0,,E6,C1 oracle-perc+true-future,T4,1018,4.377633094787598
0.745,0.0,0.93,0.46999999999999953,0.5600172886374166,0.0,2.0,1.0,7.2,0.0,0.0,True,False,0.04449526820766256,2.5500000000000003,4.0,0.0,,E6,C1 oracle-perc+true-future,T4,1019,6.401933193206787
0.26,0.0,0.9033333333333333,0.4699999999999999,1.310447020879307,0.0,1.0,0.0,,0.0,0.0,False,False,0.022993026529573815,39.900000000000006,1.0,0.0,,E6,C1 oracle-perc+true-future,T4,1020,2.7686350345611572
0.905,0.0,1.0,1.7908382229107098,0.5829217136024355,0.0,0.0,,,0.0,0.0,True,True,0.037137942840894465,3.95,2.0,0.0,,E6,C1 oracle-perc+true-future,T4,1021,7.505834102630615
0.8466666666666667,0.0,1.0,3.286594087488136,0.4700000000000006,0.0,0.0,,,0.0,0.0,True,True,0.04273912361861253,5.8,5.0,0.0,,E6,C1 oracle-perc+true-future,T4,1022,8.004717111587524
0.7116666666666667,1.0,0.5283333333333333,0.4517933970192987,0.49208462163442407,0.0,1.0,0.0,,0.0,0.0,False,False,0.07833541832823986,3.0555555555555554,9.0,0.0,,E6,C1 oracle-perc+true-future,T4,1023,8.767031908035278
0.7866666666666666,0.0,0.9616666666666667,0.46999999999999953,0.4700000000000003,0.0,1.0,1.0,1.6,0.0,0.0,True,False,0.07941701606000041,6.511111111111112,9.0,0.0,,E6,C1 oracle-perc+true-future,T4,1024,7.91184401512146
0.13166666666666665,0.0,0.9933333333333333,0.4699999999999992,0.9934370067235763,0.0,3.0,0.0,,0.0,0.0016666666666666668,False,False,0.019036584010750163,18.416666666666668,6.0,0.0,,E6,C1 oracle-perc+true-future,T4,1025,1.9019901752471924
0.695,0.0,0.5516666666666666,0.4699999999999988,0.5485573144337511,0.0,1.0,1.0,15.200000000000001,0.0,0.0,True,False,0.038650092874627714,2.8000000000000003,4.0,0.0,,E6,C1 oracle-perc+true-future,T4,1026,6.7043657302856445
0.8533333333333334,0.0,1.0,1.764674285380319,0.5451034802581237,0.0,0.0,,,0.0,0.0,True,True,0.04655005449514848,3.2249999999999996,4.0,0.0,,E6,C1 oracle-perc+true-future,T4,1027,8.965533018112183
0.94,0.0,1.0,0.8658689457778229,0.5598190097914615,0.0,0.0,,,0.0,0.0,True,True,0.033616133583193056,4.6000000000000005,1.0,0.0,,E6,C1 oracle-perc+true-future,T4,1028,7.494288921356201
0.9233333333333333,0.0,1.0,2.854024116607293,0.5504050833641135,0.0,0.0,,,0.0,0.0,True,True,0.05747715661576103,1.9666666666666668,3.0,0.0,,E6,C1 oracle-perc+true-future,T4,1029,9.601221799850464
0.6083333333333333,1.0,0.7333333333333333,0.4699999999999993,0.47000000000000014,0.0,0.0,,,0.0,0.0,True,False,0.0521505492332593,12.75,2.0,0.0,,E6,C1 oracle-perc+true-future,T4,1030,9.029042959213257
0.9583333333333334,0.0,1.0,1.520834119235273,0.7552588148689791,0.0,0.0,,,0.0,0.0,True,True,0.055362985484658275,1.8400000000000003,5.0,0.0,,E6,C1 oracle-perc+true-future,T4,1031,10.830302953720093
0.7733333333333333,0.0,0.9916666666666667,0.4699999999999998,0.5210296833957221,0.0,0.0,,,0.0,0.0,True,False,0.05597272968193711,4.933333333333334,3.0,0.0,,E6,C1 oracle-perc+true-future,T4,1032,8.635726928710938
0.6566666666666666,0.0,0.9966666666666667,0.4951363712628061,0.5316555668886104,0.0,3.0,0.6666666666666666,11.350000000000001,0.0,0.005,False,False,0.04927759167883633,2.4000000000000004,2.0,0.0,,E6,C1 oracle-perc+true-future,T4,1033,6.506824970245361
0.5966666666666667,0.0,1.0,1.1984964383641477,0.4699999999999992,0.0,0.0,,,0.0,0.0,True,False,0.04802212420207434,6.525,4.0,0.0,,E6,C1 oracle-perc+true-future,T4,1034,8.560570240020752
0.7516666666666667,0.0,0.67,0.46999999999999953,0.4699999999999997,0.0,3.0,1.0,2.8333333333333335,0.0,0.0,True,False,0.09022144732758239,4.685714285714286,7.0,0.0,,E6,C1 oracle-perc+true-future,T4,1035,9.735435962677002
0.8833333333333333,0.0,0.9783333333333334,0.46999999999999964,0.5544303936573481,0.0,0.0,,,0.0,0.0,True,True,0.04273320054473588,2.475,4.0,0.0,,E6,C1 oracle-perc+true-future,T4,1036,7.938163995742798
0.7683333333333333,1.0,0.825,0.4544938982404121,0.5310445550348951,0.0,3.0,1.0,3.1,0.0,0.0,True,False,0.08223835822075828,3.2500000000000004,12.0,0.0,,E6,C1 oracle-perc+true-future,T4,1037,8.865416049957275
0.655,0.0,0.925,0.4697531233457223,0.47000000000000053,0.0,1.0,1.0,15.8,0.0,0.0,True,False,0.06021120552519858,3.8500000000000005,4.0,0.0,,E6,C1 oracle-perc+true-future,T4,1038,7.52209997177124
0.78,0.0,0.8366666666666667,0.4699999999999994,0.47000000000000014,0.0,1.0,1.0,4.5,0.0,0.0,True,False,0.08331773994412592,2.7571428571428576,7.0,0.0,,E6,C1 oracle-perc+true-future,T4,1039,7.455249786376953
0.695,0.0,0.8166666666666667,0.46999999999999925,0.46999999999999953,0.0,0.0,,,0.0,0.0,True,False,0.06937727241511357,5.540000000000001,5.0,0.0,,E6,C1 oracle-perc+true-future,T4,1040,8.333333015441895
0.7766666666666666,0.0,1.0,1.305748057482285,0.47,0.0,0.0,,,0.0,0.0,True,False,0.09226765524165674,3.111111111111111,9.0,0.0,,E6,C1 oracle-perc+true-future,T4,1041,9.642327785491943
0.96,0.0,1.0,1.3863638283515165,0.7204376052969306,0.0,0.0,,,0.0,0.0,True,True,0.02951664551717683,2.9000000000000004,2.0,0.0,,E6,C1 oracle-perc+true-future,T4,1042,8.528826713562012
0.12833333333333333,0.0,0.93,0.4700000000000002,0.46999999999999964,0.0,1.0,0.0,,0.0,0.0,False,False,0.03682898946731214,8.38,5.0,0.0,,E6,C1 oracle-perc+true-future,T4,1043,2.823338747024536
0.6733333333333333,0.0,0.895,0.46999999999999986,0.48948460820057155,0.0,3.0,1.0,1.3333333333333333,0.0,0.0,True,False,0.06826094658216558,4.366666666666667,9.0,0.0,,E6,C1 oracle-perc+true-future,T4,1044,7.84338903427124
0.2,0.0,0.9233333333333333,0.4699999999999992,0.555557254392378,0.0,0.0,,,0.0,0.0,True,False,0.05086182955283504,18.1,3.0,0.0,,E6,C1 oracle-perc+true-future,T4,1045,8.459925889968872
0.23666666666666666,0.0,0.845,0.46999999999999953,0.4700000000000001,0.0,3.0,0.0,,0.0,0.0,False,False,0.03464411483920084,9.655555555555557,9.0,0.0,,E6,C1 oracle-perc+true-future,T4,1046,3.111427068710327
1.0,0.0,0.9733333333333334,0.46999999999999964,1.1330493405897575,0.0,0.0,,,0.0,0.0,True,True,0.04107584891577441,0.0,1.0,0.0,,E6,C1 oracle-perc+true-future,T4,1047,11.62182092666626
0.4066666666666667,0.0,1.0,1.3256911233693562,1.476535203851537,0.0,1.0,0.0,,0.0,0.0,False,False,0.014554169633052927,7.0,8.0,0.0,,E6,C1 oracle-perc+true-future,T4,1048,2.0207931995391846
0.30666666666666664,0.0,0.7483333333333333,0.4699999999999993,0.4700000000000005,0.0,2.0,0.5,1.7000000000000002,0.0,0.0,False,False,0.054072062482327585,7.050000000000001,6.0,0.0,,E6,C1 oracle-perc+true-future,T4,1049,4.772504806518555
0.785,0.0,1.0,,0.4699999999999999,0.0,0.0,,,0.0,0.0,True,False,0.051502235132735705,3.0500000000000007,6.0,0.0,,E6,C1 oracle-perc+true-future,T5,1000,5.63487696647644
0.6266666666666667,0.0,1.0,,0.48770572643105853,0.0,0.0,,,0.0,0.0,True,False,0.05424953402485045,7.444444444444445,9.0,0.0,,E6,C1 oracle-perc+true-future,T5,1001,6.760009050369263
0.6883333333333334,0.0,1.0,,0.4699999999999999,0.0,0.0,,,0.0,0.0,True,False,0.06726270130050321,5.262500000000001,8.0,0.0,,E6,C1 oracle-perc+true-future,T5,1002,5.640675067901611
0.6733333333333333,2.0,0.875,0.4499732969385337,0.46999999999999975,0.0,2.0,1.0,4.550000000000001,0.0,0.0,True,False,0.06456124244559285,2.9444444444444446,9.0,0.0,,E6,C1 oracle-perc+true-future,T5,1003,8.985301971435547
0.7533333333333333,1.0,0.96,0.4699999999999998,0.4699999999999999,0.0,2.0,0.5,4.6000000000000005,0.0,0.0,False,False,0.10035166415790119,3.44,10.0,0.0,,E6,C1 oracle-perc+true-future,T5,1004,7.81209397315979
0.74,2.0,0.9633333333333334,0.38918021701496014,0.5395099613825197,0.0,0.0,,,0.0,0.0,True,False,0.06115522754142993,3.8600000000000003,10.0,0.0,,E6,C1 oracle-perc+true-future,T5,1005,9.32871699333191
0.59,0.0,1.0,,0.5029123760948984,0.0,0.0,,,0.0,0.0,True,False,0.05828248868255661,12.450000000000001,6.0,0.0,,E6,C1 oracle-perc+true-future,T5,1006,6.35911226272583
0.82,0.0,1.0,,0.47000000000000014,0.0,0.0,,,0.0,0.0,True,True,0.056069464225775204,2.6,7.0,0.0,,E6,C1 oracle-perc+true-future,T5,1007,6.463629961013794
0.8233333333333334,2.0,0.8383333333333334,0.46999999999999914,0.4875848777824047,0.0,0.0,,,0.0,0.0,True,False,0.07928580865564468,2.033333333333333,9.0,0.0,,E6,C1 oracle-perc+true-future,T5,1008,8.755961179733276
0.6366666666666667,0.0,0.9966666666666667,0.49034289903507255,0.48972852238839487,0.0,0.0,,,0.0,0.0,True,False,0.06484716742862144,7.3999999999999995,6.0,0.0,,E6,C1 oracle-perc+true-future,T5,1009,8.271248817443848
0.755,0.0,0.9533333333333334,0.4700000000000005,0.47873193608176196,0.0,0.0,,,0.0,0.0,True,False,0.07604462944162232,4.358333333333333,12.0,0.0,,E6,C1 oracle-perc+true-future,T5,1010,9.016520977020264
0.7916666666666666,0.0,1.0,,0.4966355262251668,0.0,0.0,,,0.0,0.0,True,False,0.05736503919277955,3.2800000000000002,5.0,0.0,,E6,C1 oracle-perc+true-future,T5,1011,5.841493844985962
0.755,0.0,1.0,0.5652857907831402,0.4699999999999999,0.0,0.0,,,0.0,0.0,True,False,0.05268174189143178,3.3222222222222224,9.0,0.0,,E6,C1 oracle-perc+true-future,T5,1012,8.961885929107666
0.76,0.0,1.0,,0.4699999999999998,0.0,1.0,0.0,,0.0,0.0,False,False,0.05230608962126955,4.25,8.0,0.0,,E6,C1 oracle-perc+true-future,T5,1013,4.612557888031006
0.6483333333333333,0.0,1.0,,0.4720760211211261,0.0,1.0,0.0,,0.0,0.0,False,False,0.04015060155402693,3.233333333333334,6.0,0.0,,E6,C1 oracle-perc+true-future,T5,1014,5.097663164138794
0.7633333333333333,0.0,0.7133333333333334,0.46999999999999964,0.4700000000000001,0.0,0.0,,,0.0,0.0,True,False,0.07566203437214163,3.3111111111111113,9.0,0.0,,E6,C1 oracle-perc+true-future,T5,1015,7.842347145080566
0.8383333333333334,0.0,1.0,1.6963154435533023,0.5597642709333659,0.0,0.0,,,0.0,0.0,True,True,0.05281990474724435,3.3200000000000003,5.0,0.0,,E6,C1 oracle-perc+true-future,T5,1016,9.18045163154602
0.635,0.0,1.0,,0.47219565405222685,0.0,2.0,0.0,,0.0,0.0,True,False,0.03358507653341874,4.533333333333334,6.0,0.0,,E6,C1 oracle-perc+true-future,T5,1017,3.5444836616516113
0.6266666666666667,0.0,1.0,,0.5227929440470788,0.0,0.0,,,0.0,0.0,True,False,0.0766883395894203,6.188888888888888,9.0,0.0,,E6,C1 oracle-perc+true-future,T5,1018,6.506757020950317
0.75,0.0,0.98,0.46999999999999975,0.4723263827815351,0.0,0.0,,,0.0,0.0,True,False,0.0771240847720875,3.2818181818181817,11.0,0.0,,E6,C1 oracle-perc+true-future,T5,1019,7.639775991439819
0.8283333333333334,0.0,1.0,,0.55873924004798,0.0,0.0,,,0.0,0.0,True,True,0.037475183401332476,3.4,5.0,0.0,,E6,C1 oracle-perc+true-future,T5,1020,5.47180700302124
0.5616666666666666,0.0,1.0,,0.46999999999999975,0.0,0.0,,,0.0,0.0,True,False,0.08083338817114082,12.209999999999999,10.0,0.0,,E6,C1 oracle-perc+true-future,T5,1021,5.6290459632873535
0.7766666666666666,0.0,0.965,0.46999999999999975,0.4700000000000002,0.0,0.0,,,0.0,0.0,True,False,0.07312123744976928,3.9111111111111114,9.0,0.0,,E6,C1 oracle-perc+true-future,T5,1022,7.405293703079224
0.6716666666666666,0.0,1.0,,0.47,0.0,0.0,,,0.0,0.0,True,False,0.07005333777850685,5.375,8.0,0.0,,E6,C1 oracle-perc+true-future,T5,1023,5.281666040420532
0.7483333333333333,0.0,0.94,0.47000000000000036,0.4699999999999998,0.0,1.0,0.0,,0.0,0.0,False,False,0.05117653924431638,3.216666666666667,6.0,0.0,,E6,C1 oracle-perc+true-future,T5,1024,6.5856218338012695
0.79,0.0,1.0,,0.46999999999999975,0.0,0.0,,,0.0,0.0,True,False,0.06033841754881877,3.5571428571428574,7.0,0.0,,E6,C1 oracle-perc+true-future,T5,1025,5.365006923675537
0.835,0.0,0.9633333333333334,0.46999999999999953,0.5448730394734159,0.0,1.0,1.0,1.4000000000000001,0.0,0.0,True,True,0.05651216522423074,2.466666666666667,6.0,0.0,,E6,C1 oracle-perc+true-future,T5,1026,7.0441200733184814
0.8083333333333333,0.0,0.995,0.46999999999999953,0.5445928989173475,0.0,0.0,,,0.0,0.0,True,True,0.05860974497793128,2.45,6.0,0.0,,E6,C1 oracle-perc+true-future,T5,1027,7.637718677520752
0.77,0.0,0.905,0.4699999999999994,0.47992960930744555,0.0,1.0,1.0,1.4000000000000001,0.0,0.0,True,False,0.05049781434016997,3.6500000000000004,6.0,0.0,,E6,C1 oracle-perc+true-future,T5,1028,7.537690162658691
0.8433333333333334,0.0,0.9566666666666667,0.4699999999999995,0.4775646932008748,0.0,1.0,0.0,,0.0,0.0,True,True,0.07241252792506123,2.71,10.0,0.0,,E6,C1 oracle-perc+true-future,T5,1029,7.944061994552612
0.7766666666666666,0.0,0.99,0.4699999999999999,0.47,0.0,0.0,,,0.0,0.0,True,False,0.09463672886303394,2.5100000000000002,10.0,0.0,,E6,C1 oracle-perc+true-future,T5,1030,7.184024810791016
0.845,0.0,1.0,,0.5479797231437327,0.0,1.0,0.0,,0.0,0.0,False,False,0.04355807790272825,2.766666666666667,6.0,0.0,,E6,C1 oracle-perc+true-future,T5,1031,5.158231735229492
0.7816666666666666,0.0,1.0,,0.5434953193741471,0.0,0.0,,,0.0,0.0,True,False,0.04936281255879006,3.5,6.0,0.0,,E6,C1 oracle-perc+true-future,T5,1032,5.483520030975342
0.6216666666666667,0.0,1.0,,0.47,0.0,1.0,1.0,1.2000000000000002,0.0,0.0,True,False,0.06949743344424215,8.022222222222222,9.0,0.0,,E6,C1 oracle-perc+true-future,T5,1033,5.604288816452026
0.79,0.0,1.0,,0.4700000000000004,0.0,0.0,,,0.0,0.0,True,False,0.06429682147439035,4.0625,8.0,0.0,,E6,C1 oracle-perc+true-future,T5,1034,5.141319036483765
0.8166666666666667,0.0,0.9883333333333333,0.4879260000886709,0.46999999999999975,0.0,2.0,1.0,1.4500000000000002,0.0,0.0,True,True,0.07733664691058073,2.4625000000000004,8.0,0.0,,E6,C1 oracle-perc+true-future,T5,1035,8.33754014968872
0.755,0.0,1.0,,0.5405192159995725,0.0,0.0,,,0.0,0.0,True,False,0.04636957766476407,5.160000000000001,5.0,0.0,,E6,C1 oracle-perc+true-future,T5,1036,5.326961040496826
0.6816666666666666,0.0,0.9233333333333333,0.4699999999999997,0.47266548656720087,0.0,0.0,,,0.0,0.0,True,False,0.07234345640095914,3.385714285714286,7.0,0.0,,E6,C1 oracle-perc+true-future,T5,1037,8.061732053756714
0.75,0.0,0.8366666666666667,0.46999999999999953,0.5221998982469571,0.0,1.0,1.0,3.3000000000000003,0.0,0.0,True,False,0.06514430498476205,3.5333333333333337,12.0,0.0,,E6,C1 oracle-perc+true-future,T5,1038,7.666830778121948
0.5316666666666666,0.0,1.0,1.3876694125402167,0.47,0.0,0.0,,,0.0,0.0,True,False,0.07457872388906865,10.100000000000003,7.0,0.0,,E6,C1 oracle-perc+true-future,T5,1039,7.9606101512908936
0.74,0.0,1.0,1.109093624269624,0.47000000000000003,0.0,1.0,1.0,13.5,0.0,0.0,True,False,0.043905088425379525,3.2,7.0,0.0,,E6,C1 oracle-perc+true-future,T5,1040,6.510862112045288
0.7916666666666666,0.0,0.965,0.4699999999999993,0.4808575227633186,0.0,1.0,0.0,,0.0,0.0,False,False,0.058044174583712305,2.2750000000000004,8.0,0.0,,E6,C1 oracle-perc+true-future,T5,1041,6.991041898727417
0.66,1.0,0.7733333333333333,0.4310070908163193,0.47909684780920153,0.0,1.0,0.0,,0.0,0.0,False,False,0.05814867652318088,9.444444444444446,9.0,0.0,,E6,C1 oracle-perc+true-future,T5,1042,7.519447088241577
0.6233333333333333,0.0,1.0,,0.4700000000000003,0.0,1.0,0.0,,0.0,0.0,False,False,0.04680491597390743,2.7285714285714286,7.0,0.0,,E6,C1 oracle-perc+true-future,T5,1043,4.053573131561279
0.8133333333333334,0.0,1.0,,0.5420594857332888,0.0,0.0,,,0.0,0.0,True,True,0.040637868767779285,3.04,10.0,0.0,,E6,C1 oracle-perc+true-future,T5,1044,5.803981781005859
0.8716666666666667,0.0,0.9683333333333334,0.4699999999999996,0.569914096182492,0.0,1.0,0.0,,0.0,0.0,False,False,0.06046314067403725,2.1166666666666667,6.0,0.0,,E6,C1 oracle-perc+true-future,T5,1045,7.029132127761841
0.6033333333333334,1.0,0.6366666666666667,0.4699999999999995,0.47000000000000003,0.0,2.0,1.0,10.5,0.0,0.0,True,False,0.06139351050031455,3.63,10.0,0.0,,E6,C1 oracle-perc+true-future,T5,1046,6.216441631317139
0.78,0.0,1.0,0.5205550860404154,0.5528269713777342,0.0,1.0,1.0,1.3,0.0,0.0,True,False,0.05608631595682336,3.383333333333333,6.0,0.0,,E6,C1 oracle-perc+true-future,T5,1047,7.434085845947266
0.835,0.0,0.9783333333333334,0.46999999999999953,0.4699999999999996,0.0,0.0,,,0.0,0.0,True,True,0.06416089763104608,2.2300000000000004,10.0,0.0,,E6,C1 oracle-perc+true-future,T5,1048,8.7443106174469
0.6033333333333334,0.0,1.0,,0.46999999999999886,0.0,0.0,,,0.0,0.0,True,False,0.059065302879173935,5.714285714285714,7.0,0.0,,E6,C1 oracle-perc+true-future,T5,1049,5.568934917449951
0.7466666666666667,0.0,0.73,0.469970422318003,1.3822122648503095,0.0,2.0,0.5,4.3,0.0,0.0,True,False,0.05913545810760245,3.891666666666667,12.0,0.0,,E6,C1 oracle-perc+true-future,T6,1000,7.72290301322937
0.7433333333333333,0.0,0.7716666666666666,0.46999999999999964,1.080447963427367,0.0,5.0,0.8,4.825,0.0,0.0,False,False,0.047118378330905736,0.42000000000000004,5.0,0.0,,E6,C1 oracle-perc+true-future,T6,1001,7.610091924667358
0.9316666666666666,0.0,0.355,0.46999999999999903,0.5473341844224983,0.0,1.0,1.0,4.1000000000000005,0.0,0.0,True,True,0.06100396319224798,1.4285714285714286,7.0,0.0,,E6,C1 oracle-perc+true-future,T6,1002,10.874806880950928
0.24833333333333332,0.0,0.8566666666666667,0.4699999999999992,1.549458529829152,0.0,4.0,0.75,6.966666666666666,0.0,0.0,False,False,0.030413817712485833,7.8999999999999995,3.0,0.0,,E6,C1 oracle-perc+true-future,T6,1003,4.1088738441467285
0.6616666666666666,0.0,0.525,0.4699999999999992,0.46999999999999986,0.0,1.0,1.0,5.0,0.0,0.0,True,False,0.08438181625268722,6.275,8.0,0.0,,E6,C1 oracle-perc+true-future,T6,1004,10.928861856460571
0.9266666666666666,0.0,0.3416666666666667,0.46999999999999925,0.5484184295388291,0.0,1.0,1.0,4.0,0.0,0.0,True,True,0.05508055178611372,2.15,6.0,0.0,,E6,C1 oracle-perc+true-future,T6,1005,11.219936847686768
0.9033333333333333,0.0,0.2966666666666667,0.4600376410726134,0.5498690116466944,0.0,1.0,1.0,1.3,0.0,0.0,True,True,0.05367319145390111,1.9000000000000001,8.0,0.0,,E6,C1 oracle-perc+true-future,T6,1006,11.118654012680054
0.7416666666666667,0.0,0.44333333333333336,0.4699999999999991,0.4934044006471564,0.0,1.0,1.0,11.100000000000001,0.0,0.0,True,False,0.05062888982514463,3.04,5.0,0.0,,E6,C1 oracle-perc+true-future,T6,1007,9.919915676116943
0.585,0.0,0.8033333333333333,0.4699999999999991,0.48690842869282924,0.0,4.0,0.5,1.7000000000000002,0.0,0.0,False,False,0.06465865293431712,3.0500000000000003,6.0,0.0,,E6,C1 oracle-perc+true-future,T6,1008,6.014805793762207
0.8716666666666667,0.0,0.8833333333333333,0.4699999999999993,0.935418172636911,0.0,2.0,1.0,8.3,0.0,0.0,True,True,0.07426752283415995,1.1,7.0,0.0,,E6,C1 oracle-perc+true-future,T6,1009,7.903643846511841
0.29833333333333334,0.0,0.805,0.469999999999999,1.360552272875465,0.0,1.0,0.0,,0.0,0.0,False,False,0.023409311034171366,20.042857142857144,7.0,0.0,,E6,C1 oracle-perc+true-future,T6,1010,3.460526943206787
0.5033333333333333,1.0,0.655,0.46999999999999925,0.5383528388562216,0.0,2.0,0.5,4.9,0.0,0.0,True,False,0.05652494810274921,9.071428571428573,7.0,0.0,,E6,C1 oracle-perc+true-future,T6,1011,6.6971049308776855
0.8566666666666667,0.0,0.7516666666666667,0.46999999999999914,0.47000000000000014,0.0,3.0,1.0,3.6333333333333333,0.0,0.0,True,True,0.08064339219102097,2.177777777777778,9.0,0.0,,E6,C1 oracle-perc+true-future,T6,1012,9.224629163742065
0.92,0.0,0.375,0.4699999999999993,0.5177949769267741,0.0,3.0,0.6666666666666666,3.6,0.0,0.0,False,False,0.07036633839218932,1.3181818181818183,11.0,0.0,,E6,C1 oracle-perc+true-future,T6,1013,8.986012935638428
0.25,0.0,0.9016666666666666,0.4699999999999995,1.538259710644484,0.0,2.0,0.0,,0.0,0.0,False,False,0.031643894844247136,18.533333333333335,9.0,0.0,,E6,C1 oracle-perc+true-future,T6,1014,3.114799976348877
,,,,,,,,,,,,,,,,,RuntimeError('T6 seed 1015: T6 crowd placement failed'),E6,C1 oracle-perc+true-future,T6,1015,0.11819195747375488
0.8566666666666667,0.0,0.785,0.4699999999999997,0.5375615111446894,0.0,3.0,1.0,3.633333333333334,0.0,0.0,True,True,0.08748737165073167,1.677777777777778,9.0,0.0,,E6,C1 oracle-perc+true-future,T6,1016,10.0177321434021
0.6883333333333334,1.0,0.6633333333333333,0.46999999999999953,0.47000000000000003,0.0,2.0,1.0,7.9,0.0,0.0,True,False,0.060126086186717505,1.9090909090909092,11.0,0.0,,E6,C1 oracle-perc+true-future,T6,1017,8.537416934967041
0.8716666666666667,2.0,0.5016666666666667,0.4149036534172548,0.5330134226231679,0.0,2.0,1.0,4.25,0.0,0.0,True,False,0.06504193885958076,3.7666666666666675,9.0,0.0,,E6,C1 oracle-perc+true-future,T6,1018,12.392916917800903
0.9466666666666667,1.0,0.49666666666666665,0.46999999999999986,0.5144141137291147,0.0,5.0,1.0,2.4800000000000004,0.0,0.0,True,False,0.06385608614823834,1.3142857142857145,7.0,0.0,,E6,C1 oracle-perc+true-future,T6,1019,8.859633684158325
0.28833333333333333,0.0,0.855,0.4699999999999994,1.336181845258635,0.0,2.0,0.0,,0.0,0.0,False,False,0.024788664505742294,0.75,4.0,0.0,,E6,C1 oracle-perc+true-future,T6,1020,3.470461368560791
0.96,1.0,0.59,0.46999999999999936,0.8994753184006423,0.0,1.0,1.0,4.2,0.0,0.0,True,False,0.05322070135301407,1.5571428571428572,7.0,0.0,,E6,C1 oracle-perc+true-future,T6,1021,9.756708860397339
1.0,0.0,0.37166666666666665,0.4699999999999992,1.1066097779193556,0.0,2.0,0.5,2.7,0.0,0.0,False,False,0.04420460881467561,0.0,8.0,0.0,,E6,C1 oracle-perc+true-future,T6,1022,10.564466953277588
0.5516666666666666,0.0,0.6816666666666666,0.4699999999999991,1.2740389394854479,0.0,3.0,0.6666666666666666,3.6500000000000004,0.0,0.0,False,False,0.041104254618630834,5.0,12.0,0.0,,E6,C1 oracle-perc+true-future,T6,1023,4.957173109054565
0.32666666666666666,0.0,0.6866666666666666,0.46999999999999975,1.5716710942153496,0.0,2.0,0.0,,0.0,0.0,False,False,0.02991437055148851,12.916666666666666,6.0,0.0,,E6,C1 oracle-perc+true-future,T6,1024,3.3438010215759277
0.825,0.0,0.47,0.4699999999999992,0.46999999999999953,0.0,1.0,0.0,,0.0,0.0,False,False,0.062101710039004394,2.6142857142857143,7.0,0.0,,E6,C1 oracle-perc+true-future,T6,1025,10.229159832000732
0.7116666666666667,1.0,0.5783333333333334,0.4699999999999995,0.5683725740112132,0.0,7.0,0.8571428571428571,5.133333333333334,0.0,0.0,False,False,0.06995792395028133,4.336363636363636,11.0,0.0,,E6,C1 oracle-perc+true-future,T6,1026,6.63515305519104
0.4166666666666667,0.0,0.8033333333333333,0.4699999999999992,0.4699999999999999,0.0,2.0,1.0,12.700000000000001,0.0,0.0,True,False,0.059445382915651185,4.8,7.0,0.0,,E6,C1 oracle-perc+true-future,T6,1027,6.177458047866821
0.95,0.0,0.36666666666666664,0.4699999999999994,0.6062963696929627,0.0,2.0,1.0,2.6,0.0,0.0,True,True,0.03484200450003321,1.7600000000000002,5.0,0.0,,E6,C1 oracle-perc+true-future,T6,1028,10.065598964691162
0.35,0.0,0.795,0.46999999999999875,1.574166454168271,0.0,2.0,0.0,,0.0,0.0,False,False,0.028200934270971294,4.183333333333334,6.0,0.0,,E6,C1 oracle-perc+true-future,T6,1029,3.5701513290405273
0.24666666666666667,0.0,0.8083333333333333,0.46999999999999925,1.568558212168173,0.0,1.0,0.0,,0.0,0.0,False,False,0.03493683632952284,21.400000000000002,11.0,0.0,,E6,C1 oracle-perc+true-future,T6,1030,3.381422996520996
1.0,0.0,0.9033333333333333,0.46999999999999925,1.2475552752026098,0.0,3.0,1.0,1.7333333333333334,0.0,0.0,True,True,0.04770127211795227,0.0,7.0,0.0,,E6,C1 oracle-perc+true-future,T6,1031,9.692463159561157
,,,,,,,,,,,,,,,,,RuntimeError('T6 seed 1032: T6 crowd placement failed'),E6,C1 oracle-perc+true-future,T6,1032,0.14127373695373535
0.775,0.0,0.6183333333333333,0.4699999999999993,0.4700000000000005,0.0,3.0,1.0,5.3999999999999995,0.0,0.0,True,False,0.05470458467622799,2.8636363636363638,11.0,0.0,,E6,C1 oracle-perc+true-future,T6,1033,7.731205940246582
0.6433333333333333,0.0,0.785,0.46999999999999914,0.47000000000000053,0.0,5.0,1.0,4.880000000000001,0.0,0.0,True,False,0.0693219425963246,2.05,8.0,0.0,,E6,C1 oracle-perc+true-future,T6,1034,6.683613061904907
0.78,0.0,0.3883333333333333,0.4699999999999992,0.4699999999999999,0.0,3.0,1.0,6.666666666666667,0.0,0.0,True,False,0.06310260084086772,3.5,12.0,0.0,,E6,C1 oracle-perc+true-future,T6,1035,8.318624019622803
0.9033333333333333,0.0,0.445,0.46999999999999953,0.5032566733259436,0.0,3.0,0.6666666666666666,3.75,0.0,0.0,False,False,0.05546143285330012,2.0333333333333337,6.0,0.0,,E6,C1 oracle-perc+true-future,T6,1036,8.614838123321533
0.44666666666666666,0.0,0.7566666666666667,0.4699999999999993,0.4700000000000001,0.0,6.0,0.5,5.433333333333334,0.0,0.0,False,False,0.03622356578043967,4.423076923076923,13.0,0.0,,E6,C1 oracle-perc+true-future,T6,1037,3.5995850563049316
0.9266666666666666,1.0,0.5183333333333333,0.4413936670770424,0.5736927081320095,0.0,1.0,1.0,2.3000000000000003,0.0,0.0,True,False,0.04723293769266472,1.5857142857142856,7.0,0.0,,E6,C1 oracle-perc+true-future,T6,1038,10.309330940246582
0.855,1.0,0.38166666666666665,0.46999999999999853,0.4782153659932011,0.0,2.0,1.0,3.45,0.0,0.0,True,False,0.07827087447216073,2.575,8.0,0.0,,E6,C1 oracle-perc+true-future,T6,1039,10.642115116119385
0.4216666666666667,0.0,0.6583333333333333,0.46999999999999925,0.47000000000000036,0.0,4.0,0.5,3.95,0.0,0.0,False,False,0.035574379087840446,6.611111111111111,9.0,0.0,,E6,C1 oracle-perc+true-future,T6,1040,3.7215237617492676
0.9083333333333333,0.0,0.5716666666666667,0.46999999999999925,0.5284849373563294,0.0,3.0,0.6666666666666666,2.55,0.0,0.0,False,False,0.06815261938996099,3.0833333333333335,6.0,0.0,,E6,C1 oracle-perc+true-future,T6,1041,10.267468929290771
0.5983333333333334,0.0,0.8133333333333334,0.4699999999999994,1.3229818260009172,0.0,3.0,0.6666666666666666,3.55,0.0,0.0,False,False,0.0571442182829382,8.983333333333334,6.0,0.0,,E6,C1 oracle-perc+true-future,T6,1042,4.975527048110962
0.38333333333333336,0.0,0.7816666666666666,0.469999999999999,1.748938384958309,0.0,2.0,0.0,,0.0,0.0,False,False,0.03479621625286352,11.266666666666667,6.0,0.0,,E6,C1 oracle-perc+true-future,T6,1043,4.090724945068359
0.895,0.0,0.385,0.46999999999999914,0.5628925873498124,0.0,1.0,1.0,2.9000000000000004,0.0,0.0,True,True,0.0684866563347307,1.48,10.0,0.0,,E6,C1 oracle-perc+true-future,T6,1044,9.814209222793579
0.885,1.0,0.8183333333333334,0.4647878122763616,0.9176852889619278,0.0,2.0,1.0,5.95,0.0,0.0,True,False,0.04847659826617529,0.6111111111111112,9.0,0.0,,E6,C1 oracle-perc+true-future,T6,1045,8.401954889297485
0.545,0.0,0.7216666666666667,0.4699999999999993,0.6166568564799596,0.0,2.0,0.5,13.200000000000001,0.0,0.0,False,False,0.05866518158290517,5.566666666666667,6.0,0.0,,E6,C1 oracle-perc+true-future,T6,1046,6.136569976806641
0.87,0.0,0.6566666666666666,0.4699999999999994,0.5483628372027346,0.0,3.0,1.0,2.0333333333333337,0.0,0.0,True,True,0.07348474316825754,2.3875,8.0,0.0,,E6,C1 oracle-perc+true-future,T6,1047,11.227165937423706
0.6333333333333333,0.0,0.5583333333333333,0.4699999999999995,0.47,0.0,6.0,0.8333333333333334,3.0,0.0,0.0,False,False,0.06084219607650315,2.681818181818182,11.0,0.0,,E6,C1 oracle-perc+true-future,T6,1048,6.571251392364502
0.38166666666666665,0.0,0.7766666666666666,0.4699999999999994,1.6959982509028304,0.0,5.0,0.6,8.166666666666666,0.0,0.0,False,False,0.04547454546527586,0.22000000000000003,5.0,0.0,,E6,C1 oracle-perc+true-future,T6,1049,4.923475980758667
0.7666666666666667,0.0,0.91,0.46597823099356217,0.4851849739839953,0.0,1.0,1.0,3.4000000000000004,0.0,0.0,True,False,0.08089860913272355,2.3000000000000003,7.0,0.0,,E6,C1 oracle-perc+true-future,T7,1000,9.233955144882202
0.7166666666666667,2.0,0.64,0.4699999999999993,0.47351367231384467,0.0,0.0,,,0.0,0.0,True,False,0.08268946303182746,3.914285714285714,7.0,0.0,,E6,C1 oracle-perc+true-future,T7,1001,8.94547700881958
0.9866666666666667,0.0,1.0,,0.9501286373155735,0.0,0.0,,,0.0,0.0,True,True,0.029515867810978928,1.25,2.0,0.0,,E6,C1 oracle-perc+true-future,T7,1002,5.610488176345825
0.3016666666666667,0.0,0.8466666666666667,0.4699999999999995,0.46999999999999986,0.0,1.0,0.0,,0.0,0.0,True,False,0.050021310585020046,9.066666666666668,9.0,0.0,,E6,C1 oracle-perc+true-future,T7,1003,5.385388135910034
0.9133333333333333,1.0,0.8833333333333333,0.449898641193426,0.5669741739102468,0.0,0.0,,,0.0,0.0,True,False,0.06753275323279673,0.5750000000000001,12.0,0.0,,E6,C1 oracle-perc+true-future,T7,1004,9.210971117019653
0.9083333333333333,0.0,1.0,,0.5584630717199323,0.0,0.0,,,0.0,0.0,True,True,0.03405993651651453,2.6666666666666665,3.0,0.0,,E6,C1 oracle-perc+true-future,T7,1005,5.277029037475586
0.6866666666666666,0.0,0.9833333333333333,0.47,0.47797882110843687,0.0,1.0,1.0,2.2,0.0,0.0,True,False,0.08142643473239153,7.200000000000001,8.0,0.0,,E6,C1 oracle-perc+true-future,T7,1006,7.7183380126953125
0.8166666666666667,0.0,1.0,,0.47056159569067224,0.0,0.0,,,0.0,0.0,True,True,0.047451405770250484,3.88,5.0,0.0,,E6,C1 oracle-perc+true-future,T7,1007,5.2459211349487305
0.7816666666666666,0.0,0.825,0.47,0.5444009468151616,0.0,1.0,1.0,8.0,0.0,0.0,True,False,0.056625062656800514,0.8666666666666667,3.0,0.0,,E6,C1 oracle-perc+true-future,T7,1008,8.366358041763306
0.95,0.0,1.0,0.6618201002460045,0.6669341581585402,0.0,0.0,,,0.0,0.0,True,True,0.021539373806629427,4.1000000000000005,1.0,0.0,,E6,C1 oracle-perc+true-future,T7,1009,6.86722207069397
0.685,0.0,0.7183333333333334,0.4699999999999994,0.5670418697438543,0.0,0.0,,,0.0,0.0,True,False,0.1131657721552332,10.55,4.0,0.0,,E6,C1 oracle-perc+true-future,T7,1010,9.753567934036255
0.82,0.0,0.99,0.47,0.47457696893832935,0.0,0.0,,,0.0,0.0,True,True,0.06381987654672565,3.188888888888889,9.0,0.0,,E6,C1 oracle-perc+true-future,T7,1011,8.790004968643188
0.97,0.0,1.0,0.7764362279688519,0.8326297032091428,0.0,0.0,,,0.0,0.0,True,True,0.041295516779541505,0.0,5.0,0.0,,E6,C1 oracle-perc+true-future,T7,1012,8.509233951568604
0.8616666666666667,0.0,1.0,,0.5477344948679378,0.0,0.0,,,0.0,0.0,True,True,0.06721524854307645,3.0200000000000005,5.0,0.0,,E6,C1 oracle-perc+true-future,T7,1013,6.152301073074341
0.7516666666666667,0.0,0.8416666666666667,0.4502071245976573,0.47770122046880115,0.0,1.0,1.0,1.2000000000000002,0.0,0.0,True,False,0.07414605538053108,4.411111111111111,9.0,0.0,,E6,C1 oracle-perc+true-future,T7,1014,9.452837944030762
0.86,0.0,0.955,0.4699999999999994,0.4744340545233457,0.0,0.0,,,0.0,0.0,True,True,0.057710853355787704,1.6,7.0,0.0,,E6,C1 oracle-perc+true-future,T7,1015,6.9546098709106445
0.9683333333333334,0.0,1.0,5.344979470763357,0.780647050125168,0.0,0.0,,,0.0,0.0,True,True,0.02730098785642925,3.6,1.0,0.0,,E6,C1 oracle-perc+true-future,T7,1016,7.250973224639893
0.7983333333333333,0.0,0.7166666666666667,0.46999999999999903,0.5673567950662765,0.0,1.0,0.0,,0.0,0.0,False,False,0.06736606144233111,1.73,10.0,0.0,,E6,C1 oracle-perc+true-future,T7,1017,8.043401956558228
0.7566666666666667,0.0,0.815,0.4629471424470192,0.46999999999999986,1.0,1.0,1.0,2.8000000000000003,0.0,0.0,True,False,0.059724649265652185,3.9333333333333336,6.0,0.0,,E6,C1 oracle-perc+true-future,T7,1018,8.768496036529541
0.8533333333333334,1.0,0.7166666666666667,0.46999999999999925,0.4699999999999996,0.0,2.0,1.0,1.9500000000000002,0.0,0.0,True,False,0.08518101180185807,2.3142857142857145,7.0,0.0,,E6,C1 oracle-perc+true-future,T7,1019,9.678786993026733
0.5166666666666667,0.0,1.0,,0.5492673636792286,0.0,0.0,,,0.0,0.0,True,False,0.04276847897314567,13.5,3.0,0.0,,E6,C1 oracle-perc+true-future,T7,1020,5.987206220626831
0.49166666666666664,0.0,1.0,5.08547215269591,0.4701088918860217,0.0,0.0,,,0.0,0.0,True,False,0.04240407728550748,10.866666666666667,3.0,0.0,,E6,C1 oracle-perc+true-future,T7,1021,6.937022924423218
0.905,0.0,1.0,,0.47908599280157127,0.0,0.0,,,0.0,0.0,True,True,0.04549651199903262,2.2333333333333334,3.0,0.0,,E6,C1 oracle-perc+true-future,T7,1022,5.522062063217163
0.45666666666666667,0.0,0.84,0.46999999999999975,0.46999999999999975,0.0,2.0,0.0,,0.0,0.0,False,False,0.0726042894655322,5.536363636363637,11.0,0.0,,E6,C1 oracle-perc+true-future,T7,1023,5.035250902175903
0.825,0.0,0.84,0.4699999999999991,0.5430015045703763,0.0,1.0,1.0,1.3,0.0,0.0,True,True,0.07159387992934324,2.6,5.0,0.0,,E6,C1 oracle-perc+true-future,T7,1024,9.068893909454346
0.6216666666666667,0.0,0.83,0.46999999999999914,0.4700000000000001,0.0,2.0,0.5,15.3,0.0,0.0,False,False,0.07612078589535604,3.56,10.0,0.0,,E6,C1 oracle-perc+true-future,T7,1025,6.762000799179077
0.6033333333333334,0.0,1.0,0.9232243975293232,0.7541227878886639,0.0,1.0,0.0,,0.0,0.0,False,False,0.031952017793442006,4.108333333333333,12.0,0.0,,E6,C1 oracle-perc+true-future,T7,1026,5.357257843017578
0.855,0.0,1.0,,0.5666206718640258,0.0,0.0,,,0.0,0.0,True,True,0.04151704051298313,3.766666666666667,3.0,0.0,,E6,C1 oracle-perc+true-future,T7,1027,5.138313055038452
0.7616666666666667,0.0,0.8866666666666667,0.46515123826651916,0.48969798942156045,0.0,0.0,,,0.0,0.0,True,False,0.09548252641501809,6.480000000000001,5.0,0.0,,E6,C1 oracle-perc+true-future,T7,1028,9.286823272705078
1.0,0.0,0.9966666666666667,0.48772237269924534,1.3097459888800143,0.0,0.0,,,0.0,0.0,True,True,0.053226022914159364,0.0,2.0,0.0,,E6,C1 oracle-perc+true-future,T7,1029,10.732139110565186
0.8383333333333334,0.0,1.0,,0.47080602604445565,0.0,0.0,,,0.0,0.0,True,True,0.049890020741087907,5.45,2.0,0.0,,E6,C1 oracle-perc+true-future,T7,1030,5.401065111160278
1.0,0.0,1.0,,1.0626568833593861,0.0,0.0,,,0.0,0.0,True,True,0.03018913367155177,0.0,3.0,0.0,,E6,C1 oracle-perc+true-future,T7,1031,5.444399118423462
0.715,0.0,0.955,0.46999999999999986,0.5263442353193551,0.0,0.0,,,0.0,0.0,True,False,0.06691507083630302,7.333333333333333,3.0,0.0,,E6,C1 oracle-perc+true-future,T7,1032,7.9715189933776855
0.88,0.0,1.0,0.5008613799210735,0.5686116125762817,0.0,1.0,1.0,1.8,0.0,0.0,True,True,0.05697694925795237,2.3000000000000003,2.0,0.0,,E6,C1 oracle-perc+true-future,T7,1033,9.354207992553711
0.7933333333333333,0.0,0.9533333333333334,0.4699999999999994,0.46999999999999953,0.0,0.0,,,0.0,0.0,True,False,0.06703348207048139,2.991666666666667,12.0,0.0,,E6,C1 oracle-perc+true-future,T7,1034,7.070952892303467
0.9,0.0,0.9916666666666667,0.47311765895461916,0.5587458274283676,0.0,0.0,,,0.0,0.0,True,True,0.06135386480316344,1.5250000000000001,8.0,0.0,,E6,C1 oracle-perc+true-future,T7,1035,8.982686996459961
0.8466666666666667,1.0,0.4666666666666667,0.35441855202415473,0.5376623637921254,0.0,0.0,,,0.0,0.0,True,False,0.05579818459084088,6.766666666666667,3.0,0.0,,E6,C1 oracle-perc+true-future,T7,1036,8.971339225769043
0.8133333333333334,0.0,0.9916666666666667,0.4699999999999996,0.5238575817995006,0.0,1.0,1.0,5.5,0.0,0.0,True,True,0.08003468882445479,2.0375,8.0,0.0,,E6,C1 oracle-perc+true-future,T7,1037,7.71170711517334
0.7383333333333333,2.0,0.5133333333333333,0.4482867150816505,0.4915534340017293,0.0,3.0,0.6666666666666666,2.3000000000000003,0.0,0.0,False,False,0.09043793190188253,2.9000000000000004,12.0,0.0,,E6,C1 oracle-perc+true-future,T7,1038,10.757412910461426
0.6066666666666667,0.0,0.9233333333333333,0.46999999999999953,0.4700000000000001,0.0,0.0,,,0.0,0.0,True,False,0.04552974437290403,13.65,2.0,0.0,,E6,C1 oracle-perc+true-future,T7,1039,7.039775848388672
0.5283333333333333,1.0,0.8283333333333334,0.4699999999999989,0.4699999999999992,0.0,2.0,1.0,3.3,0.0,0.0,True,False,0.09114416304588217,5.033333333333334,12.0,0.0,,E6,C1 oracle-perc+true-future,T7,1040,9.718019247055054
0.935,0.0,1.0,0.6481328779477595,0.7328740668574487,0.0,0.0,,,0.0,0.0,True,True,0.028367078932151863,3.3,2.0,0.0,,E6,C1 oracle-perc+true-future,T7,1041,7.888092994689941
0.44166666666666665,0.0,0.9416666666666667,0.4699999999999995,1.3895736296565706,0.0,2.0,0.5,15.4,0.0,0.0,True,False,0.037124411301782394,9.0,4.0,0.0,,E6,C1 oracle-perc+true-future,T7,1042,3.813624143600464
0.30666666666666664,0.0,1.0,1.4909580982232478,0.9168829487295448,0.0,1.0,0.0,,0.0,0.0,False,False,0.023117847895149618,7.671428571428572,7.0,0.0,,E6,C1 oracle-perc+true-future,T7,1043,3.384434223175049
0.6883333333333334,0.0,0.855,0.46999999999999953,0.47455274818028775,0.0,0.0,,,0.0,0.0,True,False,0.0817767663082457,3.2181818181818183,11.0,0.0,,E6,C1 oracle-perc+true-future,T7,1044,10.590744972229004
0.9166666666666666,0.0,0.8533333333333334,0.46297512031936383,0.7733373917160608,0.0,2.0,1.0,2.6,0.0,0.0,True,True,0.047277153779132663,1.4714285714285715,7.0,0.0,,E6,C1 oracle-perc+true-future,T7,1045,7.026615142822266
0.8283333333333334,0.0,1.0,0.7466929587854063,0.46999999999999986,0.0,0.0,,,0.0,0.0,True,True,0.051238047061094916,4.25,4.0,0.0,,E6,C1 oracle-perc+true-future,T7,1046,6.605324029922485
0.935,0.0,0.975,0.46999999999999986,0.5798395824006507,0.0,0.0,,,0.0,0.0,True,True,0.0354460818769096,4.9,1.0,0.0,,E6,C1 oracle-perc+true-future,T7,1047,6.603899002075195
1.0,0.0,1.0,0.6889235543221591,1.3218145134227821,0.0,0.0,,,0.0,0.0,True,True,0.05517446485390744,0.0,4.0,0.0,,E6,C1 oracle-perc+true-future,T7,1048,8.531818866729736
0.9216666666666666,0.0,1.0,,0.6102396196364136,0.0,0.0,,,0.0,0.0,True,True,0.03568920852669967,2.025,4.0,0.0,,E6,C1 oracle-perc+true-future,T7,1049,4.411424160003662
