tracking_rate,person_collisions,personal_space_compliance,min_dist_other,min_dist_target,obstacle_collisions,lost_events,recovery_rate,recovery_time,wrong_switches,wrong_frac,following_at_end,success,smoothness,turn_lag,n_turns,n_swaps_injected,error,experiment,method,scenario,seed,wall_s
0.9383333333333334,0.0,1.0,0.7767001095748557,0.5242816291354353,0.0,0.0,,,0.0,0.0,True,True,0.1519764351497825,4.5,1.0,0.0,,E3,M0+S0,T3,1000,4.844149827957153
0.95,0.0,1.0,0.5598806464975941,0.5675789135884067,0.0,0.0,,,0.0,0.0,True,True,0.16135238231460233,1.4666666666666668,3.0,0.0,,E3,M0+S0,T3,1001,3.2741103172302246
0.965,0.0,1.0,0.7245273134892924,0.6343075214820024,0.0,0.0,,,0.0,0.0,True,True,0.1372772435256003,1.5,2.0,0.0,,E3,M0+S0,T3,1002,4.816065788269043
0.8066666666666666,0.0,0.945,0.46999999999999964,0.46999999999999975,0.0,1.0,1.0,3.3000000000000003,1.0,0.055,True,True,0.14624197704995504,3.277777777777778,9.0,1.0,,E3,M0+S0,T3,1003,3.5695972442626953
0.8316666666666667,0.0,1.0,0.7077732189052844,0.4699999999999996,0.0,0.0,,,0.0,0.0016666666666666668,True,True,0.17076591003780658,4.74,5.0,1.0,,E3,M0+S0,T3,1004,4.854052305221558
0.49833333333333335,0.0,0.96,0.4699999999999989,0.6763266564368358,0.0,3.0,0.3333333333333333,11.4,6.0,0.36833333333333335,True,False,0.09593715004572057,10.266666666666667,3.0,1.0,,E3,M0+S0,T3,1005,3.4386210441589355
,,,,,,,,,,,,,,,,,RuntimeError('T3 seed 1006: no straight run found'),E3,M0+S0,T3,1006,0.23187780380249023
0.9666666666666667,0.0,1.0,0.5786774209931066,0.8525464114783676,0.0,0.0,,,0.0,0.0016666666666666668,True,True,0.13148369702180984,3.0,1.0,0.0,,E3,M0+S0,T3,1007,4.787962913513184
0.6,0.0,0.9633333333333334,0.46999999999999964,0.47749927874560566,0.0,0.0,,,0.0,0.013333333333333334,True,False,0.17726398189282122,8.333333333333334,3.0,4.0,,E3,M0+S0,T3,1008,4.683823823928833
0.8916666666666667,0.0,0.995,0.49496448362557555,0.7479678332755618,0.0,2.0,1.0,3.5500000000000003,1.0,0.115,True,True,0.1346058321795635,0.775,4.0,2.0,,E3,M0+S0,T3,1009,3.5513508319854736
0.9116666666666666,0.0,1.0,1.068266580173837,0.6865191722825261,0.0,1.0,1.0,3.4000000000000004,2.0,0.08333333333333333,True,True,0.14165110283977816,1.2666666666666668,3.0,0.0,,E3,M0+S0,T3,1010,4.911610126495361
0.865,0.0,1.0,1.2325708342691006,0.4699999999999998,0.0,0.0,,,0.0,0.0,True,True,0.13278609529858376,4.166666666666667,3.0,0.0,,E3,M0+S0,T3,1011,3.5163440704345703
0.8966666666666666,0.0,1.0,1.2578509437090966,0.4700000000000002,0.0,0.0,,,0.0,0.0016666666666666668,True,True,0.14831429821098166,3.45,2.0,0.0,,E3,M0+S0,T3,1012,5.10431981086731
0.8916666666666667,0.0,1.0,1.1215306678300208,0.47000000000000064,0.0,1.0,1.0,1.7000000000000002,0.0,0.005,True,True,0.13846068491536404,4.266666666666667,3.0,0.0,,E3,M0+S0,T3,1013,3.516646146774292
0.97,0.0,1.0,0.707023106407723,0.7924250190853968,0.0,0.0,,,0.0,0.0016666666666666668,True,True,0.15614013772120997,3.0,1.0,0.0,,E3,M0+S0,T3,1014,4.789746046066284
0.9716666666666667,0.0,1.0,1.9798940528241091,0.7825027227418809,0.0,0.0,,,0.0,0.0016666666666666668,True,True,0.13320438423122208,0.62,5.0,0.0,,E3,M0+S0,T3,1015,3.5533151626586914
0.82,0.0,1.0,0.5303404778872732,0.47576796267057847,0.0,0.0,,,0.0,0.0033333333333333335,True,True,0.1602917876946817,2.875,4.0,1.0,,E3,M0+S0,T3,1016,3.416947841644287
0.9016666666666666,0.0,1.0,1.112903082433365,0.48435769415825153,0.0,0.0,,,0.0,0.005,True,True,0.15236783227403,5.066666666666666,3.0,2.0,,E3,M0+S0,T3,1017,3.690246820449829
0.86,0.0,0.995,0.47000000000000003,0.4699999999999997,0.0,1.0,1.0,3.4000000000000004,3.0,0.095,True,True,0.14495339818357614,3.0000000000000004,5.0,3.0,,E3,M0+S0,T3,1018,3.6356678009033203
0.9016666666666666,0.0,1.0,1.3133470917637895,0.47358796938846753,0.0,0.0,,,0.0,0.0,True,True,0.17335015341859927,5.4,2.0,0.0,,E3,M0+S0,T3,1019,3.4030070304870605
0.865,0.0,1.0,0.6215340271361559,0.48705930468663294,0.0,0.0,,,0.0,0.005,True,True,0.1566744744086171,4.7,2.0,2.0,,E3,M0+S0,T3,1020,3.6368210315704346
0.9366666666666666,0.0,1.0,1.3100802811505214,0.7502735821308064,0.0,0.0,,,0.0,0.0,True,True,0.1604453229969723,4.4,1.0,0.0,,E3,M0+S0,T3,1021,3.7552640438079834
1.0,0.0,1.0,0.5576439516641313,1.4153695074843156,0.0,0.0,,,0.0,0.0033333333333333335,True,True,0.16921873374376975,,0.0,0.0,,E3,M0+S0,T3,1022,3.512824058532715
0.16,0.0,1.0,0.979897759648683,1.5556521780280628,0.0,2.0,0.0,,15.0,0.7316666666666667,False,False,0.07069768206052676,39.300000000000004,2.0,1.0,,E3,M0+S0,T3,1023,3.2622759342193604
0.9666666666666667,0.0,1.0,1.593626201709561,0.9293050355535072,0.0,0.0,,,2.0,0.08833333333333333,True,True,0.1485025998547856,1.9000000000000001,3.0,3.0,,E3,M0+S0,T3,1024,3.627289295196533
0.9466666666666667,0.0,1.0,1.3029909288896864,0.5250263413825614,0.0,0.0,,,0.0,0.0,True,True,0.13958346731010585,2.0,2.0,1.0,,E3,M0+S0,T3,1025,3.593904733657837
0.37166666666666665,0.0,0.96,0.4699999999999995,1.1346210866840645,0.0,5.0,0.2,5.800000000000001,14.0,0.625,False,False,0.14438333470991824,5.0,7.0,4.0,,E3,M0+S0,T3,1026,3.6991500854492188
0.8416666666666667,0.0,1.0,1.2255037363481158,0.4700000000000001,0.0,0.0,,,0.0,0.0,True,True,0.14146028878316824,2.4800000000000004,5.0,0.0,,E3,M0+S0,T3,1027,3.458400011062622
0.3883333333333333,0.0,1.0,0.8453338797474934,1.1336226871063833,0.0,3.0,0.6666666666666666,11.600000000000001,9.0,0.555,True,False,0.09528006582680389,24.96666666666667,6.0,4.0,,E3,M0+S0,T3,1028,3.4799389839172363
0.9666666666666667,0.0,1.0,1.4139238896797486,0.7341091893120298,0.0,0.0,,,0.0,0.008333333333333333,True,True,0.15945776173322912,2.6666666666666665,3.0,3.0,,E3,M0+S0,T3,1029,3.469752788543701
0.7,0.0,0.9766666666666667,0.47000000000000003,0.518248823548404,0.0,1.0,1.0,14.100000000000001,2.0,0.1,True,False,0.13138486178364966,11.233333333333334,3.0,0.0,,E3,M0+S0,T3,1030,3.2265102863311768
0.32,0.0,1.0,0.5346700460413941,1.8607238312898775,0.0,4.0,0.0,,3.0,0.3883333333333333,False,False,0.14403648413302791,17.5,2.0,0.0,,E3,M0+S0,T3,1031,3.606213092803955
0.25666666666666665,0.0,1.0,0.8712978774304397,0.5911992952990874,0.0,2.0,0.5,12.700000000000001,7.0,0.43,True,False,0.0908347398880432,24.233333333333334,3.0,2.0,,E3,M0+S0,T3,1032,3.0947062969207764
0.9766666666666667,0.0,1.0,0.6476932151441366,0.8450026612099053,0.0,0.0,,,0.0,0.0,True,True,0.16177766317647044,2.7,1.0,0.0,,E3,M0+S0,T3,1033,3.3309319019317627
1.0,0.0,1.0,0.8226169754542242,1.156802011831255,0.0,0.0,,,0.0,0.0,True,True,0.149877497127706,0.0,2.0,0.0,,E3,M0+S0,T3,1034,3.430217981338501
0.9516666666666667,0.0,1.0,1.6469292430441258,0.5702860867873606,0.0,0.0,,,0.0,0.0,True,True,0.15401506689634514,1.3333333333333333,3.0,0.0,,E3,M0+S0,T3,1035,3.4892799854278564
0.23833333333333334,0.0,1.0,0.5372620624025303,0.6716440875620648,0.0,3.0,0.3333333333333333,15.9,5.0,0.495,False,False,0.06411619724262735,6.25,4.0,1.0,,E3,M0+S0,T3,1036,3.242990016937256
0.8633333333333333,0.0,1.0,0.7435696859447649,0.4699999999999997,0.0,0.0,,,0.0,0.0,True,True,0.16205304255979938,4.166666666666667,3.0,0.0,,E3,M0+S0,T3,1037,3.442233085632324
0.9683333333333334,0.0,1.0,1.6728769181832392,0.8312430626094811,0.0,0.0,,,0.0,0.0016666666666666668,True,True,0.14717310196966077,1.55,2.0,0.0,,E3,M0+S0,T3,1038,3.570178747177124
0.6866666666666666,0.0,0.98,0.46999999999999953,0.4700000000000007,0.0,1.0,0.0,,5.0,0.21666666666666667,False,False,0.13594243207577533,7.942857142857142,7.0,3.0,,E3,M0+S0,T3,1039,3.3916330337524414
0.9583333333333334,0.0,1.0,1.4005850107136464,0.6969525363753678,0.0,0.0,,,0.0,0.0016666666666666668,True,True,0.14366557413618336,3.4000000000000004,1.0,0.0,,E3,M0+S0,T3,1040,3.5397050380706787
0.9866666666666667,0.0,0.9316666666666666,0.46999999999999936,0.9496871953961428,0.0,1.0,0.0,,1.0,0.06333333333333334,False,False,0.15300547947216467,0.7000000000000001,3.0,2.0,,E3,M0+S0,T3,1041,3.8430447578430176
0.5066666666666667,1.0,0.95,0.4699999999999994,0.6953103478194068,0.0,1.0,0.0,,3.0,0.16333333333333333,True,False,0.08765628674955699,15.4,1.0,0.0,,E3,M0+S0,T3,1042,3.0192811489105225
0.9466666666666667,0.0,0.9666666666666667,0.4699999999999992,0.9474633124207348,0.0,1.0,0.0,,1.0,0.06666666666666667,False,False,0.14461596505113025,1.3000000000000003,5.0,3.0,,E3,M0+S0,T3,1043,3.692416191101074
0.9816666666666667,0.0,0.9716666666666667,0.4699999999999998,0.9135986429295279,0.0,0.0,,,0.0,0.0016666666666666668,True,True,0.16818480379229794,3.0,1.0,0.0,,E3,M0+S0,T3,1044,3.65858793258667
0.17166666666666666,0.0,0.995,0.4793750937601975,1.4808872187124398,0.0,1.0,0.0,,10.0,0.475,False,False,0.08476456706684916,41.75,2.0,1.0,,E3,M0+S0,T3,1045,2.867676019668579
0.9333333333333333,0.0,1.0,1.163376794974038,0.5907581593197329,0.0,0.0,,,0.0,0.0016666666666666668,True,True,0.18180212929125103,2.2,4.0,4.0,,E3,M0+S0,T3,1046,3.6322858333587646
0.675,0.0,1.0,1.2617031389565214,0.5134144653009061,0.0,1.0,1.0,8.200000000000001,4.0,0.105,True,False,0.1104943414726592,7.7,3.0,4.0,,E3,M0+S0,T3,1047,3.372634172439575
0.965,0.0,1.0,0.7678745584808556,0.6824499736379938,0.0,0.0,,,0.0,0.0016666666666666668,True,True,0.13893542248052276,0.8500000000000001,4.0,0.0,,E3,M0+S0,T3,1048,3.688194990158081
0.9133333333333333,0.0,1.0,0.8975613515288359,0.49225840687387046,0.0,0.0,,,0.0,0.0,True,True,0.15035202018222138,3.45,2.0,0.0,,E3,M0+S0,T3,1049,3.5304179191589355
0.955,1.0,0.9533333333333334,0.46999999999999953,0.670465652860237,0.0,0.0,,,0.0,0.0016666666666666668,True,False,0.13196880473681696,2.1333333333333333,3.0,0.0,,E3,M0+S0,T4,1000,4.198594808578491
0.3333333333333333,0.0,0.7966666666666666,0.4692782243111368,0.46999999999999964,0.0,3.0,0.6666666666666666,11.15,8.0,0.37333333333333335,True,False,0.1579360965403661,5.180000000000001,10.0,3.0,,E3,M0+S0,T4,1001,3.468775987625122
0.915,0.0,1.0,2.2540704631132944,0.47,0.0,0.0,,,0.0,0.0,True,True,0.15101036531245138,2.7,5.0,0.0,,E3,M0+S0,T4,1002,3.9628779888153076
0.8483333333333334,0.0,0.9933333333333333,0.47548595420924006,0.46999999999999975,0.0,0.0,,,0.0,0.0033333333333333335,True,True,0.1429623273314091,3.4400000000000004,5.0,0.0,,E3,M0+S0,T4,1003,3.506216049194336
0.44666666666666666,0.0,0.7866666666666666,0.4699999999999994,0.63903298592326,0.0,2.0,0.0,,8.0,0.315,False,False,0.11782380446927251,9.916666666666668,12.0,1.0,,E3,M0+S0,T4,1004,3.671062707901001
0.45666666666666667,1.0,0.835,0.4699999999999993,0.46999999999999986,0.0,3.0,0.3333333333333333,10.9,5.0,0.31,False,False,0.08121834272958875,4.2,7.0,1.0,,E3,M0+S0,T4,1005,2.6819918155670166
0.89,0.0,0.995,0.4700000000000005,0.5539274605168664,0.0,0.0,,,0.0,0.025,True,True,0.17326009955122018,1.4166666666666667,6.0,1.0,,E3,M0+S0,T4,1006,3.982043743133545
0.7716666666666666,0.0,1.0,1.400086370255955,0.46999999999999964,0.0,0.0,,,0.0,0.0016666666666666668,True,False,0.1471047439143461,6.3500000000000005,4.0,0.0,,E3,M0+S0,T4,1007,3.502009153366089
0.5133333333333333,0.0,0.93,0.46999999999999953,0.46999999999999975,0.0,2.0,0.0,,4.0,0.14666666666666667,True,False,0.1275418906134021,3.7500000000000004,12.0,2.0,,E3,M0+S0,T4,1008,3.477734088897705
0.8816666666666667,0.0,0.9816666666666667,0.47,0.4998046087729154,0.0,0.0,,,0.0,0.0016666666666666668,True,True,0.19575339018128943,4.8,5.0,0.0,,E3,M0+S0,T4,1009,3.5047149658203125
0.9866666666666667,0.0,1.0,4.416326219408801,0.9778842956034105,0.0,0.0,,,0.0,0.0,True,True,0.14660763536259377,2.2,1.0,0.0,,E3,M0+S0,T4,1010,4.007296085357666
0.9616666666666667,0.0,1.0,2.843266182151674,0.7976113583024153,0.0,0.0,,,0.0,0.0,True,True,0.15628817453548777,1.1666666666666667,3.0,0.0,,E3,M0+S0,T4,1011,3.5906789302825928
0.675,0.0,0.9716666666666667,0.46999999999999964,0.47085075810326815,0.0,0.0,,,0.0,0.011666666666666667,True,False,0.1502965335318313,7.177777777777779,9.0,2.0,,E3,M0+S0,T4,1012,3.9904189109802246
0.7883333333333333,0.0,0.9683333333333334,0.4699999999999996,0.47000000000000014,0.0,0.0,,,0.0,0.0,True,False,0.19850566118389473,3.7181818181818187,11.0,0.0,,E3,M0+S0,T4,1013,3.467236280441284
0.895,0.0,0.98,0.4700000000000001,0.49876730231391553,0.0,0.0,,,0.0,0.0033333333333333335,True,True,0.14690072607457913,2.96,5.0,0.0,,E3,M0+S0,T4,1014,4.016222953796387
0.655,0.0,1.0,0.9005562872857927,0.47,0.0,0.0,,,0.0,0.005,True,False,0.16396177773581072,3.47,10.0,2.0,,E3,M0+S0,T4,1015,4.2374107837677
0.8883333333333333,0.0,1.0,1.1362237259158188,0.5058034712234541,0.0,0.0,,,0.0,0.0016666666666666668,True,True,0.1501520826296016,4.233333333333333,3.0,0.0,,E3,M0+S0,T4,1016,3.712547779083252
0.37166666666666665,1.0,0.8983333333333333,0.4699999999999996,0.4699999999999996,0.0,2.0,0.0,,8.0,0.33666666666666667,False,False,0.13800076632100397,7.266666666666668,12.0,3.0,,E3,M0+S0,T4,1017,3.9919869899749756
0.8883333333333333,0.0,0.9883333333333333,0.4699999999999994,0.5145446081260989,0.0,1.0,1.0,2.1,0.0,0.023333333333333334,True,True,0.15097750302106733,1.9200000000000004,5.0,1.0,,E3,M0+S0,T4,1018,3.8292598724365234
0.83,0.0,1.0,2.5595425033933847,0.46999999999999964,0.0,1.0,1.0,1.6,0.0,0.0,True,True,0.11175225491972954,7.000000000000002,5.0,0.0,,E3,M0+S0,T4,1019,4.043763875961304
0.46,1.0,0.5533333333333333,0.4699999999999998,0.49060580134361753,0.0,3.0,0.0,,14.0,0.5683333333333334,False,False,0.14841335876730902,12.6875,8.0,0.0,,E3,M0+S0,T4,1020,4.059446096420288
0.9166666666666666,0.0,1.0,1.8823488534667232,0.5396007844797788,0.0,0.0,,,0.0,0.0,True,True,0.13845769284867235,3.7500000000000004,2.0,0.0,,E3,M0+S0,T4,1021,4.337345123291016
0.8383333333333334,0.0,1.0,3.286594087488136,0.46999999999999986,0.0,0.0,,,0.0,0.0016666666666666668,True,True,0.11328007370071344,5.116666666666667,6.0,0.0,,E3,M0+S0,T4,1022,3.7270162105560303
0.355,1.0,0.7816666666666666,0.4699999999999996,0.47000000000000025,0.0,3.0,0.0,,7.0,0.3283333333333333,False,False,0.12521736391450794,5.355555555555556,9.0,5.0,,E3,M0+S0,T4,1023,3.5845680236816406
0.785,0.0,0.9616666666666667,0.46999999999999986,0.4699999999999993,0.0,0.0,,,0.0,0.0016666666666666668,True,False,0.17762842731251194,5.180000000000001,5.0,0.0,,E3,M0+S0,T4,1024,3.8275749683380127
0.8033333333333333,0.0,0.9333333333333333,0.46999999999999964,0.4720180695330834,0.0,1.0,1.0,4.7,3.0,0.16166666666666665,True,True,0.1468606146081722,1.7125000000000001,8.0,0.0,,E3,M0+S0,T4,1025,4.4096949100494385
0.6716666666666666,0.0,0.465,0.4699999999999991,0.49606325530186957,0.0,1.0,1.0,6.5,1.0,0.075,True,False,0.16926622365760333,6.975,4.0,0.0,,E3,M0+S0,T4,1026,4.105705976486206
0.825,0.0,0.9866666666666667,0.4699999999999996,0.49585510588104714,0.0,0.0,,,0.0,0.011666666666666667,True,True,0.13758257325624587,2.6000000000000005,7.0,2.0,,E3,M0+S0,T4,1027,4.2393200397491455
0.9383333333333334,0.0,1.0,0.8728558610276322,0.49336441772337836,0.0,0.0,,,0.0,0.0,True,True,0.1350449244434425,3.4000000000000004,2.0,0.0,,E3,M0+S0,T4,1028,4.1059041023254395
0.745,0.0,0.89,0.46999999999999953,0.47569174401207287,0.0,1.0,0.0,,2.0,0.18833333333333332,False,False,0.15775446161023884,2.6999999999999997,6.0,0.0,,E3,M0+S0,T4,1029,4.402994871139526
0.6616666666666666,2.0,0.5516666666666666,0.46999999999999914,0.4819632500685142,0.0,1.0,1.0,5.300000000000001,0.0,0.03333333333333333,True,False,0.13225992595465869,3.771428571428572,7.0,4.0,,E3,M0+S0,T4,1030,4.097612142562866
0.915,0.0,1.0,1.1542685829870998,0.4999558995982358,0.0,0.0,,,0.0,0.005,True,True,0.155654500144629,4.7,4.0,1.0,,E3,M0+S0,T4,1031,3.359031915664673
0.8116666666666666,0.0,0.995,0.49152621951482073,0.4894929142481212,0.0,0.0,,,0.0,0.0033333333333333335,True,True,0.16422179426639988,4.7,3.0,0.0,,E3,M0+S0,T4,1032,3.6258738040924072
0.8383333333333334,0.0,0.99,0.4699999999999996,0.46999999999999964,0.0,5.0,0.6,5.2,5.0,0.38,False,False,0.15806979604656932,4.675000000000001,4.0,5.0,,E3,M0+S0,T4,1033,3.7967588901519775
0.58,1.0,0.9333333333333333,0.46999999999999953,0.4699999999999996,0.0,0.0,,,0.0,0.0,True,False,0.17316103142391895,10.387500000000001,8.0,0.0,,E3,M0+S0,T4,1034,3.548980951309204
0.11166666666666666,0.0,0.855,0.4699999999999995,1.653114107161296,0.0,2.0,0.0,,18.0,0.8266666666666667,False,False,0.12285021211985471,36.775,4.0,0.0,,E3,M0+S0,T4,1035,4.073431730270386
0.31666666666666665,0.0,0.975,0.46999999999999964,0.5041696467886793,0.0,3.0,0.6666666666666666,7.15,2.0,0.08833333333333333,False,False,0.08549846589069485,9.325000000000001,4.0,1.0,,E3,M0+S0,T4,1036,2.5824368000030518
0.5383333333333333,0.0,0.97,0.4699999999999997,0.46999999999999964,0.0,3.0,0.0,,6.0,0.3416666666666667,True,False,0.13460068935714015,8.176923076923076,13.0,1.0,,E3,M0+S0,T4,1037,3.4945170879364014
0.6266666666666667,0.0,0.9083333333333333,0.46999999999999903,1.2239407593361207,0.0,1.0,0.0,,7.0,0.2966666666666667,False,False,0.09600550056445045,1.9000000000000001,3.0,0.0,,E3,M0+S0,T4,1038,3.137787103652954
0.5133333333333333,0.0,0.9433333333333334,0.4699999999999993,0.47000000000000014,0.0,4.0,0.75,7.266666666666667,7.0,0.38333333333333336,True,False,0.18715385268334211,4.74,10.0,7.0,,E3,M0+S0,T4,1039,3.6478030681610107
0.785,0.0,0.81,0.46999999999999953,0.46999999999999903,0.0,0.0,,,0.0,0.0,True,False,0.1499711116323475,3.8625000000000003,8.0,0.0,,E3,M0+S0,T4,1040,3.3431448936462402
0.6116666666666667,0.0,1.0,0.6267120670136792,0.47399924784889136,0.0,0.0,,,0.0,0.0,True,False,0.16626944241261882,4.24,10.0,0.0,,E3,M0+S0,T4,1041,3.7907679080963135
0.9433333333333334,0.0,1.0,1.5375944215860062,0.7466051532129061,0.0,0.0,,,0.0,0.0,True,True,0.131372421039562,3.2,2.0,0.0,,E3,M0+S0,T4,1042,3.614396095275879
0.36333333333333334,1.0,0.84,0.4699999999999992,0.41888314131538024,0.0,3.0,0.0,,9.0,0.5033333333333333,True,False,0.10823061115263895,7.140000000000001,10.0,1.0,,E3,M0+S0,T4,1043,3.6080801486968994
0.66,1.0,0.8316666666666667,0.4699999999999996,0.48299085693396243,0.0,2.0,1.0,2.1500000000000004,1.0,0.08833333333333333,True,False,0.1975297952227543,6.828571428571429,7.0,2.0,,E3,M0+S0,T4,1044,3.480583906173706
0.8533333333333334,0.0,0.615,0.4699999999999991,0.4780631314609477,0.0,0.0,,,0.0,0.0,True,True,0.18811774593185832,4.459999999999999,5.0,0.0,,E3,M0+S0,T4,1045,3.8875250816345215
0.69,0.0,0.8066666666666666,0.4699999999999997,0.4699999999999996,0.0,1.0,1.0,10.600000000000001,4.0,0.15333333333333332,True,False,0.18463712044031375,2.4444444444444446,9.0,5.0,,E3,M0+S0,T4,1046,3.7193679809570312
1.0,0.0,0.9783333333333334,0.4699999999999998,1.1679116823282092,0.0,0.0,,,0.0,0.0,True,True,0.15780135149427058,0.0,1.0,0.0,,E3,M0+S0,T4,1047,4.665263891220093
0.4533333333333333,0.0,0.905,0.46999999999999964,0.4699999999999992,0.0,3.0,0.3333333333333333,1.8,5.0,0.285,False,False,0.15534585944042562,9.200000000000001,9.0,1.0,,E3,M0+S0,T4,1048,3.824022054672241
0.4116666666666667,0.0,0.68,0.4699999999999994,0.4700000000000001,0.0,1.0,0.0,,6.0,0.32,False,False,0.1445727277883668,4.220000000000001,5.0,0.0,,E3,M0+S0,T4,1049,4.375641107559204
0.785,0.0,1.0,,0.47041926343624135,0.0,0.0,,,0.0,0.0016666666666666668,True,False,0.15478245109081207,3.1875,8.0,0.0,,E3,M0+S0,T5,1000,3.418470859527588
0.5866666666666667,0.0,1.0,,0.4699999999999999,0.0,0.0,,,0.0,0.0,True,False,0.15615889220997287,4.622222222222223,9.0,0.0,,E3,M0+S0,T5,1001,4.128750801086426
0.6966666666666667,0.0,1.0,,0.4699999999999993,0.0,0.0,,,0.0,0.0,True,False,0.16092788268537173,4.0,9.0,0.0,,E3,M0+S0,T5,1002,3.5249338150024414
0.7816666666666666,4.0,0.8916666666666667,0.43701560199084366,0.48628083729372873,0.0,1.0,1.0,1.7000000000000002,0.0,0.0,True,False,0.1293737746456799,3.41,10.0,0.0,,E3,M0+S0,T5,1003,4.508204221725464
0.2733333333333333,0.0,0.8633333333333333,0.4699999999999993,0.47000000000000003,0.0,1.0,0.0,,4.0,0.175,True,False,0.13814230693803353,12.922222222222224,9.0,0.0,,E3,M0+S0,T5,1004,3.292142868041992
0.645,0.0,0.995,0.4733308136810235,0.47604288109596227,0.0,0.0,,,0.0,0.0,True,False,0.18152959917013473,4.0636363636363635,11.0,0.0,,E3,M0+S0,T5,1005,4.512343168258667
0.8633333333333333,0.0,1.0,,0.4954639351393489,0.0,0.0,,,0.0,0.0,True,True,0.17621378853931627,3.35,6.0,0.0,,E3,M0+S0,T5,1006,3.7717270851135254
0.7433333333333333,0.0,1.0,,0.4700000000000003,0.0,0.0,,,0.0,0.0,True,False,0.1496214465126274,4.4222222222222225,9.0,0.0,,E3,M0+S0,T5,1007,4.047865152359009
0.6166666666666667,0.0,0.8716666666666667,0.4699999999999992,0.46999999999999953,0.0,0.0,,,0.0,0.0,True,False,0.13953033948211194,4.0875,8.0,0.0,,E3,M0+S0,T5,1008,4.452277898788452
0.7533333333333333,0.0,0.9933333333333333,0.4885315406963068,0.5073355272320289,0.0,0.0,,,0.0,0.0016666666666666668,True,False,0.17633393955644622,4.0875,8.0,0.0,,E3,M0+S0,T5,1009,3.9174411296844482
0.7516666666666667,0.0,0.9533333333333334,0.4699999999999999,0.4932823851482716,0.0,0.0,,,0.0,0.01,True,False,0.17062157377577755,2.73,10.0,0.0,,E3,M0+S0,T5,1010,4.543854713439941
0.8,0.0,1.0,,0.48439438804722174,0.0,0.0,,,0.0,0.0,True,True,0.1296129025864394,4.2,8.0,0.0,,E3,M0+S0,T5,1011,3.8779730796813965
0.6066666666666667,0.0,0.9466666666666667,0.46999999999999953,0.47000000000000003,0.0,3.0,0.3333333333333333,6.5,2.0,0.06333333333333334,False,False,0.12795255671504818,6.271428571428572,7.0,0.0,,E3,M0+S0,T5,1012,3.720146894454956
0.7266666666666667,0.0,1.0,,0.4776610336470616,0.0,0.0,,,0.0,0.0016666666666666668,True,False,0.16852258244302426,3.9,8.0,0.0,,E3,M0+S0,T5,1013,3.934230089187622
0.9033333333333333,0.0,1.0,,0.4776082687434318,0.0,0.0,,,0.0,0.0,True,True,0.13679660898445445,2.0125,8.0,0.0,,E3,M0+S0,T5,1014,3.9529991149902344
0.655,0.0,0.9183333333333333,0.46999999999999964,0.4699999999999999,0.0,0.0,,,0.0,0.0016666666666666668,True,False,0.15811426147833063,6.088888888888889,9.0,0.0,,E3,M0+S0,T5,1015,4.030434846878052
0.81,0.0,1.0,2.0699187684342752,0.4783836962978232,0.0,0.0,,,0.0,0.0,True,True,0.15236743006036382,4.9,6.0,0.0,,E3,M0+S0,T5,1016,4.138480186462402
0.64,0.0,1.0,,0.4699999999999998,0.0,0.0,,,0.0,0.0,True,False,0.13262594325355795,8.757142857142858,7.0,0.0,,E3,M0+S0,T5,1017,3.945706844329834
0.5733333333333334,0.0,1.0,,0.47457365511288374,0.0,0.0,,,0.0,0.0,True,False,0.1516087771125923,5.6000000000000005,12.0,0.0,,E3,M0+S0,T5,1018,3.975105047225952
0.7416666666666667,0.0,0.9666666666666667,0.4699999999999998,0.4741094626638136,0.0,0.0,,,0.0,0.0,True,False,0.16279739273095262,2.266666666666667,6.0,0.0,,E3,M0+S0,T5,1019,4.209573030471802
0.775,0.0,1.0,,0.4938353733562736,0.0,0.0,,,0.0,0.0016666666666666668,True,False,0.17619805799235325,5.966666666666666,6.0,0.0,,E3,M0+S0,T5,1020,4.038311004638672
0.73,0.0,1.0,,0.4700000000000003,0.0,0.0,,,0.0,0.0,True,False,0.12270961135529938,4.357142857142857,7.0,0.0,,E3,M0+S0,T5,1021,4.009168863296509
0.8033333333333333,1.0,0.8783333333333333,0.46999999999999964,0.4700000000000001,0.0,0.0,,,0.0,0.0016666666666666668,True,False,0.16790922306462353,3.125,8.0,0.0,,E3,M0+S0,T5,1022,4.251166105270386
0.765,0.0,1.0,,0.47000000000000003,0.0,0.0,,,0.0,0.0,True,False,0.13235877124975398,3.5444444444444447,9.0,0.0,,E3,M0+S0,T5,1023,4.124601125717163
0.46166666666666667,0.0,0.95,0.46999999999999986,0.47000000000000014,0.0,4.0,0.0,,14.0,0.5783333333333334,False,False,0.14641079109327892,9.428571428571429,7.0,0.0,,E3,M0+S0,T5,1024,4.226125955581665
0.545,0.0,1.0,,0.46999999999999925,0.0,0.0,,,0.0,0.0,True,False,0.1461828954710177,5.828571428571428,7.0,0.0,,E3,M0+S0,T5,1025,4.505957126617432
0.8166666666666667,0.0,0.9766666666666667,0.4700000000000003,0.48967374778318035,0.0,0.0,,,0.0,0.0,True,True,0.15804236090281118,4.2,7.0,0.0,,E3,M0+S0,T5,1026,4.25786018371582
0.535,0.0,0.9933333333333333,0.4811569753166561,0.6843313534284327,0.0,1.0,0.0,,5.0,0.2816666666666667,False,False,0.11212234118724071,3.9166666666666665,6.0,0.0,,E3,M0+S0,T5,1027,4.1215410232543945
0.6166666666666667,0.0,0.95,0.4699999999999992,0.5717458158274038,0.0,2.0,0.0,,2.0,0.11833333333333333,False,False,0.11634562922882889,2.2375000000000003,8.0,0.0,,E3,M0+S0,T5,1028,3.779905080795288
0.27666666666666667,0.0,0.8716666666666667,0.4699999999999996,0.4699999999999996,0.0,1.0,0.0,,6.0,0.3466666666666667,True,False,0.10125401636149911,12.314285714285715,7.0,5.0,,E3,M0+S0,T5,1029,3.488257884979248
0.7183333333333334,0.0,1.0,0.761564658537088,0.47006307430852884,0.0,1.0,1.0,1.7000000000000002,0.0,0.013333333333333334,True,False,0.15395544424457203,3.9250000000000003,8.0,4.0,,E3,M0+S0,T5,1030,4.451815366744995
0.8316666666666667,0.0,1.0,,0.49698783591703266,0.0,0.0,,,0.0,0.0,True,True,0.16665400253738205,3.585714285714286,7.0,0.0,,E3,M0+S0,T5,1031,3.5169689655303955
0.8183333333333334,0.0,1.0,,0.48101958561151037,0.0,0.0,,,0.0,0.0,True,True,0.16520549801767206,3.528571428571429,7.0,0.0,,E3,M0+S0,T5,1032,4.348462820053101
0.6783333333333333,0.0,1.0,,0.4700000000000001,0.0,0.0,,,0.0,0.0,True,False,0.1467048506830042,4.58,10.0,0.0,,E3,M0+S0,T5,1033,3.5013370513916016
0.6266666666666667,0.0,1.0,,0.46999999999999936,0.0,0.0,,,0.0,0.0033333333333333335,True,False,0.1405435192422335,7.544444444444445,9.0,0.0,,E3,M0+S0,T5,1034,4.178122043609619
0.5583333333333333,0.0,1.0,2.187640376856943,0.4699999999999997,0.0,0.0,,,0.0,0.0016666666666666668,True,False,0.16347835128293361,6.4,11.0,0.0,,E3,M0+S0,T5,1035,3.6382946968078613
0.8816666666666667,0.0,1.0,,0.47279925938963935,0.0,0.0,,,0.0,0.0,True,True,0.15083014746325615,3.216666666666667,6.0,0.0,,E3,M0+S0,T5,1036,4.012738943099976
0.69,0.0,0.9616666666666667,0.45163304126763065,0.47000000000000014,0.0,0.0,,,0.0,0.0,True,False,0.16613820062258697,4.04,10.0,0.0,,E3,M0+S0,T5,1037,3.756112813949585
0.605,0.0,0.8516666666666667,0.4699999999999995,0.4793201843685802,0.0,3.0,0.0,,1.0,0.12333333333333334,False,False,0.16233666413488348,5.341666666666666,12.0,0.0,,E3,M0+S0,T5,1038,3.932600975036621
0.775,0.0,1.0,1.4275738460886431,0.46999999999999953,0.0,0.0,,,0.0,0.0,True,False,0.1578853442153207,3.78,10.0,0.0,,E3,M0+S0,T5,1039,3.6469550132751465
0.7783333333333333,0.0,0.99,0.47000000000000014,0.46999999999999975,0.0,1.0,0.0,,2.0,0.065,False,False,0.16693296498070287,3.0250000000000004,8.0,0.0,,E3,M0+S0,T5,1040,3.825847625732422
0.645,0.0,0.8883333333333333,0.4699999999999996,0.4850889581295366,0.0,1.0,0.0,,2.0,0.07166666666666667,False,False,0.123839425373543,5.48,10.0,0.0,,E3,M0+S0,T5,1041,3.4182379245758057
0.74,0.0,0.9416666666666667,0.45086249687340674,0.4801892952992846,0.0,1.0,0.0,,3.0,0.11166666666666666,False,False,0.12956346660456403,2.283333333333333,6.0,1.0,,E3,M0+S0,T5,1042,3.537930965423584
0.69,0.0,1.0,,0.4700000000000005,0.0,2.0,0.5,8.9,0.0,0.0,False,False,0.07842131372392877,2.2,7.0,0.0,,E3,M0+S0,T5,1043,2.767778158187866
0.635,0.0,1.0,,0.490873605642215,0.0,0.0,,,0.0,0.0,True,False,0.19136614301600216,4.95,10.0,0.0,,E3,M0+S0,T5,1044,3.348552942276001
0.7116666666666667,0.0,0.9766666666666667,0.46999999999999964,0.4945163090962956,0.0,1.0,0.0,,0.0,0.008333333333333333,False,False,0.14737052603021056,3.1,5.0,1.0,,E3,M0+S0,T5,1045,3.378584861755371
0.20333333333333334,0.0,0.86,0.4699999999999996,1.5775830000244744,0.0,1.0,0.0,,9.0,0.4216666666666667,False,False,0.12217546026389989,20.233333333333334,9.0,3.0,,E3,M0+S0,T5,1046,2.7262399196624756
0.37833333333333335,0.0,0.975,0.4733711458700076,0.8963729535637768,0.0,2.0,0.0,,8.0,0.505,False,False,0.14034694342016638,12.233333333333333,6.0,0.0,,E3,M0+S0,T5,1047,3.6537768840789795
0.7983333333333333,0.0,0.9333333333333333,0.46999999999999925,0.46999999999999964,0.0,2.0,1.0,9.15,2.0,0.085,True,False,0.14687964183611155,1.04,10.0,1.0,,E3,M0+S0,T5,1048,3.429450035095215
0.61,0.0,1.0,,0.4699999999999992,0.0,0.0,,,0.0,0.0016666666666666668,True,False,0.15335604785000395,5.022222222222222,9.0,0.0,,E3,M0+S0,T5,1049,3.5934510231018066
0.56,0.0,0.8883333333333333,0.4699999999999996,0.4699999999999995,0.0,2.0,0.5,2.1,2.0,0.11833333333333333,False,False,0.16843018161572193,8.009090909090908,11.0,5.0,,E3,M0+S0,T7,1000,3.8471627235412598
0.22666666666666666,0.0,0.55,0.4638867982132108,0.4699999999999995,0.0,1.0,0.0,,7.0,0.6166666666666667,False,False,0.14894928458722695,15.311111111111112,9.0,3.0,,E3,M0+S0,T7,1001,3.6523990631103516
0.995,0.0,1.0,,0.9936816341019251,0.0,0.0,,,0.0,0.0016666666666666668,True,True,0.11662604641352396,1.2000000000000002,2.0,0.0,,E3,M0+S0,T7,1002,3.3165061473846436
0.14166666666666666,0.0,0.8683333333333333,0.46999999999999925,0.46999999999999975,0.0,1.0,0.0,,7.0,0.3283333333333333,True,False,0.11283733911808831,21.76666666666667,9.0,0.0,,E3,M0+S0,T7,1003,2.703735828399658
0.395,0.0,0.7483333333333333,0.46999999999999925,1.0220642465677867,0.0,6.0,0.0,,8.0,0.46166666666666667,False,False,0.1450562407743704,10.333333333333332,12.0,2.0,,E3,M0+S0,T7,1004,3.4697539806365967
0.915,0.0,1.0,,0.579045822264268,0.0,0.0,,,0.0,0.0,True,True,0.133701376279911,2.5333333333333337,3.0,0.0,,E3,M0+S0,T7,1005,3.438585042953491
0.42833333333333334,0.0,0.8066666666666666,0.4699999999999996,0.5116687670977724,0.0,3.0,0.0,,3.0,0.25666666666666665,False,False,0.15238088656733073,4.5285714285714285,7.0,2.0,,E3,M0+S0,T7,1006,3.4139437675476074
0.23833333333333334,0.0,1.0,,0.46999999999999986,0.0,1.0,0.0,,0.0,0.0,True,False,0.06134161967458681,11.616666666666667,6.0,0.0,,E3,M0+S0,T7,1007,2.1327452659606934
0.585,0.0,0.8433333333333334,0.46999999999999964,1.5178377224236903,0.0,2.0,0.0,,3.0,0.25333333333333335,False,False,0.11297992823608365,10.816666666666668,6.0,3.0,,E3,M0+S0,T7,1008,3.670041084289551
0.91,0.0,0.995,0.4862611457432319,0.5239441962918807,0.0,0.0,,,0.0,0.0,True,True,0.16017714811811046,2.35,4.0,0.0,,E3,M0+S0,T7,1009,3.6481590270996094
0.43833333333333335,0.0,0.85,0.4642950908175202,0.4826931225307086,0.0,2.0,0.0,,4.0,0.23333333333333334,False,False,0.15928119797590992,10.000000000000002,7.0,1.0,,E3,M0+S0,T7,1010,3.580594062805176
0.32166666666666666,0.0,0.8633333333333333,0.46999999999999953,1.1810667220044697,0.0,3.0,0.0,,10.0,0.49833333333333335,False,False,0.10829849476349292,11.060000000000002,5.0,3.0,,E3,M0+S0,T7,1011,3.491590976715088
0.3433333333333333,1.0,0.9966666666666667,0.46999999999999975,0.6336719956099911,0.0,1.0,0.0,,10.0,0.415,True,False,0.1028439864687167,17.9,5.0,1.0,,E3,M0+S0,T7,1012,3.410120964050293
0.755,0.0,1.0,,0.4862012105650901,0.0,0.0,,,0.0,0.0016666666666666668,True,False,0.17081973183985702,4.283333333333334,6.0,0.0,,E3,M0+S0,T7,1013,3.506726026535034
0.47,0.0,0.9216666666666666,0.46999999999999914,0.46999999999999975,0.0,2.0,0.5,8.700000000000001,1.0,0.125,False,False,0.1519058641657002,12.8,8.0,1.0,,E3,M0+S0,T7,1014,3.4787659645080566
0.39666666666666667,0.0,0.9016666666666666,0.46999999999999914,1.2200665292454478,0.0,2.0,0.0,,7.0,0.3516666666666667,False,False,0.15453777147240627,26.63333333333333,6.0,1.0,,E3,M0+S0,T7,1015,3.881079912185669
0.9633333333333334,0.0,1.0,5.39436588672337,0.6948077955399238,0.0,0.0,,,0.0,0.0,True,True,0.15766331356998967,3.8000000000000003,1.0,0.0,,E3,M0+S0,T7,1016,3.4286248683929443
0.455,0.0,0.89,0.46477382127064076,0.4699999999999995,0.0,3.0,0.6666666666666666,8.700000000000001,2.0,0.18,False,False,0.16251600676062644,6.913333333333333,15.0,6.0,,E3,M0+S0,T7,1017,3.8357369899749756
0.24833333333333332,1.0,0.7216666666666667,0.46999999999999964,0.4846272357938264,0.0,2.0,0.0,,12.0,0.485,False,False,0.1197825442013915,6.5,5.0,0.0,,E3,M0+S0,T7,1018,3.192275047302246
0.44666666666666666,1.0,0.6183333333333333,0.4699999999999996,0.46999999999999953,0.0,3.0,0.0,,7.0,0.435,False,False,0.16732273036955456,8.11111111111111,9.0,3.0,,E3,M0+S0,T7,1019,4.467944860458374
0.6116666666666667,0.0,1.0,,0.47901751801490533,0.0,0.0,,,0.0,0.0,True,False,0.20411782392822714,22.033333333333335,3.0,0.0,,E3,M0+S0,T7,1020,3.299206018447876
0.775,0.0,1.0,4.828648437403845,0.4699999999999998,0.0,0.0,,,0.0,0.0016666666666666668,True,False,0.1609126775478411,4.616666666666667,6.0,0.0,,E3,M0+S0,T7,1021,3.959106683731079
0.6866666666666666,0.0,1.0,,0.46999999999999986,0.0,0.0,,,0.0,0.0016666666666666668,True,False,0.13887748014335205,8.2,5.0,0.0,,E3,M0+S0,T7,1022,3.6312997341156006
0.22833333333333333,1.0,0.6933333333333334,0.4556864312185962,0.4700000000000003,0.0,2.0,0.0,,10.0,0.5933333333333334,False,False,0.19242203954841564,12.675,8.0,2.0,,E3,M0+S0,T7,1023,4.348246097564697
0.58,1.0,0.8016666666666666,0.4699999999999991,0.47496498846167323,0.0,2.0,0.0,,1.0,0.035,False,False,0.1730627249973514,5.391666666666667,12.0,0.0,,E3,M0+S0,T7,1024,4.106308937072754
0.25,0.0,0.75,0.4699999999999991,1.1802012196895015,0.0,2.0,0.0,,9.0,0.465,False,False,0.14720190813178427,16.3,11.0,1.0,,E3,M0+S0,T7,1025,3.6851823329925537
0.7433333333333333,1.0,0.9683333333333334,0.4699999999999998,0.49884680374418533,0.0,0.0,,,0.0,0.0,True,False,0.17197090042819932,3.55,10.0,0.0,,E3,M0+S0,T7,1026,4.543394088745117
0.8183333333333334,0.0,1.0,,0.49131279834424174,0.0,0.0,,,0.0,0.0016666666666666668,True,True,0.14627617561839387,5.2,5.0,0.0,,E3,M0+S0,T7,1027,3.712120771408081
0.43333333333333335,0.0,0.8916666666666667,0.4699999999999996,0.47,0.0,2.0,0.0,,7.0,0.22833333333333333,False,False,0.10018409714851541,6.183333333333334,6.0,1.0,,E3,M0+S0,T7,1028,3.6365561485290527
1.0,0.0,1.0,0.6310607721994873,1.2537845849022375,0.0,0.0,,,0.0,0.0,True,True,0.12404428672838688,0.0,2.0,0.0,,E3,M0+S0,T7,1029,4.1397082805633545
0.8983333333333333,0.0,1.0,,0.4711046195497637,0.0,0.0,,,0.0,0.0016666666666666668,True,True,0.16221267665099692,4.35,4.0,0.0,,E3,M0+S0,T7,1030,3.650336980819702
1.0,0.0,1.0,,1.0409523688377038,0.0,0.0,,,0.0,0.0033333333333333335,True,True,0.15687407690178373,0.0,3.0,0.0,,E3,M0+S0,T7,1031,3.4388620853424072
0.31166666666666665,0.0,0.9516666666666667,0.4699999999999994,0.7260918716977645,0.0,1.0,0.0,,5.0,0.29333333333333333,True,False,0.09702766199031412,5.166666666666667,3.0,0.0,,E3,M0+S0,T7,1032,3.2100300788879395
0.7983333333333333,0.0,0.9766666666666667,0.47489281543296413,0.5252345582033534,0.0,2.0,0.0,,0.0,0.07833333333333334,False,False,0.14495179474759967,2.9000000000000004,2.0,0.0,,E3,M0+S0,T7,1033,4.058752059936523
0.5283333333333333,0.0,0.9283333333333333,0.4699999999999991,0.47,0.0,2.0,0.0,,3.0,0.14333333333333334,False,False,0.14762638812872558,5.8500000000000005,10.0,1.0,,E3,M0+S0,T7,1034,3.760183811187744
0.33,0.0,0.6316666666666667,0.4699999999999999,0.5596815751739325,0.0,1.0,0.0,,9.0,0.525,False,False,0.13350498461139243,16.05,8.0,1.0,,E3,M0+S0,T7,1035,4.017667055130005
1.0,0.0,0.9733333333333334,0.4699999999999999,1.0846883647506262,0.0,0.0,,,0.0,0.0,True,True,0.14548413959965062,0.0,3.0,0.0,,E3,M0+S0,T7,1036,3.7498838901519775
0.805,0.0,0.9666666666666667,0.46999999999999964,0.47671589080405935,0.0,0.0,,,0.0,0.0016666666666666668,True,True,0.1501629892890208,2.877777777777778,9.0,0.0,,E3,M0+S0,T7,1037,3.66353702545166
0.6866666666666666,1.0,0.77,0.46999999999999936,0.47933139731373486,0.0,0.0,,,0.0,0.0,True,False,0.15402640841728363,4.144444444444444,9.0,1.0,,E3,M0+S0,T7,1038,4.0782928466796875
0.615,0.0,0.9233333333333333,0.4618000781869047,0.4700000000000001,0.0,0.0,,,0.0,0.013333333333333334,True,False,0.1575541440517698,4.6461538461538465,13.0,4.0,,E3,M0+S0,T7,1039,3.8412578105926514
0.335,0.0,0.7666666666666667,0.4699999999999989,0.4699999999999994,0.0,1.0,0.0,,8.0,0.405,True,False,0.16901965998961044,10.026666666666667,15.0,1.0,,E3,M0+S0,T7,1040,3.6998279094696045
0.9416666666666667,0.0,1.0,0.7205636124713021,0.8615348856279514,0.0,0.0,,,0.0,0.0033333333333333335,True,True,0.16948324354050537,3.3000000000000003,2.0,0.0,,E3,M0+S0,T7,1041,3.793610095977783
0.79,0.0,1.0,0.5224798415432882,0.7141693393874489,0.0,2.0,0.5,11.0,6.0,0.505,True,False,0.11294376045048633,2.6500000000000004,6.0,5.0,,E3,M0+S0,T7,1042,3.6794509887695312
0.24833333333333332,0.0,0.9533333333333334,0.46999999999999953,0.4699999999999996,0.0,5.0,0.2,9.5,7.0,0.395,True,False,0.14550917322087936,7.477777777777779,9.0,3.0,,E3,M0+S0,T7,1043,3.504009962081909
0.44666666666666666,0.0,0.7183333333333334,0.4699999999999992,0.4892105462356359,0.0,2.0,0.0,,4.0,0.34,False,False,0.1823737273367069,6.970000000000001,10.0,5.0,,E3,M0+S0,T7,1044,3.6663918495178223
0.5,0.0,0.8083333333333333,0.46151228567986596,0.8651706807646086,0.0,1.0,0.0,,5.0,0.37333333333333335,False,False,0.14961618212315242,10.642857142857142,7.0,3.0,,E3,M0+S0,T7,1045,3.771036148071289
0.7483333333333333,0.0,1.0,3.0491611043219278,0.46999999999999936,0.0,0.0,,,0.0,0.0,True,False,0.1792066289540444,4.6000000000000005,7.0,0.0,,E3,M0+S0,T7,1046,3.6950161457061768
0.925,0.0,0.9833333333333333,0.46999999999999986,0.5767620228617527,0.0,0.0,,,0.0,0.0033333333333333335,True,True,0.1586672904925634,4.5,1.0,0.0,,E3,M0+S0,T7,1047,3.7405247688293457
0.3933333333333333,0.0,0.95,0.46999999999999975,1.1192388447694361,0.0,3.0,0.0,,11.0,0.555,False,False,0.13900979294717264,4.8,3.0,0.0,,E3,M0+S0,T7,1048,3.805428981781006
0.9183333333333333,0.0,1.0,,0.5162173598002253,0.0,0.0,,,0.0,0.0,True,True,0.1351319940213656,2.075,4.0,0.0,,E3,M0+S0,T7,1049,3.2721710205078125
0.9383333333333334,0.0,1.0,0.7767001095748557,0.5242816291354353,0.0,0.0,,,0.0,0.0,True,True,0.1519764351497825,4.5,1.0,0.0,,E3,M1+S0,T3,1000,3.6501410007476807
0.9566666666666667,0.0,1.0,0.5086670762665904,0.7270761972114844,0.0,0.0,,,0.0,0.0,True,True,0.18916287514526503,1.5333333333333334,3.0,0.0,,E3,M1+S0,T3,1001,3.569227933883667
0.965,0.0,1.0,0.7245273134892924,0.6343075214820024,0.0,0.0,,,0.0,0.0,True,True,0.1492313225896509,1.5,2.0,0.0,,E3,M1+S0,T3,1002,3.6276280879974365
0.91,0.0,0.9433333333333334,0.4699999999999992,0.4928729661443815,0.0,0.0,,,0.0,0.0,True,True,0.16355834537194877,1.4125,8.0,1.0,,E3,M1+S0,T3,1003,3.8609390258789062
0.8383333333333334,0.0,1.0,0.7084694529411252,0.4699999999999997,0.0,0.0,,,0.0,0.0,True,True,0.1648352178643219,4.42,5.0,1.0,,E3,M1+S0,T3,1004,3.605382204055786
0.275,0.0,0.9766666666666667,0.47000000000000014,1.6435200699167687,0.0,3.0,0.3333333333333333,7.7,0.0,0.0,False,False,0.048336855111681905,17.7,2.0,1.0,,E3,M1+S0,T3,1005,2.2618248462677
,,,,,,,,,,,,,,,,,RuntimeError('T3 seed 1006: no straight run found'),E3,M1+S0,T3,1006,0.26879215240478516
0.9833333333333333,0.0,1.0,0.5786774209931066,0.9671946105405234,0.0,0.0,,,0.0,0.0,True,True,0.17046374283872337,2.5,1.0,0.0,,E3,M1+S0,T3,1007,3.950981855392456
0.88,0.0,0.9683333333333334,0.4699999999999995,0.4700000000000002,0.0,0.0,,,0.0,0.0,True,True,0.17974946777361764,3.88,5.0,4.0,,E3,M1+S0,T3,1008,3.4087722301483154
0.15666666666666668,0.0,0.9916666666666667,0.4700000000000004,0.8089789317084326,0.0,6.0,0.0,,6.0,0.3333333333333333,False,False,0.034099136271201695,14.775,4.0,1.0,,E3,M1+S0,T3,1009,2.593719005584717
0.11666666666666667,0.0,1.0,0.8043313219606316,1.1229380958768111,0.0,5.0,0.0,,3.0,0.13666666666666666,False,False,0.035840045341928965,28.100000000000005,3.0,0.0,,E3,M1+S0,T3,1010,1.9236259460449219
0.8983333333333333,0.0,1.0,0.8603116545293185,0.46999999999999914,0.0,0.0,,,0.0,0.0,True,True,0.17316037642289972,4.133333333333334,3.0,0.0,,E3,M1+S0,T3,1011,3.8848519325256348
0.92,1.0,1.0,1.2578509437090966,0.4700000000000003,0.0,0.0,,,0.0,0.0,True,False,0.1663979931829307,4.6,2.0,0.0,,E3,M1+S0,T3,1012,3.8603389263153076
0.9316666666666666,0.0,1.0,1.1334458152233724,0.47000000000000086,0.0,0.0,,,0.0,0.0,True,True,0.15421432861414422,2.5333333333333337,3.0,0.0,,E3,M1+S0,T3,1013,3.5346992015838623
0.9633333333333334,0.0,1.0,0.707023106407723,0.7315746999981619,0.0,0.0,,,0.0,0.0,True,True,0.15899315529084818,3.3000000000000003,1.0,0.0,,E3,M1+S0,T3,1014,3.7433629035949707
0.97,0.0,1.0,1.8191381789948575,0.7029642813816124,0.0,0.0,,,0.0,0.0,True,True,0.15059879438284615,0.62,5.0,0.0,,E3,M1+S0,T3,1015,3.689926862716675
0.9116666666666666,0.0,1.0,0.621179472739842,0.5062313755917066,0.0,0.0,,,0.0,0.0,True,True,0.16964904081079385,1.55,4.0,1.0,,E3,M1+S0,T3,1016,3.830932855606079
0.9333333333333333,0.0,1.0,1.102987709423082,0.5331881619199004,0.0,0.0,,,0.0,0.0,True,True,0.17012742623074284,5.0,1.0,2.0,,E3,M1+S0,T3,1017,3.808232069015503
0.675,0.0,1.0,0.9545393174766411,0.46999999999999986,0.0,1.0,1.0,5.2,0.0,0.0,True,False,0.11546999344093473,4.416666666666667,6.0,3.0,,E3,M1+S0,T3,1018,3.513982057571411
0.92,0.0,1.0,1.3133470917637895,0.507155081111266,0.0,0.0,,,0.0,0.0,True,True,0.1709809522460791,5.6000000000000005,1.0,0.0,,E3,M1+S0,T3,1019,3.970428943634033
0.9233333333333333,0.0,1.0,0.7232591050942138,0.5172547390604147,0.0,0.0,,,0.0,0.0,True,True,0.17927791640172486,2.9000000000000004,2.0,0.0,,E3,M1+S0,T3,1020,3.7129268646240234
0.9466666666666667,0.0,1.0,1.3100802811505214,0.570966605890528,0.0,0.0,,,0.0,0.0,True,True,0.18889712937712697,4.1000000000000005,1.0,0.0,,E3,M1+S0,T3,1021,4.191723108291626
1.0,0.0,1.0,0.5274623753247449,1.3164772292198574,0.0,0.0,,,0.0,0.0,True,True,0.19198774959531587,,0.0,0.0,,E3,M1+S0,T3,1022,3.728559970855713
0.9083333333333333,0.0,1.0,0.9379921868298204,0.5112811009759257,0.0,0.0,,,0.0,0.0,True,True,0.17666165747020157,3.3000000000000003,2.0,1.0,,E3,M1+S0,T3,1023,3.9126737117767334
0.14166666666666666,0.0,1.0,1.593626201709561,0.839306069678935,0.0,4.0,0.0,,2.0,0.095,False,False,0.01011338733328562,13.200000000000001,3.0,3.0,,E3,M1+S0,T3,1024,1.791727066040039
0.9483333333333334,0.0,1.0,1.1973118203510789,0.5051957526747766,0.0,0.0,,,0.0,0.0,True,True,0.14547277052771143,2.0500000000000003,2.0,1.0,,E3,M1+S0,T3,1025,3.7947769165039062
0.85,0.0,0.995,0.47000000000000014,0.5092684146104237,0.0,2.0,1.0,10.2,0.0,0.0,True,True,0.11355647349606837,7.500000000000002,5.0,3.0,,E3,M1+S0,T3,1026,3.3957266807556152
0.81,0.0,1.0,1.3340659099698546,0.46999999999999953,0.0,0.0,,,0.0,0.0,True,True,0.17000985491398188,3.5571428571428574,7.0,0.0,,E3,M1+S0,T3,1027,3.8778600692749023
0.9666666666666667,0.0,0.8483333333333334,0.4699999999999993,0.8352065483976217,0.0,0.0,,,0.0,0.0,True,True,0.15631920581148487,1.3833333333333335,6.0,7.0,,E3,M1+S0,T3,1028,3.6423580646514893
0.9916666666666667,0.0,1.0,1.5197868092006555,0.9716842462339671,0.0,0.0,,,0.0,0.0,True,True,0.18561376044157687,1.6666666666666667,3.0,3.0,,E3,M1+S0,T3,1029,3.8111040592193604
0.8966666666666666,0.0,0.9766666666666667,0.4699999999999997,0.49472388803572553,0.0,0.0,,,0.0,0.0,True,True,0.15378876313940426,3.9000000000000004,2.0,0.0,,E3,M1+S0,T3,1030,3.5644612312316895
0.935,0.0,1.0,0.5707777373116396,0.5633818491605501,0.0,1.0,1.0,1.7000000000000002,0.0,0.0,True,True,0.1643691055364474,2.2,2.0,0.0,,E3,M1+S0,T3,1031,3.7274081707000732
0.9316666666666666,0.0,1.0,1.1839787736996834,0.527615547025452,0.0,0.0,,,0.0,0.0,True,True,0.16389999860107213,1.9333333333333336,3.0,2.0,,E3,M1+S0,T3,1032,3.788058042526245
0.975,0.0,1.0,0.7173342702334871,0.8345156717374453,0.0,0.0,,,0.0,0.0,True,True,0.17273284474296194,2.7,1.0,0.0,,E3,M1+S0,T3,1033,3.6685969829559326
1.0,0.0,1.0,0.8226169754542242,1.2200369259224908,0.0,0.0,,,0.0,0.0,True,True,0.14649371418141252,0.0,2.0,0.0,,E3,M1+S0,T3,1034,3.78835391998291
0.9533333333333334,0.0,1.0,1.642564648454404,0.548752846715475,0.0,0.0,,,0.0,0.0,True,True,0.15201901151887737,1.2,3.0,0.0,,E3,M1+S0,T3,1035,3.7526636123657227
0.9666666666666667,0.0,0.9883333333333333,0.46999999999999975,0.6680915787459878,0.0,0.0,,,0.0,0.0,True,True,0.144908880834298,0.675,4.0,1.0,,E3,M1+S0,T3,1036,3.6232681274414062
0.8783333333333333,0.0,1.0,0.7435696859447649,0.47781056059061017,0.0,0.0,,,0.0,0.0,True,True,0.15415059471993772,4.550000000000001,2.0,0.0,,E3,M1+S0,T3,1037,3.654772996902466
0.9683333333333334,0.0,1.0,1.6728769181832392,0.8312430626094811,0.0,0.0,,,0.0,0.0,True,True,0.1425911932806665,1.55,2.0,0.0,,E3,M1+S0,T3,1038,3.78076434135437
0.965,0.0,0.9916666666666667,0.46999999999999986,0.7955948464951799,0.0,0.0,,,0.0,0.0,True,True,0.14575144254260897,1.4500000000000002,2.0,0.0,,E3,M1+S0,T3,1039,3.6463911533355713
0.9433333333333334,0.0,1.0,1.4005850107136464,0.6163826580431333,0.0,0.0,,,0.0,0.0,True,True,0.18459031874327325,4.5,1.0,0.0,,E3,M1+S0,T3,1040,4.040276050567627
0.9133333333333333,0.0,0.9066666666666666,0.46999999999999953,0.9586283347665969,0.0,1.0,0.0,,0.0,0.0,False,False,0.12637236196784002,2.966666666666667,3.0,2.0,,E3,M1+S0,T3,1041,3.594317674636841
0.78,1.0,0.9866666666666667,0.46999999999999975,0.5518611709713475,0.0,1.0,0.0,,0.0,0.0,False,False,0.11739470710146721,3.4000000000000004,1.0,0.0,,E3,M1+S0,T3,1042,3.448984146118164
0.9233333333333333,0.0,0.935,0.4699999999999988,0.8600850869208394,0.0,1.0,0.0,,0.0,0.0,False,False,0.14367935217032035,0.56,5.0,3.0,,E3,M1+S0,T3,1043,3.819053888320923
0.915,1.0,0.9516666666666667,0.46999999999999914,0.5565397863243385,0.0,0.0,,,0.0,0.0,True,False,0.15693841405126419,5.65,2.0,0.0,,E3,M1+S0,T3,1044,3.760686159133911
0.8733333333333333,0.0,1.0,1.1563197911197813,0.5011028756271045,0.0,0.0,,,0.0,0.0,True,True,0.1736622716128519,2.85,4.0,1.0,,E3,M1+S0,T3,1045,3.825716257095337
0.85,0.0,1.0,1.1817578753427358,0.5009216296828036,0.0,0.0,,,0.0,0.0,True,True,0.17549000826990885,4.6000000000000005,5.0,4.0,,E3,M1+S0,T3,1046,3.776115894317627
0.945,0.0,1.0,1.0876935195122026,0.5163003942142983,0.0,0.0,,,0.0,0.0,True,True,0.13892822541216734,1.366666666666667,3.0,4.0,,E3,M1+S0,T3,1047,3.605156898498535
0.96,0.0,1.0,0.8098610078347196,0.713334651860191,0.0,0.0,,,0.0,0.0,True,True,0.1751526966316421,0.925,4.0,0.0,,E3,M1+S0,T3,1048,3.913116216659546
0.9033333333333333,0.0,1.0,0.8975613515288359,0.47639333520481847,0.0,0.0,,,0.0,0.0,True,True,0.17050584316614487,3.3000000000000003,3.0,0.0,,E3,M1+S0,T3,1049,3.8238160610198975
0.9616666666666667,0.0,0.955,0.4699999999999994,0.7001801654545976,0.0,0.0,,,0.0,0.0,True,True,0.16753693734153105,2.0,3.0,0.0,,E3,M1+S0,T4,1000,3.9770431518554688
0.2866666666666667,0.0,0.8666666666666667,0.4699999999999994,1.204394819164253,0.0,3.0,0.0,,0.0,0.0,False,False,0.035310468540107824,7.4,10.0,0.0,,E3,M1+S0,T4,1001,1.963798999786377
0.915,0.0,1.0,2.2540704631132944,0.47,0.0,0.0,,,0.0,0.0,True,True,0.1541434978648304,2.7,5.0,0.0,,E3,M1+S0,T4,1002,3.767606019973755
0.8916666666666667,0.0,0.9966666666666667,0.4822901468939918,0.4700000000000006,0.0,0.0,,,0.0,0.0,True,True,0.13749795799334819,3.8333333333333335,3.0,0.0,,E3,M1+S0,T4,1003,3.7711308002471924
0.26166666666666666,0.0,0.875,0.4699999999999995,0.4829724483355116,0.0,1.0,0.0,,0.0,0.0,True,False,0.04249727668297297,13.053333333333335,15.0,0.0,,E3,M1+S0,T4,1004,2.172657012939453
0.38166666666666665,0.0,0.9483333333333334,0.4699999999999996,1.323471926953663,0.0,4.0,1.0,11.0,0.0,0.0,True,False,0.03945936236631399,9.985714285714286,7.0,1.0,,E3,M1+S0,T4,1005,2.5131278038024902
0.9116666666666666,0.0,0.9233333333333333,0.46999999999999986,0.639143329431218,0.0,0.0,,,0.0,0.0,True,True,0.19956365182499314,1.5400000000000003,5.0,1.0,,E3,M1+S0,T4,1006,3.890207052230835
0.7833333333333333,0.0,1.0,1.1040720130036683,0.4699999999999999,0.0,0.0,,,0.0,0.0,True,False,0.14786266248410815,5.766666666666667,6.0,0.0,,E3,M1+S0,T4,1007,3.880207061767578
0.365,0.0,0.4116666666666667,0.4699999999999995,0.4699999999999996,0.0,1.0,0.0,,0.0,0.0,True,False,0.09331595379287036,5.19,10.0,2.0,,E3,M1+S0,T4,1008,2.9664618968963623
0.83,0.0,0.955,0.4590116052082554,0.4972578074543793,0.0,0.0,,,0.0,0.0,True,True,0.17733873842388864,7.2,4.0,0.0,,E3,M1+S0,T4,1009,3.771462917327881
0.9883333333333333,0.0,1.0,4.417685632022191,0.9823528463859825,0.0,0.0,,,0.0,0.0,True,True,0.15387099613942845,2.1,1.0,0.0,,E3,M1+S0,T4,1010,3.838568925857544
0.9583333333333334,0.0,1.0,2.8900887119399554,0.6880976991455328,0.0,0.0,,,0.0,0.0,True,True,0.17510383942300073,1.2,3.0,0.0,,E3,M1+S0,T4,1011,3.737762928009033
0.5966666666666667,0.0,0.9733333333333334,0.46999999999999953,0.47000000000000003,0.0,0.0,,,0.0,0.0,True,False,0.14568452534582707,7.275,8.0,2.0,,E3,M1+S0,T4,1012,3.6888370513916016
0.6833333333333333,0.0,0.98,0.4700000000000008,0.47000000000000014,0.0,0.0,,,0.0,0.0,True,False,0.1519200067287828,6.03,10.0,0.0,,E3,M1+S0,T4,1013,3.8087522983551025
0.895,0.0,0.9583333333333334,0.46999999999999975,0.49876730231391553,0.0,0.0,,,0.0,0.0,True,True,0.19144233803014035,2.96,5.0,0.0,,E3,M1+S0,T4,1014,3.80908203125
0.5766666666666667,0.0,0.9866666666666667,0.46999999999999986,0.4699999999999998,0.0,1.0,1.0,6.2,0.0,0.0,True,False,0.14014700521919524,4.228571428571429,7.0,0.0,,E3,M1+S0,T4,1015,3.8787319660186768
0.7866666666666666,0.0,1.0,1.1362237259158188,0.4728652489331716,0.0,0.0,,,0.0,0.0,True,False,0.18481899064846882,6.95,6.0,0.0,,E3,M1+S0,T4,1016,3.8593649864196777
0.5333333333333333,0.0,0.955,0.46999999999999964,0.5060121868114319,0.0,1.0,0.0,,0.0,0.0,True,False,0.10307506647659166,2.0545454545454547,11.0,3.0,,E3,M1+S0,T4,1017,2.8747398853302
0.9783333333333334,0.0,0.9716666666666667,0.46999999999999936,0.9104099645859153,0.0,0.0,,,0.0,0.0,True,True,0.15155820904965608,0.5333333333333333,6.0,1.0,,E3,M1+S0,T4,1018,3.66566801071167
0.5716666666666667,0.0,0.8266666666666667,0.4699999999999999,0.46999999999999964,0.0,1.0,0.0,,0.0,0.0,False,False,0.10816964784521177,9.500000000000002,5.0,0.0,,E3,M1+S0,T4,1019,3.5467991828918457
0.73,0.0,0.6216666666666667,0.4550211590655873,0.5072293337162522,0.0,2.0,1.0,2.95,0.0,0.0,True,False,0.14953485079351914,4.6000000000000005,6.0,0.0,,E3,M1+S0,T4,1020,3.3352367877960205
0.9166666666666666,0.0,1.0,1.7008113284399267,0.5396007844797788,0.0,0.0,,,0.0,0.0,True,True,0.16849580998318603,3.7500000000000004,2.0,0.0,,E3,M1+S0,T4,1021,4.4761598110198975
0.8416666666666667,0.0,1.0,3.286594087488136,0.4699999999999993,0.0,0.0,,,0.0,0.0,True,True,0.12340303668532827,6.5,3.0,0.0,,E3,M1+S0,T4,1022,3.6265618801116943
0.7416666666666667,2.0,0.5183333333333333,0.43499555284146535,0.47,0.0,1.0,1.0,1.2000000000000002,0.0,0.0,True,False,0.1487173109607162,3.5083333333333333,12.0,9.0,,E3,M1+S0,T4,1023,4.617549180984497
0.7866666666666666,0.0,0.9583333333333334,0.47000000000000003,0.46999999999999986,0.0,0.0,,,0.0,0.0,True,False,0.16517003053140003,4.216666666666668,6.0,0.0,,E3,M1+S0,T4,1024,4.209287166595459
0.03333333333333333,0.0,1.0,1.0174225448412508,1.385780336185597,0.0,5.0,0.0,,0.0,0.07333333333333333,False,False,0.01318864774624374,25.58571428571429,7.0,0.0,,E3,M1+S0,T4,1025,2.4244139194488525
0.755,0.0,0.585,0.4699999999999988,0.534634071959328,0.0,1.0,1.0,8.3,0.0,0.0,True,False,0.11322810707863319,6.6000000000000005,1.0,0.0,,E3,M1+S0,T4,1026,4.261098861694336
0.825,0.0,0.99,0.46999999999999975,0.49585510588104714,0.0,0.0,,,0.0,0.0,True,True,0.13652148649713555,2.6000000000000005,7.0,2.0,,E3,M1+S0,T4,1027,4.506754159927368
0.9416666666666667,0.0,1.0,0.7610637817979079,0.5347443713482919,0.0,0.0,,,0.0,0.0,True,True,0.14683980647029796,4.6000000000000005,1.0,0.0,,E3,M1+S0,T4,1028,4.671987295150757
0.7183333333333334,0.0,0.875,0.46999999999999953,0.47569174401207287,0.0,1.0,0.0,,0.0,0.0,False,False,0.12592187025385504,2.6999999999999997,6.0,0.0,,E3,M1+S0,T4,1029,3.8016791343688965
0.825,1.0,0.5566666666666666,0.46999999999999914,0.4819632500685142,0.0,0.0,,,0.0,0.0,True,False,0.14439089203625935,3.7285714285714286,7.0,4.0,,E3,M1+S0,T4,1030,4.580687761306763
0.88,0.0,1.0,1.1319747753781977,0.5164305344783011,0.0,0.0,,,0.0,0.0,True,True,0.20996189994573022,4.05,6.0,1.0,,E3,M1+S0,T4,1031,4.252002000808716
0.76,0.0,1.0,0.5004628561406836,0.4749043083822892,0.0,0.0,,,0.0,0.0,True,False,0.16933214400770524,7.15,4.0,0.0,,E3,M1+S0,T4,1032,4.628857851028442
0.87,0.0,0.9383333333333334,0.4605212914471242,0.46999999999999986,0.0,3.0,0.6666666666666666,5.2,7.0,0.37166666666666665,True,True,0.15937143596533104,3.0500000000000003,4.0,5.0,,E3,M1+S0,T4,1033,4.220386981964111
0.505,0.0,0.9233333333333333,0.46999999999999936,0.4699999999999997,0.0,1.0,0.0,,0.0,0.0,False,False,0.1105997053691662,4.977777777777778,9.0,0.0,,E3,M1+S0,T4,1034,3.4783198833465576
0.3433333333333333,0.0,1.0,0.5115746341964883,0.9199295694310379,0.0,4.0,0.75,8.433333333333334,0.0,0.0,False,False,0.05155775526722317,9.675,4.0,3.0,,E3,M1+S0,T4,1035,2.6673970222473145
0.865,0.0,0.9683333333333334,0.4699999999999997,0.5041696467886793,0.0,0.0,,,0.0,0.0,True,True,0.21302621768558683,3.233333333333334,3.0,1.0,,E3,M1+S0,T4,1036,4.460112810134888
0.465,0.0,1.0,0.6999369241231652,0.5936428311040794,0.0,4.0,0.0,,0.0,0.0,False,False,0.07647092681670499,4.190909090909091,11.0,1.0,,E3,M1+S0,T4,1037,2.888847827911377
0.5433333333333333,0.0,0.9183333333333333,0.4699999999999992,1.2239407593361207,0.0,1.0,0.0,,0.0,0.0,False,False,0.07035641646667824,7.75,2.0,0.0,,E3,M1+S0,T4,1038,2.850775718688965
0.6716666666666666,0.0,1.0,0.512289668866754,0.5021824846300682,0.0,4.0,0.25,8.3,1.0,0.045,False,False,0.11953007070029674,2.23,10.0,6.0,,E3,M1+S0,T4,1039,3.1527822017669678
0.7466666666666667,0.0,0.73,0.4699999999999993,0.4699999999999997,0.0,0.0,,,0.0,0.0,True,False,0.1426245281076934,4.45,8.0,0.0,,E3,M1+S0,T4,1040,3.9541501998901367
0.5483333333333333,0.0,1.0,1.022830356285415,0.4700000000000003,0.0,0.0,,,0.0,0.0,True,False,0.21010148097896203,6.466666666666666,12.0,0.0,,E3,M1+S0,T4,1041,4.135956048965454
0.9433333333333334,0.0,1.0,1.336836360187427,0.7466051532129061,0.0,0.0,,,0.0,0.0,True,True,0.1370260942407491,3.2,2.0,0.0,,E3,M1+S0,T4,1042,3.7150800228118896
0.29333333333333333,0.0,0.9383333333333334,0.4700000000000003,0.4699999999999997,0.0,1.0,0.0,,0.0,0.0,True,False,0.07655371710102232,3.1833333333333336,6.0,1.0,,E3,M1+S0,T4,1043,2.5099430084228516
0.6883333333333334,0.0,0.995,0.4946422280932996,0.4981329854206728,0.0,3.0,1.0,7.133333333333333,0.0,0.0,True,False,0.1651063561606742,3.7666666666666675,9.0,1.0,,E3,M1+S0,T4,1044,3.3668859004974365
0.735,0.0,0.9283333333333333,0.46999999999999925,0.484992175851437,0.0,1.0,1.0,1.3,0.0,0.0,True,False,0.24192232937860653,4.6875,8.0,0.0,,E3,M1+S0,T4,1045,3.747526168823242
0.615,0.0,0.7516666666666667,0.46999999999999964,0.47061856065468305,0.0,3.0,1.0,6.333333333333333,0.0,0.0,True,False,0.13614697041676055,2.5461538461538464,13.0,2.0,,E3,M1+S0,T4,1046,3.0519819259643555
1.0,0.0,0.9783333333333334,0.4699999999999998,1.1679116823282092,0.0,0.0,,,0.0,0.0,True,True,0.15780135149427058,0.0,1.0,0.0,,E3,M1+S0,T4,1047,3.857309341430664
0.725,1.0,1.0,0.5129918864787287,0.4699999999999997,0.0,0.0,,,0.0,0.0,True,False,0.15720907492185904,6.242857142857143,7.0,0.0,,E3,M1+S0,T4,1048,3.8707971572875977
0.26166666666666666,0.0,0.9633333333333334,0.47148826514829806,0.46999999999999914,0.0,0.0,,,0.0,0.0,True,False,0.15153234097332474,11.366666666666667,6.0,0.0,,E3,M1+S0,T4,1049,3.5195817947387695
0.7816666666666666,0.0,1.0,,0.47041926343624135,0.0,0.0,,,0.0,0.0,True,False,0.15805830084682673,3.1125000000000003,8.0,0.0,,E3,M1+S0,T5,1000,3.5396199226379395
0.5866666666666667,0.0,1.0,,0.4699999999999999,0.0,0.0,,,0.0,0.0,True,False,0.15615889220997287,4.622222222222223,9.0,0.0,,E3,M1+S0,T5,1001,3.4918618202209473
0.71,0.0,1.0,,0.4699999999999993,0.0,0.0,,,0.0,0.0,True,False,0.1534344464419632,4.26,10.0,0.0,,E3,M1+S0,T5,1002,3.5886731147766113
0.79,4.0,0.8866666666666667,0.43701560199084366,0.48628083729372873,0.0,0.0,,,0.0,0.0,True,False,0.132239410413977,3.21,10.0,0.0,,E3,M1+S0,T5,1003,3.634385108947754
0.7083333333333334,0.0,0.975,0.4699999999999995,0.47,0.0,0.0,,,0.0,0.0,True,False,0.15434994229050536,2.866666666666667,9.0,1.0,,E3,M1+S0,T5,1004,3.774074077606201
0.48833333333333334,0.0,0.99,0.4733308136810235,0.4700000000000004,0.0,4.0,1.0,9.95,0.0,0.0,True,False,0.1100247626975227,4.0928571428571425,14.0,1.0,,E3,M1+S0,T5,1005,2.8913609981536865
0.8316666666666667,0.0,1.0,,0.5011300243901861,0.0,0.0,,,0.0,0.0,True,True,0.1786228088738316,2.54,5.0,0.0,,E3,M1+S0,T5,1006,3.615453004837036
0.5683333333333334,0.0,1.0,,0.4699999999999996,0.0,0.0,,,0.0,0.0,True,False,0.12334798791560699,7.777777777777778,9.0,0.0,,E3,M1+S0,T5,1007,3.3472399711608887
0.6433333333333333,0.0,0.8733333333333333,0.46999999999999925,0.4699999999999994,0.0,0.0,,,0.0,0.0,True,False,0.14970625485364789,4.055555555555555,9.0,0.0,,E3,M1+S0,T5,1008,3.6184380054473877
0.8333333333333334,0.0,1.0,0.5128139100095751,0.48510664263775477,0.0,0.0,,,0.0,0.0,True,True,0.1617834354005118,3.9125000000000005,8.0,0.0,,E3,M1+S0,T5,1009,3.6399030685424805
0.6483333333333333,0.0,0.9766666666666667,0.4699999999999999,0.47096338265870036,0.0,0.0,,,0.0,0.0,True,False,0.1875341469502372,4.4,10.0,4.0,,E3,M1+S0,T5,1010,3.7023837566375732
0.8066666666666666,0.0,1.0,,0.4776981237735004,0.0,0.0,,,0.0,0.0,True,True,0.1473433003877969,4.2,8.0,0.0,,E3,M1+S0,T5,1011,3.30912709236145
0.8116666666666666,0.0,0.9916666666666667,0.4699999999999999,0.46999999999999986,0.0,0.0,,,0.0,0.0,True,True,0.1359097291882922,2.12,10.0,0.0,,E3,M1+S0,T5,1012,3.685495138168335
0.72,0.0,1.0,,0.4705893753879415,0.0,0.0,,,0.0,0.0,True,False,0.1792840760545687,3.9000000000000004,9.0,0.0,,E3,M1+S0,T5,1013,3.543119192123413
0.8983333333333333,0.0,1.0,,0.4776082687434318,0.0,0.0,,,0.0,0.0,True,True,0.14381740624094444,2.125,8.0,0.0,,E3,M1+S0,T5,1014,3.5958831310272217
0.6516666666666666,0.0,0.9166666666666666,0.46999999999999964,0.47000000000000003,0.0,0.0,,,0.0,0.0,True,False,0.15944505685109564,4.416666666666667,6.0,0.0,,E3,M1+S0,T5,1015,3.593320846557617
0.8666666666666667,0.0,1.0,2.2385553007705212,0.48409894261282704,0.0,0.0,,,0.0,0.0,True,True,0.17437304037245305,3.0400000000000005,5.0,0.0,,E3,M1+S0,T5,1016,3.772791862487793
0.6233333333333333,0.0,1.0,,0.4700000000000001,0.0,0.0,,,0.0,0.0,True,False,0.1680819820083918,9.983333333333334,6.0,0.0,,E3,M1+S0,T5,1017,3.684558153152466
0.6216666666666667,0.0,1.0,,0.4715856418716133,0.0,0.0,,,0.0,0.0,True,False,0.17169236593223766,3.9083333333333337,12.0,0.0,,E3,M1+S0,T5,1018,3.49550199508667
0.7733333333333333,0.0,0.9666666666666667,0.4699999999999998,0.4740761195655014,0.0,0.0,,,0.0,0.0,True,False,0.17689168700848007,2.777777777777778,9.0,0.0,,E3,M1+S0,T5,1019,3.8027400970458984
0.81,0.0,1.0,,0.49055696930036785,0.0,0.0,,,0.0,0.0,True,True,0.19733658214333427,5.233333333333333,6.0,0.0,,E3,M1+S0,T5,1020,3.533504009246826
0.5516666666666666,0.0,1.0,,0.46999999999999975,0.0,2.0,1.0,10.0,0.0,0.0,False,False,0.104472031639714,5.5,7.0,0.0,,E3,M1+S0,T5,1021,2.8959829807281494
0.665,0.0,1.0,2.0393729135396876,0.47,0.0,0.0,,,0.0,0.0,True,False,0.15651321348631927,4.15,6.0,0.0,,E3,M1+S0,T5,1022,3.636496067047119
0.6966666666666667,0.0,1.0,,0.4699999999999996,0.0,0.0,,,0.0,0.0,True,False,0.15676074643131438,4.977777777777778,9.0,0.0,,E3,M1+S0,T5,1023,3.4267959594726562
0.6233333333333333,0.0,0.8683333333333333,0.46999999999999953,0.47000000000000053,0.0,1.0,0.0,,0.0,0.0,False,False,0.11345910143099903,3.3333333333333335,6.0,0.0,,E3,M1+S0,T5,1024,3.353925943374634
0.7083333333333334,0.0,1.0,,0.4699999999999999,0.0,1.0,1.0,1.3,0.0,0.0,True,False,0.12213373721357541,4.888888888888889,9.0,0.0,,E3,M1+S0,T5,1025,3.4285569190979004
0.8516666666666667,0.0,0.9666666666666667,0.4699999999999995,0.49697605373923226,0.0,0.0,,,0.0,0.0,True,True,0.1932254381353221,2.8166666666666664,6.0,0.0,,E3,M1+S0,T5,1026,3.61411190032959
0.635,0.0,0.9933333333333333,0.4811569753166561,0.4746884266686019,0.0,3.0,1.0,11.666666666666666,0.0,0.0,True,False,0.12145221821819514,3.8,5.0,0.0,,E3,M1+S0,T5,1027,3.244731903076172
0.675,0.0,0.93,0.46999999999999953,0.5371272654290911,0.0,1.0,0.0,,0.0,0.0,False,False,0.10440910320162386,3.35,6.0,0.0,,E3,M1+S0,T5,1028,2.96091890335083
0.82,0.0,0.945,0.46999999999999964,0.46999999999999925,0.0,0.0,,,0.0,0.0,True,True,0.16600044927656,2.7500000000000004,10.0,1.0,,E3,M1+S0,T5,1029,3.6943166255950928
0.6483333333333333,0.0,1.0,0.92177326403614,0.4699999999999999,0.0,2.0,0.0,,0.0,0.0,False,False,0.09169802351455143,3.8400000000000007,10.0,0.0,,E3,M1+S0,T5,1030,2.9089322090148926
0.8133333333333334,0.0,1.0,,0.4845663370638361,0.0,0.0,,,0.0,0.0,True,True,0.1541292583259514,2.6500000000000004,8.0,0.0,,E3,M1+S0,T5,1031,3.6138060092926025
0.83,0.0,1.0,,0.4781983655756517,0.0,0.0,,,0.0,0.0,True,True,0.17397236023710091,2.7,7.0,0.0,,E3,M1+S0,T5,1032,3.519026279449463
0.8016666666666666,0.0,1.0,,0.47714652342960034,0.0,0.0,,,0.0,0.0,True,True,0.1695663545504496,2.8000000000000003,9.0,0.0,,E3,M1+S0,T5,1033,3.644224166870117
0.515,0.0,1.0,,0.4699999999999994,0.0,2.0,1.0,7.6,0.0,0.0,True,False,0.11447312316776317,12.222222222222223,9.0,0.0,,E3,M1+S0,T5,1034,3.099836826324463
0.7683333333333333,0.0,1.0,2.044244904982872,0.4699999999999998,0.0,0.0,,,0.0,0.0,True,False,0.11424863182775442,2.9375,8.0,0.0,,E3,M1+S0,T5,1035,3.5433781147003174
0.8933333333333333,0.0,1.0,,0.4929813758168529,0.0,0.0,,,0.0,0.0,True,True,0.18110312536323256,2.442857142857143,7.0,0.0,,E3,M1+S0,T5,1036,3.446333885192871
0.69,0.0,0.9616666666666667,0.45163304126763065,0.47000000000000014,0.0,0.0,,,0.0,0.0,True,False,0.16613820062258697,4.04,10.0,0.0,,E3,M1+S0,T5,1037,3.783519983291626
0.5316666666666666,0.0,0.8316666666666667,0.4699999999999995,0.4793201843685802,0.0,2.0,0.5,7.2,0.0,0.0,False,False,0.11737280935361916,5.341666666666668,12.0,0.0,,E3,M1+S0,T5,1038,3.360811948776245
0.78,0.0,1.0,1.4275738460886431,0.4700000000000004,0.0,0.0,,,0.0,0.0,True,False,0.1697356947182713,3.6222222222222222,9.0,0.0,,E3,M1+S0,T5,1039,3.6828701496124268
0.73,0.0,1.0,1.1051337958957297,0.4699999999999999,0.0,0.0,,,0.0,0.0,True,False,0.15152993771482703,4.6,10.0,0.0,,E3,M1+S0,T5,1040,3.7333128452301025
0.645,0.0,0.8883333333333333,0.46999999999999953,0.4850889581295366,0.0,1.0,0.0,,0.0,0.0,False,False,0.11365430883332886,5.48,10.0,0.0,,E3,M1+S0,T5,1041,3.2312610149383545
0.6533333333333333,0.0,0.995,0.46999999999999975,0.4732764033875097,0.0,1.0,0.0,,0.0,0.0,False,False,0.11366812990669845,5.4375,8.0,1.0,,E3,M1+S0,T5,1042,3.081552267074585
0.5516666666666666,0.0,1.0,,0.4699999999999993,0.0,0.0,,,0.0,0.0,True,False,0.1260376126867168,8.277777777777779,9.0,0.0,,E3,M1+S0,T5,1043,3.6680829524993896
0.6383333333333333,0.0,1.0,,0.490873605642215,0.0,0.0,,,0.0,0.0,True,False,0.19410970301410835,4.91,10.0,0.0,,E3,M1+S0,T5,1044,3.363274574279785
0.7666666666666667,0.0,0.9766666666666667,0.46999999999999964,0.4945163090962956,0.0,0.0,,,0.0,0.0,True,False,0.1833078500695646,3.1,5.0,1.0,,E3,M1+S0,T5,1045,3.7505009174346924
0.7016666666666667,0.0,0.945,0.4699999999999996,0.4700000000000005,0.0,2.0,1.0,6.0,0.0,0.0,True,False,0.1287784828924395,1.6750000000000003,8.0,3.0,,E3,M1+S0,T5,1046,3.3458619117736816
0.7366666666666667,0.0,0.9933333333333333,0.4777969838992273,0.4757074817454637,0.0,1.0,1.0,1.6,0.0,0.0,True,False,0.1528493205500867,6.25,6.0,0.0,,E3,M1+S0,T5,1047,3.504171133041382
0.68,0.0,0.8633333333333333,0.4699999999999994,0.4700000000000003,0.0,1.0,0.0,,0.0,0.0,False,False,0.10241171969597848,2.4454545454545458,11.0,1.0,,E3,M1+S0,T5,1048,3.2002549171447754
0.42833333333333334,0.0,1.0,,0.4699999999999994,0.0,4.0,0.0,,0.0,0.0,False,False,0.05149622267985023,16.580000000000002,5.0,0.0,,E3,M1+S0,T5,1049,2.4324228763580322
0.625,1.0,0.8883333333333333,0.46999999999999964,0.47501449821133757,0.0,2.0,1.0,5.65,0.0,0.0,True,False,0.13798089414670564,2.9444444444444446,9.0,1.0,,E3,M1+S0,T7,1000,3.5817508697509766
0.315,0.0,1.0,0.6011277315931084,0.6050025147197716,0.0,3.0,0.3333333333333333,4.1000000000000005,0.0,0.0,True,False,0.030690991974367872,2.8,5.0,2.0,,E3,M1+S0,T7,1001,2.068708658218384
0.995,0.0,1.0,,0.9936816341019251,0.0,0.0,,,0.0,0.0,True,True,0.11789931459573953,1.2000000000000002,2.0,0.0,,E3,M1+S0,T7,1002,3.521436929702759
0.18666666666666668,0.0,0.9916666666666667,0.47000000000000036,0.4700000000000002,0.0,1.0,0.0,,0.0,0.0,True,False,0.034487207572348605,16.133333333333333,9.0,0.0,,E3,M1+S0,T7,1003,1.760824203491211
0.3333333333333333,0.0,0.77,0.46999999996547936,1.0220642465677867,0.0,1.0,0.0,,0.0,0.0,True,False,0.04646951477129406,13.229411764705883,17.0,1.0,,E3,M1+S0,T7,1004,2.458292007446289
0.9083333333333333,0.0,1.0,,0.5501981122284271,0.0,0.0,,,0.0,0.0,True,True,0.1608684314038092,2.6333333333333333,3.0,0.0,,E3,M1+S0,T7,1005,3.522831916809082
0.25833333333333336,0.0,1.0,1.3448905717866289,0.5128334270516354,0.0,1.0,0.0,,0.0,0.0,False,False,0.054114272605104416,4.48888888888889,9.0,0.0,,E3,M1+S0,T7,1006,2.041771173477173
0.815,0.0,1.0,,0.46999999999999986,0.0,0.0,,,0.0,0.0,True,True,0.1263126181257051,3.4166666666666665,6.0,0.0,,E3,M1+S0,T7,1007,3.42940616607666
0.705,0.0,0.8166666666666667,0.4699999999999996,0.4699999999999999,0.0,1.0,1.0,15.8,0.0,0.0,True,False,0.09372890308619986,3.616666666666667,6.0,0.0,,E3,M1+S0,T7,1008,3.305230140686035
0.9533333333333334,0.0,0.9966666666666667,0.493974217310136,0.5301558549787709,0.0,0.0,,,0.0,0.0,True,True,0.17405073255593623,3.9000000000000004,1.0,0.0,,E3,M1+S0,T7,1009,3.7911930084228516
0.7666666666666667,4.0,0.845,0.4119939256709273,0.4813379410362777,0.0,0.0,,,0.0,0.0,True,False,0.18793873565794406,2.3714285714285714,7.0,3.0,,E3,M1+S0,T7,1010,3.736151933670044
0.24333333333333335,0.0,0.97,0.46999999999999975,1.1810667220044697,0.0,1.0,0.0,,0.0,0.0,False,False,0.033254272415149305,20.36,5.0,3.0,,E3,M1+S0,T7,1011,2.2154860496520996
0.9416666666666667,0.0,1.0,0.5599294393298027,0.6433387732817399,0.0,0.0,,,0.0,0.0,True,True,0.1302240734571667,2.2399999999999998,5.0,1.0,,E3,M1+S0,T7,1012,3.8808300495147705
0.73,0.0,1.0,,0.4794680080480699,0.0,0.0,,,0.0,0.0,True,False,0.18044586421774014,5.366666666666667,6.0,0.0,,E3,M1+S0,T7,1013,3.590397834777832
0.5383333333333333,0.0,0.92,0.4699999999999991,0.46999999999999975,0.0,2.0,0.0,,0.0,0.0,False,False,0.11684877135724471,3.9,10.0,0.0,,E3,M1+S0,T7,1014,3.116314172744751
0.46166666666666667,0.0,0.835,0.46999999999999953,1.2329025561493658,0.0,2.0,0.0,,0.0,0.0,False,False,0.0641169821563423,4.166666666666667,3.0,1.0,,E3,M1+S0,T7,1015,2.448765277862549
0.97,0.0,1.0,5.444822041943877,0.79452042498933,0.0,0.0,,,0.0,0.0,True,True,0.1976002914805238,3.4000000000000004,1.0,0.0,,E3,M1+S0,T7,1016,3.8066442012786865
0.8333333333333334,0.0,0.8766666666666667,0.46999999999999953,0.4699999999999998,0.0,1.0,1.0,1.3,0.0,0.0,True,True,0.19757752013471808,2.0615384615384618,13.0,3.0,,E3,M1+S0,T7,1017,3.766420841217041
0.8133333333333334,0.0,0.9083333333333333,0.4699999999999996,0.4846272357938264,0.0,2.0,1.0,1.5500000000000003,0.0,0.0,True,True,0.1552114003173477,1.7666666666666666,9.0,3.0,,E3,M1+S0,T7,1018,3.6697328090667725
0.545,0.0,0.8366666666666667,0.4699999999999995,0.47000000000000053,0.0,2.0,0.5,1.6,0.0,0.0,True,False,0.09880568125211962,3.0,11.0,3.0,,E3,M1+S0,T7,1019,3.076749086380005
0.3466666666666667,0.0,1.0,,0.47981711415383754,0.0,0.0,,,0.0,0.0,True,False,0.18239885286367752,40.1,1.0,0.0,,E3,M1+S0,T7,1020,3.3992910385131836
0.585,0.0,1.0,3.6645554139143535,0.4699999999999996,0.0,0.0,,,0.0,0.0,True,False,0.1714289631782151,5.76,5.0,0.0,,E3,M1+S0,T7,1021,3.5871729850769043
0.525,0.0,1.0,,0.46999999999999925,0.0,0.0,,,0.0,0.0,True,False,0.1868271776357052,13.916666666666666,6.0,0.0,,E3,M1+S0,T7,1022,3.6426141262054443
0.765,0.0,0.86,0.4699999999999999,0.4699999999999996,0.0,0.0,,,0.0,0.0,True,False,0.16176631691651278,3.4454545454545453,11.0,1.0,,E3,M1+S0,T7,1023,3.757559061050415
0.795,0.0,0.79,0.46999999999999914,0.5197742824904723,0.0,0.0,,,0.0,0.0,True,False,0.1830090631238581,3.325,8.0,0.0,,E3,M1+S0,T7,1024,3.70955491065979
0.40166666666666667,0.0,0.8,0.46999999999999903,0.47000000000000003,0.0,3.0,0.6666666666666666,8.8,0.0,0.0,False,False,0.10485574680162639,7.730000000000001,10.0,2.0,,E3,M1+S0,T7,1025,3.163989782333374
0.715,2.0,0.8416666666666667,0.4208018167287165,0.48508898109583953,0.0,0.0,,,0.0,0.0,True,False,0.16680044411155698,4.292307692307693,13.0,0.0,,E3,M1+S0,T7,1026,3.802154064178467
0.8183333333333334,0.0,1.0,,0.49337256352988457,0.0,0.0,,,0.0,0.0,True,True,0.14688506890423256,4.7,5.0,0.0,,E3,M1+S0,T7,1027,3.341017007827759
0.43333333333333335,0.0,0.865,0.4699999999999996,0.47,0.0,3.0,0.6666666666666666,9.75,0.0,0.0,True,False,0.10333619432160482,3.822222222222223,9.0,1.0,,E3,M1+S0,T7,1028,2.8224589824676514
1.0,0.0,1.0,0.5376148609301648,1.2938853242315187,0.0,0.0,,,0.0,0.0,True,True,0.128838861671305,0.0,2.0,0.0,,E3,M1+S0,T7,1029,4.081442832946777
0.8933333333333333,0.0,1.0,,0.4711046195497637,0.0,0.0,,,0.0,0.0,True,True,0.17718067142960808,4.575,4.0,0.0,,E3,M1+S0,T7,1030,3.4906177520751953
1.0,0.0,1.0,,1.0284477958175577,0.0,0.0,,,0.0,0.0,True,True,0.15008804073415905,0.0,3.0,0.0,,E3,M1+S0,T7,1031,3.3451671600341797
0.26,0.0,0.9666666666666667,0.4699999999999993,0.7260918716977645,0.0,1.0,0.0,,0.0,0.0,False,False,0.038597558192557106,6.866666666666667,3.0,0.0,,E3,M1+S0,T7,1032,1.8892059326171875
0.8,0.0,0.9966666666666667,0.49891372411187596,0.5252345582033534,0.0,2.0,1.0,7.1,0.0,0.0,True,True,0.13537887170187798,2.9000000000000004,2.0,0.0,,E3,M1+S0,T7,1033,3.5177059173583984
0.645,1.0,0.9333333333333333,0.46999999999999964,0.47,0.0,0.0,,,0.0,0.0,True,False,0.17175029748622075,5.415384615384616,13.0,2.0,,E3,M1+S0,T7,1034,3.5355091094970703
0.905,0.0,1.0,0.6445036156344736,0.5819066276355462,0.0,0.0,,,0.0,0.0,True,True,0.1622620651324746,1.7285714285714284,7.0,4.0,,E3,M1+S0,T7,1035,3.6709532737731934
1.0,0.0,0.9733333333333334,0.46999999999999975,1.0171688619132726,0.0,0.0,,,0.0,0.0,True,True,0.1681836420545999,0.0,3.0,0.0,,E3,M1+S0,T7,1036,3.594409942626953
0.8316666666666667,0.0,0.9666666666666667,0.46999999999999964,0.48102825063535415,0.0,1.0,1.0,1.5,0.0,0.0,True,True,0.15418066319555726,2.325,8.0,0.0,,E3,M1+S0,T7,1037,3.5972888469696045
0.5383333333333333,2.0,0.715,0.4699999999999994,0.48546998883016995,0.0,2.0,1.0,10.600000000000001,0.0,0.0,True,False,0.14735174976509652,5.578571428571429,14.0,9.0,,E3,M1+S0,T7,1038,3.434760093688965
0.6983333333333334,0.0,0.9166666666666666,0.46999999999999964,0.4700000000000001,0.0,1.0,1.0,1.5,0.0,0.0,True,False,0.14646620925708423,6.6000000000000005,8.0,0.0,,E3,M1+S0,T7,1039,3.7554049491882324
0.21666666666666667,0.0,0.8316666666666667,0.469999999999999,0.46999999999999986,0.0,1.0,0.0,,0.0,0.0,False,False,0.07629192111122426,20.422222222222224,9.0,1.0,,E3,M1+S0,T7,1040,2.3705928325653076
0.97,0.0,1.0,0.7864363884451684,0.914363137445111,0.0,0.0,,,0.0,0.0,True,True,0.2227231490758569,2.95,2.0,0.0,,E3,M1+S0,T7,1041,4.062936067581177
0.26,0.0,1.0,0.9447664041650278,1.440512925769611,0.0,2.0,0.0,,0.0,0.0,False,False,0.03521629313477336,13.133333333333333,6.0,1.0,,E3,M1+S0,T7,1042,1.9243662357330322
0.2833333333333333,0.0,1.0,1.1781320861301676,0.47000000000000003,0.0,1.0,0.0,,0.0,0.0,True,False,0.07447477248328982,7.050000000000001,8.0,0.0,,E3,M1+S0,T7,1043,2.640744924545288
0.235,0.0,0.8416666666666667,0.4699999999999992,0.4892105462356359,0.0,2.0,0.5,9.1,0.0,0.0,False,False,0.08061647360207062,5.976923076923078,13.0,1.0,,E3,M1+S0,T7,1044,2.564958333969116
0.77,0.0,0.9683333333333334,0.46650940638035854,0.4830984386685305,0.0,0.0,,,0.0,0.0,True,False,0.21830347171441383,2.7857142857142856,7.0,2.0,,E3,M1+S0,T7,1045,3.9154062271118164
0.7483333333333333,0.0,1.0,3.0491611043219278,0.46999999999999936,0.0,0.0,,,0.0,0.0,True,False,0.1792066289540444,4.6000000000000005,7.0,0.0,,E3,M1+S0,T7,1046,3.634291887283325
0.9416666666666667,0.0,0.9916666666666667,0.46999999999999925,0.5626504627835397,0.0,0.0,,,0.0,0.0,True,True,0.18325845285939946,4.6000000000000005,1.0,0.0,,E3,M1+S0,T7,1047,4.145250082015991
1.0,0.0,1.0,0.502464022669686,1.3091093612656146,0.0,0.0,,,0.0,0.0,True,True,0.11271624525673996,0.0,4.0,0.0,,E3,M1+S0,T7,1048,3.7511062622070312
0.8816666666666667,0.0,1.0,,0.6374228655754224,0.0,1.0,1.0,4.800000000000001,0.0,0.0,True,True,0.15781421541789223,2.7750000000000004,4.0,0.0,,E3,M1+S0,T7,1049,3.5761730670928955
0.9383333333333334,0.0,1.0,0.7767001095748557,0.5242816291354353,0.0,0.0,,,0.0,0.0,True,True,0.1519764351497825,4.5,1.0,0.0,,E3,M2+S0,T3,1000,3.792882204055786
0.9566666666666667,0.0,1.0,0.5042913074600521,0.7270761972114844,0.0,0.0,,,0.0,0.0,True,True,0.1899301042973543,1.5333333333333334,3.0,0.0,,E3,M2+S0,T3,1001,3.683305025100708
0.9583333333333334,0.0,1.0,0.7245273134892924,0.6343075214820024,0.0,0.0,,,0.0,0.0,True,True,0.14593517817562712,1.5,2.0,0.0,,E3,M2+S0,T3,1002,3.7291951179504395
0.93,0.0,0.9433333333333334,0.46999999999999925,0.4928729772422015,0.0,0.0,,,0.0,0.0,True,True,0.15053599371738188,0.6375000000000001,8.0,1.0,,E3,M2+S0,T3,1003,3.6973190307617188
0.8383333333333334,0.0,1.0,0.7084694529411252,0.4699999999999997,0.0,0.0,,,0.0,0.0,True,True,0.1648408436776018,4.42,5.0,1.0,,E3,M2+S0,T3,1004,3.7405900955200195
0.275,0.0,0.9766666666666667,0.47000000000000014,1.6435200699167687,0.0,4.0,0.5,8.0,0.0,0.0,False,False,0.053400850659817686,17.7,2.0,1.0,,E3,M2+S0,T3,1005,2.1129517555236816
,,,,,,,,,,,,,,,,,RuntimeError('T3 seed 1006: no straight run found'),E3,M2+S0,T3,1006,0.23642396926879883
0.9833333333333333,0.0,1.0,0.5786774209931066,0.9671946105405234,0.0,0.0,,,0.0,0.0,True,True,0.17046374283872337,2.5,1.0,0.0,,E3,M2+S0,T3,1007,3.866788864135742
0.88,0.0,0.9683333333333334,0.4699999999999995,0.4700000000000002,0.0,0.0,,,0.0,0.0,True,True,0.17974946777361764,3.88,5.0,4.0,,E3,M2+S0,T3,1008,3.66654896736145
0.15333333333333332,0.0,0.92,0.46999999999999925,0.7709456769960081,0.0,2.0,0.0,,8.0,0.49,False,False,0.08073896309111128,14.775,4.0,1.0,,E3,M2+S0,T3,1009,2.8860437870025635
0.12166666666666667,0.0,1.0,0.8084941299026407,1.1229380958768111,0.0,5.0,0.0,,3.0,0.15166666666666667,False,False,0.035943728992652316,28.100000000000005,3.0,0.0,,E3,M2+S0,T3,1010,2.000333786010742
0.8933333333333333,0.0,1.0,0.8603116545293185,0.4699999999999997,0.0,0.0,,,0.0,0.0,True,True,0.17729832291083306,3.0500000000000003,4.0,0.0,,E3,M2+S0,T3,1011,3.8912150859832764
0.92,1.0,1.0,1.2578509437090966,0.4700000000000003,0.0,0.0,,,0.0,0.0,True,False,0.16062857447719153,4.6,2.0,0.0,,E3,M2+S0,T3,1012,3.9399421215057373
0.9316666666666666,0.0,1.0,1.1334458152233724,0.47000000000000086,0.0,0.0,,,0.0,0.0,True,True,0.15421432861414422,2.5333333333333337,3.0,0.0,,E3,M2+S0,T3,1013,3.7230398654937744
0.9633333333333334,0.0,1.0,0.707023106407723,0.7315746999981619,0.0,0.0,,,0.0,0.0,True,True,0.15899315529084818,3.3000000000000003,1.0,0.0,,E3,M2+S0,T3,1014,3.775937080383301
0.7366666666666667,0.0,1.0,1.8712145618507792,0.7519928433139679,0.0,1.0,1.0,6.0,0.0,0.0,True,False,0.1040258910052175,3.7,5.0,0.0,,E3,M2+S0,T3,1015,3.4963371753692627
0.8083333333333333,0.0,1.0,0.6138963292741619,0.4771157625856026,0.0,0.0,,,0.0,0.0,True,True,0.17798458358973673,3.075,4.0,1.0,,E3,M2+S0,T3,1016,3.7279319763183594
0.9333333333333333,0.0,1.0,1.102987709423082,0.5331881619199004,0.0,0.0,,,0.0,0.0,True,True,0.17012742623074284,5.0,1.0,2.0,,E3,M2+S0,T3,1017,3.785337209701538
0.6816666666666666,0.0,1.0,0.9545393174766411,0.47,0.0,1.0,1.0,5.2,0.0,0.0,True,False,0.11546786298268086,4.333333333333334,6.0,3.0,,E3,M2+S0,T3,1018,3.63847017288208
0.92,0.0,1.0,1.3133470917637895,0.507155081111266,0.0,0.0,,,0.0,0.0,True,True,0.1690431698871907,5.6000000000000005,1.0,0.0,,E3,M2+S0,T3,1019,3.97245192527771
0.9233333333333333,0.0,1.0,0.7232591050942138,0.5172547390604147,0.0,0.0,,,0.0,0.0,True,True,0.17927791640172486,2.9000000000000004,2.0,0.0,,E3,M2+S0,T3,1020,3.7786271572113037
0.9466666666666667,0.0,1.0,1.3100802811505214,0.570966605890528,0.0,0.0,,,0.0,0.0,True,True,0.18889712937712697,4.1000000000000005,1.0,0.0,,E3,M2+S0,T3,1021,4.093719959259033
1.0,0.0,1.0,0.5274623753247449,1.3164772292198574,0.0,0.0,,,0.0,0.0,True,True,0.19198774959531587,,0.0,0.0,,E3,M2+S0,T3,1022,3.7548022270202637
0.9083333333333333,0.0,1.0,0.9379921868298204,0.5112811009759257,0.0,0.0,,,0.0,0.0,True,True,0.17666165747020157,3.3000000000000003,2.0,1.0,,E3,M2+S0,T3,1023,3.8375418186187744
0.11166666666666666,0.0,1.0,1.57262425670617,0.7505715831619697,0.0,5.0,0.0,,4.0,0.145,False,False,0.021987204518987898,43.800000000000004,3.0,3.0,,E3,M2+S0,T3,1024,2.0085690021514893
0.8833333333333333,0.0,1.0,1.1973118203510789,0.4927659572179856,0.0,0.0,,,0.0,0.0,True,True,0.14621981992062266,2.35,2.0,1.0,,E3,M2+S0,T3,1025,3.869978904724121
0.85,0.0,0.995,0.47000000000000014,0.5092684146104237,0.0,2.0,1.0,10.2,0.0,0.0,True,True,0.11355647349606837,7.500000000000002,5.0,3.0,,E3,M2+S0,T3,1026,3.361436128616333
0.8116666666666666,0.0,1.0,1.1466936774660756,0.46999999999999953,0.0,0.0,,,0.0,0.0,True,True,0.17601705862100228,3.3600000000000003,5.0,0.0,,E3,M2+S0,T3,1027,3.9353811740875244
0.9666666666666667,0.0,0.8483333333333334,0.4699999999999993,0.8352065483976217,0.0,0.0,,,0.0,0.0,True,True,0.15631920581148487,1.3833333333333335,6.0,7.0,,E3,M2+S0,T3,1028,3.571173906326294
0.9916666666666667,0.0,1.0,1.5197868092006555,0.9716842462339671,0.0,0.0,,,0.0,0.0,True,True,0.18013507407063015,1.6666666666666667,3.0,3.0,,E3,M2+S0,T3,1029,4.0268988609313965
0.895,0.0,0.9766666666666667,0.4699999999999997,0.49472388803572553,0.0,0.0,,,0.0,0.0,True,True,0.15156425458677666,3.95,2.0,0.0,,E3,M2+S0,T3,1030,3.543684720993042
0.935,0.0,1.0,0.5707777373116396,0.5633818491605501,0.0,1.0,1.0,1.7000000000000002,0.0,0.0,True,True,0.1643691055364474,2.2,2.0,0.0,,E3,M2+S0,T3,1031,3.929893970489502
0.9316666666666666,0.0,1.0,1.1839787736996834,0.527615547025452,0.0,0.0,,,0.0,0.0,True,True,0.16389999860107213,1.9333333333333336,3.0,2.0,,E3,M2+S0,T3,1032,3.9117660522460938
0.975,0.0,1.0,0.7173342702334871,0.8345156717374453,0.0,0.0,,,0.0,0.0,True,True,0.17273284474296194,2.7,1.0,0.0,,E3,M2+S0,T3,1033,3.7880048751831055
1.0,0.0,1.0,0.8226169754542242,1.2200369259224908,0.0,0.0,,,0.0,0.0,True,True,0.14649371418141252,0.0,2.0,0.0,,E3,M2+S0,T3,1034,3.704239845275879
0.9533333333333334,0.0,1.0,1.642564648454404,0.548752846715475,0.0,0.0,,,0.0,0.0,True,True,0.15201901151887737,1.2,3.0,0.0,,E3,M2+S0,T3,1035,3.77514386177063
0.9666666666666667,0.0,0.9883333333333333,0.46999999999999975,0.6680915787459878,0.0,0.0,,,0.0,0.0,True,True,0.144908880834298,0.675,4.0,1.0,,E3,M2+S0,T3,1036,3.8040788173675537
0.865,0.0,1.0,0.7435696859447649,0.4700000000000006,0.0,0.0,,,0.0,0.0,True,True,0.16046541856354085,4.2,3.0,0.0,,E3,M2+S0,T3,1037,3.857832908630371
0.9683333333333334,0.0,1.0,1.6728769181832392,0.8312430626094811,0.0,0.0,,,0.0,0.0,True,True,0.1425911932806665,1.55,2.0,0.0,,E3,M2+S0,T3,1038,3.8422300815582275
0.965,0.0,0.9916666666666667,0.46999999999999986,0.7969202710904841,0.0,0.0,,,0.0,0.0,True,True,0.14636414235601844,1.4500000000000002,2.0,0.0,,E3,M2+S0,T3,1039,3.8604848384857178
0.9433333333333334,0.0,1.0,1.4005850107136464,0.6163826580431333,0.0,0.0,,,0.0,0.0,True,True,0.17848597230645244,4.5,1.0,0.0,,E3,M2+S0,T3,1040,4.145341873168945
0.9133333333333333,0.0,0.9066666666666666,0.46999999999999953,0.9586283347665969,0.0,1.0,0.0,,0.0,0.0,False,False,0.12637236196784002,2.966666666666667,3.0,2.0,,E3,M2+S0,T3,1041,3.689120054244995
0.78,1.0,0.9866666666666667,0.46999999999999975,0.5518611709713475,0.0,1.0,0.0,,0.0,0.0,False,False,0.11739470710146721,3.4000000000000004,1.0,0.0,,E3,M2+S0,T3,1042,3.7626569271087646
0.9816666666666667,0.0,0.9783333333333334,0.4699999999999992,0.8971873978548303,0.0,0.0,,,0.0,0.0,True,True,0.15569379133818514,0.52,5.0,3.0,,E3,M2+S0,T3,1043,3.923976182937622
0.915,1.0,0.9516666666666667,0.46999999999999914,0.5565397863243385,0.0,0.0,,,0.0,0.0,True,False,0.15693841405126419,5.65,2.0,0.0,,E3,M2+S0,T3,1044,3.9355509281158447
0.5783333333333334,1.0,0.9316666666666666,0.4699999999999996,0.47000000000000014,0.0,1.0,1.0,6.0,0.0,0.0,True,False,0.15547841050439473,5.516666666666667,6.0,1.0,,E3,M2+S0,T3,1045,3.7527287006378174
0.855,0.0,1.0,1.150320331316499,0.4785955970727942,0.0,0.0,,,0.0,0.0,True,True,0.16950270672814816,4.633333333333334,6.0,4.0,,E3,M2+S0,T3,1046,3.9365930557250977
0.825,0.0,1.0,1.1774822747098248,0.5126074216717731,0.0,1.0,1.0,5.5,0.0,0.0,True,True,0.11915857173286992,4.366666666666667,3.0,4.0,,E3,M2+S0,T3,1047,3.516018867492676
0.96,0.0,1.0,0.8098610078347196,0.713334651860191,0.0,0.0,,,0.0,0.0,True,True,0.1751526966316421,0.925,4.0,0.0,,E3,M2+S0,T3,1048,4.0053510665893555
0.9033333333333333,0.0,1.0,0.8975613515288359,0.47639333520481847,0.0,0.0,,,0.0,0.0,True,True,0.17134397867922468,3.3000000000000003,3.0,0.0,,E3,M2+S0,T3,1049,3.575566053390503
0.9616666666666667,0.0,0.95,0.4699999999999992,0.7001801654545976,0.0,0.0,,,0.0,0.0,True,True,0.16682500724470703,2.0,3.0,0.0,,E3,M2+S0,T4,1000,3.964437961578369
0.2866666666666667,0.0,0.8666666666666667,0.4699999999999994,1.204394819164253,0.0,3.0,0.0,,0.0,0.0,False,False,0.035310468540107824,7.4,10.0,0.0,,E3,M2+S0,T4,1001,2.1883418560028076
0.915,0.0,1.0,2.2540704631132944,0.47,0.0,0.0,,,0.0,0.0,True,True,0.1541434978648304,2.7,5.0,0.0,,E3,M2+S0,T4,1002,3.592862129211426
0.77,1.0,0.9366666666666666,0.46999999999999914,0.47,0.0,0.0,,,0.0,0.0,True,False,0.15958369230876546,6.425000000000001,4.0,0.0,,E3,M2+S0,T4,1003,3.603372097015381
0.385,0.0,0.9283333333333333,0.4699999999999996,1.2516005812221185,0.0,2.0,0.0,,0.0,0.0,False,False,0.040464066134738526,4.140000000000001,10.0,0.0,,E3,M2+S0,T4,1004,2.1295108795166016
0.475,0.0,0.9483333333333334,0.4699999999999996,0.9331218288359615,0.0,2.0,1.0,12.05,0.0,0.0,True,False,0.05483496060316641,7.8571428571428585,7.0,2.0,,E3,M2+S0,T4,1005,2.736056089401245
0.7166666666666667,0.0,0.99,0.4699999999999999,0.6181115926357843,0.0,2.0,1.0,7.1,0.0,0.0,True,False,0.1351904955441352,1.56,5.0,4.0,,E3,M2+S0,T4,1006,3.5208420753479004
0.81,0.0,1.0,0.9854140325252447,0.47000000000000003,0.0,0.0,,,0.0,0.0016666666666666668,True,True,0.15139548564382033,4.5,4.0,0.0,,E3,M2+S0,T4,1007,3.8160810470581055
0.39,0.0,0.31333333333333335,0.4699999999999995,0.46999999999999986,0.0,3.0,0.3333333333333333,8.0,0.0,0.0,False,False,0.07625897423365734,5.122222222222224,9.0,2.0,,E3,M2+S0,T4,1008,2.5776679515838623
0.83,0.0,0.955,0.4590116052082554,0.4972578074543793,0.0,0.0,,,0.0,0.0,True,True,0.17733873842388864,7.2,4.0,0.0,,E3,M2+S0,T4,1009,3.548715114593506
0.9883333333333333,0.0,1.0,4.417685632022191,0.9823528463859825,0.0,0.0,,,0.0,0.0,True,True,0.15387099613942845,2.1,1.0,0.0,,E3,M2+S0,T4,1010,3.618303060531616
0.9583333333333334,0.0,1.0,2.8900887119399554,0.6880976991455328,0.0,0.0,,,0.0,0.0,True,True,0.17510383942300073,1.2,3.0,0.0,,E3,M2+S0,T4,1011,3.812340021133423
0.5966666666666667,0.0,0.9733333333333334,0.46999999999999953,0.47000000000000003,0.0,0.0,,,0.0,0.0,True,False,0.14568452534582707,7.275,8.0,2.0,,E3,M2+S0,T4,1012,3.5653951168060303
0.6833333333333333,0.0,0.98,0.4700000000000008,0.47000000000000014,0.0,0.0,,,0.0,0.0,True,False,0.1519200067287828,6.03,10.0,0.0,,E3,M2+S0,T4,1013,3.690159797668457
0.895,0.0,0.9583333333333334,0.46999999999999975,0.49876730231391553,0.0,0.0,,,0.0,0.0,True,True,0.19144233803014035,2.96,5.0,0.0,,E3,M2+S0,T4,1014,3.6487936973571777
0.7683333333333333,1.0,0.9766666666666667,0.46999999999999964,0.4699999999999998,0.0,0.0,,,0.0,0.0,True,False,0.1767554224830962,2.1750000000000003,8.0,0.0,,E3,M2+S0,T4,1015,3.736314058303833
0.7566666666666667,0.0,1.0,1.1362237259158188,0.4728652489331716,0.0,0.0,,,0.0,0.0,True,False,0.16449633669331074,9.016666666666667,6.0,0.0,,E3,M2+S0,T4,1016,3.5928380489349365
0.505,0.0,0.8,0.46999999999999953,0.5060121868114319,0.0,1.0,0.0,,0.0,0.0,True,False,0.07408783091012408,2.25,10.0,4.0,,E3,M2+S0,T4,1017,2.774717330932617
0.9783333333333334,0.0,0.9716666666666667,0.46999999999999936,0.9104099645859153,0.0,0.0,,,0.0,0.0,True,True,0.15155820904965608,0.5333333333333333,6.0,1.0,,E3,M2+S0,T4,1018,3.737849235534668
0.6066666666666667,0.0,0.8266666666666667,0.4699999999999996,0.46999999999999964,0.0,2.0,0.0,,0.0,0.0,False,False,0.11246487812114972,6.000000000000002,5.0,0.0,,E3,M2+S0,T4,1019,3.014755964279175
0.7883333333333333,0.0,0.7033333333333334,0.4699999999999998,0.5318492564940464,0.0,1.0,1.0,1.6,0.0,0.0,True,False,0.1801557943185011,4.5600000000000005,5.0,0.0,,E3,M2+S0,T4,1020,3.4783339500427246
0.9166666666666666,0.0,1.0,1.7008113284399267,0.5396007844797788,0.0,0.0,,,0.0,0.0,True,True,0.16849580998318603,3.7500000000000004,2.0,0.0,,E3,M2+S0,T4,1021,3.8778417110443115
0.8416666666666667,0.0,1.0,3.286594087488136,0.4699999999999993,0.0,0.0,,,0.0,0.0,True,True,0.12446145218029281,6.5,3.0,0.0,,E3,M2+S0,T4,1022,3.713618040084839
0.635,2.0,0.48,0.43499555284146535,0.47000000000000025,0.0,0.0,,,0.0,0.0,True,False,0.16048892435750847,5.45,12.0,8.0,,E3,M2+S0,T4,1023,3.821884870529175
0.785,0.0,0.9483333333333334,0.4699999999999994,0.47000000000000086,0.0,0.0,,,0.0,0.0,True,False,0.162882805504475,6.183333333333334,6.0,0.0,,E3,M2+S0,T4,1024,3.7030069828033447
0.043333333333333335,0.0,1.0,1.3370523991361627,0.7106938111724728,0.0,7.0,0.0,,0.0,0.07166666666666667,False,False,0.026004399248287225,25.58571428571429,7.0,0.0,,E3,M2+S0,T4,1025,2.1971521377563477
0.755,0.0,0.585,0.4699999999999988,0.534634071959328,0.0,1.0,1.0,8.3,0.0,0.0,True,False,0.11322810707863319,6.6000000000000005,1.0,0.0,,E3,M2+S0,T4,1026,3.426179885864258
0.825,0.0,0.99,0.46999999999999975,0.49585510588104714,0.0,0.0,,,0.0,0.0,True,True,0.13652148649713555,2.6000000000000005,7.0,2.0,,E3,M2+S0,T4,1027,3.7653138637542725
0.9433333333333334,0.0,1.0,0.6215477476489168,0.5021654944581131,0.0,0.0,,,0.0,0.0,True,True,0.15232047667239607,4.6000000000000005,1.0,0.0,,E3,M2+S0,T4,1028,3.929605722427368
0.7183333333333334,0.0,0.875,0.46999999999999953,0.47569174401207287,0.0,1.0,0.0,,0.0,0.0,False,False,0.12592187025385504,2.6999999999999997,6.0,0.0,,E3,M2+S0,T4,1029,3.6411449909210205
0.8266666666666667,1.0,0.5483333333333333,0.46999999999999914,0.4819632500685142,0.0,0.0,,,0.0,0.0,True,False,0.13869991802660803,3.7142857142857144,7.0,4.0,,E3,M2+S0,T4,1030,3.9358069896698
0.89,0.0,1.0,1.1319747753781977,0.5197004530396007,0.0,0.0,,,0.0,0.0,True,True,0.1965887937314477,3.7000000000000006,6.0,1.0,,E3,M2+S0,T4,1031,4.001827716827393
0.76,0.0,1.0,0.5004628561406836,0.4749043083822892,0.0,0.0,,,0.0,0.0,True,False,0.16933214400770524,7.15,4.0,0.0,,E3,M2+S0,T4,1032,3.8026440143585205
0.43666666666666665,0.0,1.0,1.1003633342264316,1.3554492531821674,0.0,1.0,0.0,,0.0,0.0,True,False,0.06553459161504888,4.95,2.0,4.0,,E3,M2+S0,T4,1033,2.664802074432373
0.505,0.0,0.9233333333333333,0.46999999999999936,0.4699999999999997,0.0,1.0,0.0,,0.0,0.0,False,False,0.1105997053691662,4.977777777777778,9.0,0.0,,E3,M2+S0,T4,1034,2.925142765045166
0.3433333333333333,0.0,1.0,0.5115746341964883,0.9199295694310379,0.0,4.0,0.75,8.6,0.0,0.0,False,False,0.05372803339424205,9.675,4.0,3.0,,E3,M2+S0,T4,1035,2.493894338607788
0.6433333333333333,0.0,0.7766666666666666,0.4699999999999989,0.46999999999999914,0.0,3.0,0.3333333333333333,1.8,7.0,0.335,False,False,0.17305523159721814,7.140000000000001,5.0,6.0,,E3,M2+S0,T4,1036,3.7131760120391846
0.47833333333333333,0.0,1.0,0.7806630383306021,0.6945189858345019,0.0,4.0,0.0,,0.0,0.0,False,False,0.08269919671111652,3.645454545454545,11.0,1.0,,E3,M2+S0,T4,1037,2.6677122116088867
0.5433333333333333,0.0,0.9183333333333333,0.4699999999999992,1.2239407593361207,0.0,1.0,0.0,,0.0,0.0,False,False,0.07035641646667824,7.75,2.0,0.0,,E3,M2+S0,T4,1038,2.661534070968628
0.7416666666666667,0.0,0.8066666666666666,0.4699999999999995,0.47,0.0,1.0,1.0,8.200000000000001,0.0,0.0,True,False,0.14906898876932506,2.3750000000000004,8.0,5.0,,E3,M2+S0,T4,1039,3.281183958053589
0.7466666666666667,0.0,0.73,0.4699999999999994,0.4699999999999997,0.0,0.0,,,0.0,0.0,True,False,0.1426245281076934,4.45,8.0,0.0,,E3,M2+S0,T4,1040,3.5560200214385986
0.48,0.0,0.9616666666666667,0.4961508181861402,0.47,0.0,0.0,,,0.0,0.0,True,False,0.18836324554443537,7.781818181818181,11.0,0.0,,E3,M2+S0,T4,1041,3.8363468647003174
0.9433333333333334,0.0,1.0,1.336836360187427,0.7466051532129061,0.0,0.0,,,0.0,0.0,True,True,0.1370260942407491,3.2,2.0,0.0,,E3,M2+S0,T4,1042,3.7445521354675293
0.28833333333333333,0.0,0.9383333333333334,0.4700000000000003,0.4699999999999997,0.0,1.0,0.0,,0.0,0.0,True,False,0.0716898489750676,3.1833333333333336,6.0,1.0,,E3,M2+S0,T4,1043,2.395512104034424
0.6416666666666667,0.0,0.995,0.4946422280932996,0.4906832095611761,0.0,2.0,1.0,4.9,0.0,0.0,True,False,0.1642032864115,3.6375,8.0,2.0,,E3,M2+S0,T4,1044,3.156970977783203
0.74,1.0,0.4166666666666667,0.46999999999999914,0.4891674189063861,0.0,0.0,,,0.0,0.0,True,False,0.2540738776980837,5.516666666666667,6.0,0.0,,E3,M2+S0,T4,1045,3.691229820251465
0.6116666666666667,0.0,0.7516666666666667,0.46999999999999964,0.4813577621725306,0.0,3.0,1.0,6.3999999999999995,0.0,0.0,True,False,0.14028510658078797,2.783333333333333,12.0,2.0,,E3,M2+S0,T4,1046,2.981745958328247
1.0,0.0,0.9783333333333334,0.4699999999999998,1.1679116823282092,0.0,0.0,,,0.0,0.0,True,True,0.15780135149427058,0.0,1.0,0.0,,E3,M2+S0,T4,1047,3.655813217163086
0.725,1.0,1.0,0.5129918864787287,0.4699999999999997,0.0,0.0,,,0.0,0.0,True,False,0.15720907492185904,6.242857142857143,7.0,0.0,,E3,M2+S0,T4,1048,3.7986090183258057
0.39166666666666666,0.0,0.8816666666666667,0.4699999999999991,0.4700000000000001,0.0,2.0,0.0,,1.0,0.03666666666666667,False,False,0.10001523152337036,4.340000000000001,5.0,0.0,,E3,M2+S0,T4,1049,2.7032291889190674
0.79,0.0,1.0,,0.47041926343624135,0.0,0.0,,,0.0,0.0,True,False,0.155628735294447,2.9125,8.0,0.0,,E3,M2+S0,T5,1000,3.411978006362915
0.5866666666666667,0.0,1.0,,0.4699999999999999,0.0,0.0,,,0.0,0.0,True,False,0.15615889220997287,4.622222222222223,9.0,0.0,,E3,M2+S0,T5,1001,3.332551956176758
0.71,0.0,1.0,,0.4699999999999993,0.0,0.0,,,0.0,0.0,True,False,0.1534344464419632,4.26,10.0,0.0,,E3,M2+S0,T5,1002,3.4625048637390137
0.79,4.0,0.8866666666666667,0.43701560199084366,0.48628083729372873,0.0,0.0,,,0.0,0.0,True,False,0.132239410413977,3.21,10.0,0.0,,E3,M2+S0,T5,1003,3.736949920654297
0.7316666666666667,0.0,0.9733333333333334,0.46999999999999975,0.4700000000000001,0.0,0.0,,,0.0,0.0,True,False,0.15528555507974903,3.4272727272727277,11.0,1.0,,E3,M2+S0,T5,1004,3.6271860599517822
0.6783333333333333,0.0,0.99,0.4733308136810235,0.4700000000000004,0.0,2.0,1.0,7.800000000000001,0.0,0.0,True,False,0.15275435765540926,3.1769230769230767,13.0,8.0,,E3,M2+S0,T5,1005,3.3322229385375977
0.8633333333333333,0.0,1.0,,0.4954639351393489,0.0,0.0,,,0.0,0.0,True,True,0.17609793046316397,3.35,6.0,0.0,,E3,M2+S0,T5,1006,3.382045030593872
0.5683333333333334,0.0,1.0,,0.4699999999999996,0.0,0.0,,,0.0,0.0,True,False,0.12334798791560699,7.777777777777778,9.0,0.0,,E3,M2+S0,T5,1007,3.291515827178955
0.6583333333333333,0.0,0.885,0.4699999999999993,0.46999999999999925,0.0,1.0,0.0,,0.0,0.0,False,False,0.13650092670692757,3.56,10.0,1.0,,E3,M2+S0,T5,1008,3.6559269428253174
0.8333333333333334,0.0,1.0,0.5128139100095751,0.48510664263775477,0.0,0.0,,,0.0,0.0,True,True,0.1617834354005118,3.9125000000000005,8.0,0.0,,E3,M2+S0,T5,1009,3.572279214859009
0.6783333333333333,0.0,0.9766666666666667,0.4699999999999999,0.5012993574383535,0.0,0.0,,,0.0,0.0,True,False,0.1881531311341734,4.175,8.0,1.0,,E3,M2+S0,T5,1010,3.6686058044433594
0.8066666666666666,0.0,1.0,,0.4776981237735004,0.0,0.0,,,0.0,0.0,True,True,0.1473433003877969,4.2,8.0,0.0,,E3,M2+S0,T5,1011,3.380002975463867
0.8116666666666666,0.0,0.9916666666666667,0.4699999999999999,0.46999999999999986,0.0,0.0,,,0.0,0.0,True,True,0.1359097291882922,2.12,10.0,0.0,,E3,M2+S0,T5,1012,3.5386297702789307
0.72,0.0,1.0,,0.4705893753879415,0.0,0.0,,,0.0,0.0,True,False,0.1792840760545687,3.9000000000000004,9.0,0.0,,E3,M2+S0,T5,1013,3.632969856262207
0.8983333333333333,0.0,1.0,,0.4776082687434318,0.0,0.0,,,0.0,0.0,True,True,0.14381740624094444,2.125,8.0,0.0,,E3,M2+S0,T5,1014,3.4971721172332764
0.6,0.0,0.9166666666666666,0.46999999999999964,0.4700000000000001,0.0,0.0,,,0.0,0.0,True,False,0.1769496462763296,6.371428571428572,7.0,0.0,,E3,M2+S0,T5,1015,3.6147689819335938
0.88,0.0,1.0,2.2385553007705212,0.47978008419538754,0.0,0.0,,,0.0,0.0,True,True,0.16401834947581737,3.12,5.0,0.0,,E3,M2+S0,T5,1016,3.778085947036743
0.755,0.0,1.0,,0.4699999999999996,0.0,0.0,,,0.0,0.0,True,False,0.15202136739042915,6.0200000000000005,5.0,0.0,,E3,M2+S0,T5,1017,3.553825855255127
0.5716666666666667,0.0,1.0,,0.4725915348751452,0.0,0.0,,,0.0,0.0,True,False,0.16137432663472362,5.255555555555556,9.0,0.0,,E3,M2+S0,T5,1018,3.467458724975586
0.7733333333333333,0.0,0.9666666666666667,0.4699999999999998,0.46999999999999986,0.0,0.0,,,0.0,0.0,True,False,0.16788496219371246,2.7750000000000004,8.0,0.0,,E3,M2+S0,T5,1019,3.740065813064575
0.81,0.0,1.0,,0.49055696930036785,0.0,0.0,,,0.0,0.0,True,True,0.19733658214333427,5.233333333333333,6.0,0.0,,E3,M2+S0,T5,1020,3.597074031829834
0.6666666666666666,0.0,1.0,,0.47000000000000003,0.0,0.0,,,0.0,0.0,True,False,0.1692647456447355,4.533333333333333,6.0,0.0,,E3,M2+S0,T5,1021,3.4630541801452637
0.665,0.0,1.0,2.0393729135396876,0.47,0.0,0.0,,,0.0,0.0,True,False,0.15651321348631927,4.15,6.0,0.0,,E3,M2+S0,T5,1022,3.685006856918335
0.7733333333333333,0.0,1.0,,0.4699999999999993,0.0,0.0,,,0.0,0.0,True,False,0.1540744233230973,3.0900000000000003,10.0,0.0,,E3,M2+S0,T5,1023,3.500115156173706
0.6233333333333333,0.0,0.8683333333333333,0.46999999999999986,0.47000000000000053,0.0,1.0,0.0,,0.0,0.0,False,False,0.11345909039741918,3.3333333333333335,6.0,0.0,,E3,M2+S0,T5,1024,3.547441244125366
0.66,0.0,1.0,,0.4700000000000007,0.0,0.0,,,0.0,0.0,True,False,0.1305077491695233,4.75,8.0,0.0,,E3,M2+S0,T5,1025,3.643986940383911
0.8516666666666667,0.0,0.9666666666666667,0.4699999999999995,0.49697605373923226,0.0,0.0,,,0.0,0.0,True,True,0.1840889373495924,2.8166666666666664,6.0,0.0,,E3,M2+S0,T5,1026,3.743870973587036
0.5483333333333333,0.0,0.9933333333333333,0.4811569753166561,0.4746884266686019,0.0,5.0,0.4,10.0,0.0,0.0,False,False,0.08656282633919042,4.8428571428571425,7.0,0.0,,E3,M2+S0,T5,1027,2.9237120151519775
0.6583333333333333,0.0,0.9133333333333333,0.4699999999999993,0.5147613856267055,0.0,1.0,0.0,,0.0,0.0,False,False,0.10963338214864544,3.3333333333333335,6.0,0.0,,E3,M2+S0,T5,1028,3.0063259601593018
0.47833333333333333,1.0,0.9333333333333333,0.4232919532883039,0.4699999999999996,0.0,1.0,0.0,,0.0,0.0,True,False,0.08693453207411429,5.166666666666667,9.0,1.0,,E3,M2+S0,T5,1029,2.6277780532836914
0.7316666666666667,0.0,0.9733333333333334,0.47000000000000025,0.46999999999999986,0.0,0.0,,,0.0,0.0,True,False,0.15729281897465214,4.688888888888889,9.0,0.0,,E3,M2+S0,T5,1030,3.590877056121826
0.8116666666666666,0.0,1.0,,0.48473752254969776,0.0,0.0,,,0.0,0.0,True,True,0.15695712954373103,3.0714285714285716,7.0,0.0,,E3,M2+S0,T5,1031,3.3662190437316895
0.83,0.0,1.0,,0.4781983655756517,0.0,0.0,,,0.0,0.0,True,True,0.17397236023710091,2.7,7.0,0.0,,E3,M2+S0,T5,1032,3.504892110824585
0.8016666666666666,0.0,1.0,,0.47714652342960034,0.0,0.0,,,0.0,0.0,True,True,0.1695663545504496,2.8000000000000003,9.0,0.0,,E3,M2+S0,T5,1033,3.7507688999176025
0.54,0.0,1.0,,0.46999999999999936,0.0,0.0,,,0.0,0.0,True,False,0.15306227681082357,8.061538461538461,13.0,0.0,,E3,M2+S0,T5,1034,3.682284116744995
0.7683333333333333,0.0,1.0,2.044244904982872,0.4699999999999998,0.0,0.0,,,0.0,0.0,True,False,0.11424863182775442,2.9375,8.0,0.0,,E3,M2+S0,T5,1035,3.5391130447387695
0.8,0.0,1.0,,0.4748832218226293,0.0,0.0,,,0.0,0.0,True,True,0.15070608147462064,2.8833333333333333,6.0,0.0,,E3,M2+S0,T5,1036,3.43599009513855
0.69,0.0,0.9616666666666667,0.45163304126763065,0.47000000000000014,0.0,0.0,,,0.0,0.0,True,False,0.16613820062258697,4.04,10.0,0.0,,E3,M2+S0,T5,1037,3.758718252182007
0.5316666666666666,0.0,0.8316666666666667,0.4699999999999995,0.4793201843685802,0.0,2.0,0.5,7.2,0.0,0.0,False,False,0.11737280935361916,5.341666666666668,12.0,0.0,,E3,M2+S0,T5,1038,3.2179911136627197
0.79,0.0,1.0,1.4275738460886431,0.4699999999999992,0.0,0.0,,,0.0,0.0,True,False,0.16840488524682073,3.266666666666667,9.0,0.0,,E3,M2+S0,T5,1039,3.7024738788604736
0.7616666666666667,0.0,0.9916666666666667,0.4699999999999997,0.46999999999999975,0.0,1.0,0.0,,0.0,0.0,False,False,0.15722681279069967,3.0250000000000004,8.0,0.0,,E3,M2+S0,T5,1040,3.4245502948760986
0.645,0.0,0.8883333333333333,0.46999999999999953,0.4850889581295366,0.0,1.0,0.0,,0.0,0.0,False,False,0.11365430883332886,5.48,10.0,0.0,,E3,M2+S0,T5,1041,3.270899772644043
0.6833333333333333,2.0,0.7566666666666667,0.36816944535874696,0.4723909841295699,0.0,1.0,0.0,,0.0,0.0,False,False,0.11568045914204445,2.6999999999999997,6.0,1.0,,E3,M2+S0,T5,1042,3.134821891784668
0.7083333333333334,0.0,1.0,,0.4699999999999992,0.0,0.0,,,0.0,0.0,True,False,0.15607222909540042,2.88,10.0,0.0,,E3,M2+S0,T5,1043,3.7115352153778076
0.6383333333333333,0.0,1.0,,0.490873605642215,0.0,0.0,,,0.0,0.0,True,False,0.19410970301410835,4.91,10.0,0.0,,E3,M2+S0,T5,1044,3.517210006713867
0.7666666666666667,0.0,0.9766666666666667,0.46999999999999964,0.4945163090962956,0.0,0.0,,,0.0,0.0,True,False,0.1833078500695646,3.1,5.0,1.0,,E3,M2+S0,T5,1045,3.9017841815948486
0.7116666666666667,0.0,0.945,0.4699999999999996,0.4700000000000005,0.0,2.0,1.0,6.0,0.0,0.0,True,False,0.12828953403767773,1.6750000000000003,8.0,3.0,,E3,M2+S0,T5,1046,3.286101818084717
0.7366666666666667,0.0,0.9933333333333333,0.4777969838992273,0.4757074817454637,0.0,1.0,1.0,1.6,0.0,0.0,True,False,0.1528493205500867,6.25,6.0,0.0,,E3,M2+S0,T5,1047,3.702453851699829
0.68,0.0,0.8633333333333333,0.4699999999999994,0.4700000000000003,0.0,1.0,0.0,,0.0,0.0,False,False,0.10241171969597848,2.4454545454545458,11.0,1.0,,E3,M2+S0,T5,1048,3.105323076248169
0.61,0.0,1.0,,0.4699999999999992,0.0,0.0,,,0.0,0.0,True,False,0.15256597514408898,5.022222222222222,9.0,0.0,,E3,M2+S0,T5,1049,3.588113784790039
0.705,1.0,0.8716666666666667,0.44889881503874624,0.4699999999999997,0.0,1.0,1.0,1.9000000000000001,0.0,0.0,True,False,0.15453068667826483,3.3800000000000003,10.0,0.0,,E3,M2+S0,T7,1000,4.0276641845703125
0.8833333333333333,2.0,0.62,0.4480451919599817,0.4873345862110659,0.0,0.0,,,0.0,0.0,True,False,0.17794733702803783,1.6,5.0,4.0,,E3,M2+S0,T7,1001,4.215385913848877
0.995,0.0,1.0,,0.9936816341019251,0.0,0.0,,,0.0,0.0,True,True,0.11856674834675587,1.2000000000000002,2.0,0.0,,E3,M2+S0,T7,1002,3.540447950363159
0.18666666666666668,0.0,0.9916666666666667,0.47000000000000036,0.4700000000000002,0.0,1.0,0.0,,0.0,0.0,True,False,0.04554420854895369,16.133333333333333,9.0,0.0,,E3,M2+S0,T7,1003,1.9890029430389404
0.3333333333333333,0.0,0.77,0.46999999996547936,1.0220642465677867,0.0,1.0,0.0,,0.0,0.0,False,False,0.044299230964950156,13.229411764705883,17.0,1.0,,E3,M2+S0,T7,1004,2.6137311458587646
0.9083333333333333,0.0,1.0,,0.5501981122284271,0.0,0.0,,,0.0,0.0,True,True,0.1608684314038092,2.6333333333333333,3.0,0.0,,E3,M2+S0,T7,1005,3.54951810836792
0.6966666666666667,0.0,0.9583333333333334,0.4699999999999996,0.507681583680635,0.0,1.0,1.0,1.7000000000000002,0.0,0.0,True,False,0.19900953810450875,3.6375,8.0,2.0,,E3,M2+S0,T7,1006,3.910861015319824
0.8166666666666667,0.0,1.0,,0.46999999999999986,0.0,0.0,,,0.0,0.0,True,True,0.12623510083010012,3.3833333333333333,6.0,0.0,,E3,M2+S0,T7,1007,3.5810587406158447
0.5916666666666667,0.0,0.875,0.4699999999999997,0.4699999999999998,0.0,3.0,0.0,,0.0,0.0,False,False,0.04889410914383067,4.775,4.0,0.0,,E3,M2+S0,T7,1008,3.009298801422119
0.9533333333333334,0.0,0.9966666666666667,0.493974217310136,0.5301558549787709,0.0,0.0,,,0.0,0.0,True,True,0.17430996614725344,3.9000000000000004,1.0,0.0,,E3,M2+S0,T7,1009,3.9982831478118896
0.7666666666666667,4.0,0.845,0.4119939256709273,0.4813379410362777,0.0,0.0,,,0.0,0.0,True,False,0.18793873565794406,2.3714285714285714,7.0,3.0,,E3,M2+S0,T7,1010,3.6226978302001953
0.24333333333333335,0.0,0.97,0.46999999999999975,1.1810667220044697,0.0,1.0,0.0,,0.0,0.0,False,False,0.033254272415149305,20.36,5.0,3.0,,E3,M2+S0,T7,1011,2.356951951980591
0.9416666666666667,0.0,1.0,0.5599294393298027,0.6433387732817399,0.0,0.0,,,0.0,0.0,True,True,0.1302240734571667,2.2399999999999998,5.0,1.0,,E3,M2+S0,T7,1012,3.8567960262298584
0.7183333333333334,0.0,1.0,,0.48379770579038295,0.0,0.0,,,0.0,0.0,True,False,0.17304434177106406,4.7,5.0,0.0,,E3,M2+S0,T7,1013,3.5690829753875732
0.5366666666666666,0.0,0.92,0.46999999999999914,0.46999999999999975,0.0,2.0,0.5,8.200000000000001,0.0,0.0,False,False,0.12283033083076371,3.8874999999999997,8.0,1.0,,E3,M2+S0,T7,1014,3.111607789993286
0.46166666666666667,0.0,0.835,0.46999999999999953,1.2329025561493658,0.0,2.0,0.0,,0.0,0.0,False,False,0.0641169821563423,4.166666666666667,3.0,1.0,,E3,M2+S0,T7,1015,2.4160099029541016
0.97,0.0,1.0,5.4100184810599075,0.79452042498933,0.0,0.0,,,0.0,0.0,True,True,0.19281353339992077,3.4000000000000004,1.0,0.0,,E3,M2+S0,T7,1016,3.7541520595550537
0.8333333333333334,0.0,0.8766666666666667,0.46999999999999953,0.4699999999999998,0.0,1.0,1.0,1.3,0.0,0.0,True,True,0.19757752013471808,2.0615384615384618,13.0,3.0,,E3,M2+S0,T7,1017,3.869818925857544
0.8133333333333334,0.0,0.9083333333333333,0.4699999999999996,0.4846272357938264,0.0,2.0,1.0,1.5500000000000003,0.0,0.0,True,True,0.1552114003173477,1.7666666666666666,9.0,3.0,,E3,M2+S0,T7,1018,3.6470489501953125
0.545,0.0,0.8383333333333334,0.4699999999999995,0.46999999999999986,0.0,2.0,0.5,1.6,0.0,0.0,True,False,0.09646475580121742,3.0300000000000002,10.0,3.0,,E3,M2+S0,T7,1019,3.0811612606048584
0.3466666666666667,0.0,1.0,,0.47981711415383754,0.0,0.0,,,0.0,0.0,True,False,0.18239885286367752,40.1,1.0,0.0,,E3,M2+S0,T7,1020,3.5206761360168457
0.585,0.0,1.0,3.6401120824258992,0.4700000000000001,0.0,0.0,,,0.0,0.0,True,False,0.16944162525268894,5.76,5.0,0.0,,E3,M2+S0,T7,1021,3.68546986579895
0.6283333333333333,0.0,1.0,,0.46999999999999986,0.0,0.0,,,0.0,0.0,True,False,0.16226930119199479,7.557142857142858,7.0,0.0,,E3,M2+S0,T7,1022,3.5161077976226807
0.765,0.0,0.86,0.4699999999999999,0.4699999999999996,0.0,0.0,,,0.0,0.0,True,False,0.16176631691651278,3.4454545454545453,11.0,1.0,,E3,M2+S0,T7,1023,3.6507749557495117
0.59,0.0,0.7083333333333334,0.4699999999999991,0.4700000000000002,0.0,2.0,0.5,5.800000000000001,0.0,0.0,True,False,0.11967612240715629,2.6333333333333333,6.0,0.0,,E3,M2+S0,T7,1024,3.182645559310913
0.41,0.0,0.7983333333333333,0.46999999999999903,0.4699999999999998,0.0,4.0,0.5,8.6,0.0,0.0,False,False,0.11048035372960599,8.144444444444444,9.0,3.0,,E3,M2+S0,T7,1025,3.1961851119995117
0.7466666666666667,1.0,0.9416666666666667,0.4699999999999996,0.5124068528308378,0.0,0.0,,,0.0,0.0,True,False,0.17270955937775057,3.936363636363637,11.0,0.0,,E3,M2+S0,T7,1026,3.819183826446533
0.8183333333333334,0.0,1.0,,0.49337256352988457,0.0,0.0,,,0.0,0.0,True,True,0.14688506890423256,4.7,5.0,0.0,,E3,M2+S0,T7,1027,3.4591898918151855
0.6966666666666667,1.0,0.8366666666666667,0.44776456891365624,0.46999999999999925,0.0,3.0,0.6666666666666666,6.050000000000001,0.0,0.0,False,False,0.09898466994105082,3.4166666666666665,6.0,2.0,,E3,M2+S0,T7,1028,3.347504138946533
1.0,0.0,1.0,0.5376148609301648,1.2938853242315187,0.0,0.0,,,0.0,0.0,True,True,0.128838861671305,0.0,2.0,0.0,,E3,M2+S0,T7,1029,4.200523853302002
0.8933333333333333,0.0,1.0,,0.4711046195497637,0.0,0.0,,,0.0,0.0,True,True,0.17718067142960808,4.575,4.0,0.0,,E3,M2+S0,T7,1030,3.592434883117676
1.0,0.0,1.0,,1.0284477958175577,0.0,0.0,,,0.0,0.0,True,True,0.15008804073415905,0.0,3.0,0.0,,E3,M2+S0,T7,1031,3.82366681098938
0.26,0.0,0.9666666666666667,0.4699999999999993,0.7260918716977645,0.0,1.0,0.0,,0.0,0.0,False,False,0.038597558192557106,6.866666666666667,3.0,0.0,,E3,M2+S0,T7,1032,2.029737949371338
0.8,0.0,0.9966666666666667,0.49891372411187596,0.5252345582033534,0.0,2.0,1.0,7.1,0.0,0.0,True,True,0.13537887170187798,2.9000000000000004,2.0,0.0,,E3,M2+S0,T7,1033,3.8847732543945312
0.6533333333333333,0.0,0.9583333333333334,0.4699999999999995,0.46999999999999953,0.0,0.0,,,0.0,0.0,True,False,0.17056138354238196,5.758333333333334,12.0,1.0,,E3,M2+S0,T7,1034,3.7009668350219727
0.9133333333333333,0.0,1.0,0.5038603312614673,0.5819066276355462,0.0,0.0,,,0.0,0.0,True,True,0.13582348301484112,0.6777777777777777,9.0,4.0,,E3,M2+S0,T7,1035,4.285104274749756
1.0,0.0,0.9733333333333334,0.46999999999999975,1.0171688619132726,0.0,0.0,,,0.0,0.0,True,True,0.1681836420545999,0.0,3.0,0.0,,E3,M2+S0,T7,1036,3.6153581142425537
0.8316666666666667,0.0,0.9666666666666667,0.46999999999999964,0.48102825063535415,0.0,1.0,1.0,1.5,0.0,0.0,True,True,0.15418066319555726,2.325,8.0,0.0,,E3,M2+S0,T7,1037,4.029921054840088
0.345,1.0,0.6433333333333333,0.46999999999999925,0.5058445095908349,0.0,1.0,0.0,,0.0,0.0,False,False,0.10372663863814617,6.236363636363635,11.0,1.0,,E3,M2+S0,T7,1038,3.1109201908111572
0.42,0.0,0.9133333333333333,0.4699999999999997,0.4700000000000001,0.0,1.0,0.0,,0.0,0.0,False,False,0.08056514283043749,7.066666666666667,6.0,4.0,,E3,M2+S0,T7,1039,3.0978658199310303
0.36666666666666664,0.0,0.7333333333333333,0.4699999999999991,0.46999999999999975,0.0,1.0,0.0,,0.0,0.0,True,False,0.10829745455674455,10.008333333333335,12.0,1.0,,E3,M2+S0,T7,1040,3.4995310306549072
0.9633333333333334,0.0,1.0,0.7518611844555035,0.809946023212833,0.0,0.0,,,0.0,0.0,True,True,0.20182263772945933,2.8000000000000003,2.0,0.0,,E3,M2+S0,T7,1041,4.203620195388794
0.26,0.0,1.0,0.9447664041650278,1.440512925769611,0.0,2.0,0.0,,0.0,0.0,False,False,0.03521629313477336,13.133333333333333,6.0,1.0,,E3,M2+S0,T7,1042,2.3430190086364746
0.31833333333333336,0.0,0.995,0.4699999999999996,0.46999999999999975,0.0,2.0,0.0,,0.0,0.0,False,False,0.06519488868000625,8.014285714285714,7.0,0.0,,E3,M2+S0,T7,1043,2.852160930633545
0.235,0.0,0.8416666666666667,0.4699999999999992,0.4892105462356359,0.0,2.0,0.5,9.1,0.0,0.0,False,False,0.08061647360207062,5.976923076923078,13.0,1.0,,E3,M2+S0,T7,1044,2.8758490085601807
0.73,0.0,0.9683333333333334,0.46650940638035854,0.4830984386685305,0.0,0.0,,,0.0,0.0,True,False,0.22222405772842896,3.1625,8.0,2.0,,E3,M2+S0,T7,1045,3.8544211387634277
0.7483333333333333,0.0,1.0,3.0491611043219278,0.46999999999999936,0.0,0.0,,,0.0,0.0,True,False,0.1792066289540444,4.6000000000000005,7.0,0.0,,E3,M2+S0,T7,1046,3.9244396686553955
0.9416666666666667,0.0,0.9916666666666667,0.46999999999999925,0.5626504627835397,0.0,0.0,,,0.0,0.0,True,True,0.18325845285939946,4.6000000000000005,1.0,0.0,,E3,M2+S0,T7,1047,3.9511423110961914
1.0,0.0,1.0,0.5226434746571632,1.3091093612656146,0.0,0.0,,,0.0,0.0,True,True,0.11406597399342804,0.0,4.0,0.0,,E3,M2+S0,T7,1048,4.064671039581299
0.9383333333333334,0.0,1.0,,0.5833001620277273,0.0,0.0,,,0.0,0.0,True,True,0.1301965765591243,1.7750000000000001,4.0,0.0,,E3,M2+S0,T7,1049,3.5717570781707764
0.9383333333333334,0.0,1.0,0.7767001095748557,0.5242816291354353,0.0,0.0,,,0.0,0.0,True,True,0.1519764351497825,4.5,1.0,0.0,,E3,M3+S0,T3,1000,3.906118869781494
0.9566666666666667,0.0,1.0,0.5146180755104844,0.7259520478175194,0.0,0.0,,,0.0,0.0,True,True,0.19008335823826736,1.5333333333333334,3.0,0.0,,E3,M3+S0,T3,1001,3.7017440795898438
0.965,0.0,1.0,0.7245273134892924,0.6343075214820024,0.0,0.0,,,0.0,0.0,True,True,0.1492313225896509,1.5,2.0,0.0,,E3,M3+S0,T3,1002,3.7362279891967773
0.8283333333333334,0.0,0.9416666666666667,0.4699999999999992,0.4700000000000004,0.0,0.0,,,0.0,0.0,True,True,0.16108257759879926,2.4571428571428577,7.0,1.0,,E3,M3+S0,T3,1003,3.8869941234588623
0.8383333333333334,0.0,1.0,0.7084694529411252,0.4699999999999997,0.0,0.0,,,0.0,0.0,True,True,0.1648352178643219,4.42,5.0,1.0,,E3,M3+S0,T3,1004,3.8373351097106934
0.15333333333333332,0.0,0.9916666666666667,0.47000000000000064,1.665493430169898,0.0,2.0,0.5,5.6000000000000005,0.0,0.0,False,False,0.022445378466709392,31.26666666666667,3.0,1.0,,E3,M3+S0,T3,1005,1.9887850284576416
,,,,,,,,,,,,,,,,,RuntimeError('T3 seed 1006: no straight run found'),E3,M3+S0,T3,1006,0.26726722717285156
0.9866666666666667,0.0,1.0,0.5786774209931066,0.9769156405451298,0.0,0.0,,,0.0,0.0,True,True,0.16786360160782607,2.3000000000000003,1.0,0.0,,E3,M3+S0,T3,1007,3.977581024169922
0.8816666666666667,0.0,0.9683333333333334,0.4699999999999995,0.46999999999999975,0.0,0.0,,,0.0,0.0,True,True,0.18681628470412937,3.72,5.0,4.0,,E3,M3+S0,T3,1008,3.754628896713257
0.15833333333333333,0.0,0.8883333333333333,0.4699999999999996,1.098473543244573,0.0,5.0,0.0,,17.0,0.875,False,False,0.07193373667965597,15.425,4.0,1.0,,E3,M3+S0,T3,1009,3.9704408645629883
0.19666666666666666,0.0,1.0,0.8084941299026407,1.1229380958768111,0.0,7.0,0.0,,4.0,0.205,False,False,0.04512569894256884,21.96666666666667,3.0,0.0,,E3,M3+S0,T3,1010,2.336486339569092
0.8833333333333333,0.0,1.0,0.8603116545293185,0.4699999999999992,0.0,0.0,,,0.0,0.0,True,True,0.17097721400567623,3.7000000000000006,3.0,0.0,,E3,M3+S0,T3,1011,3.888659954071045
0.92,1.0,1.0,1.2578509437090966,0.4700000000000003,0.0,0.0,,,0.0,0.0,True,False,0.1663979931829307,4.6,2.0,0.0,,E3,M3+S0,T3,1012,3.9683420658111572
0.9316666666666666,0.0,1.0,1.1334458152233724,0.47000000000000086,0.0,0.0,,,0.0,0.0,True,True,0.15421432861414422,2.5333333333333337,3.0,0.0,,E3,M3+S0,T3,1013,3.9625699520111084
0.9633333333333334,0.0,1.0,0.707023106407723,0.7315746999981619,0.0,0.0,,,0.0,0.0,True,True,0.15899315529084818,3.3000000000000003,1.0,0.0,,E3,M3+S0,T3,1014,3.783395767211914
0.9683333333333334,0.0,1.0,1.7407932557220502,0.7283762960724607,0.0,0.0,,,0.0,0.0,True,True,0.13666910616038436,0.66,5.0,0.0,,E3,M3+S0,T3,1015,3.826725959777832
0.9033333333333333,0.0,1.0,0.6138963292741619,0.4981007496558166,0.0,0.0,,,0.0,0.0,True,True,0.1731321602811675,1.675,4.0,1.0,,E3,M3+S0,T3,1016,3.8885841369628906
0.9333333333333333,0.0,1.0,1.102987709423082,0.5331881619199004,0.0,0.0,,,0.0,0.0,True,True,0.17012742623074284,5.0,1.0,2.0,,E3,M3+S0,T3,1017,4.123433828353882
0.6816666666666666,0.0,1.0,0.9545393174766411,0.47,0.0,1.0,1.0,5.2,0.0,0.0,True,False,0.11546786298268086,4.333333333333334,6.0,3.0,,E3,M3+S0,T3,1018,3.622436046600342
0.92,0.0,1.0,1.3133470917637895,0.507155081111266,0.0,0.0,,,0.0,0.0,True,True,0.1709809522460791,5.6000000000000005,1.0,0.0,,E3,M3+S0,T3,1019,4.330655097961426
0.9233333333333333,0.0,1.0,0.7232591050942138,0.5172547390604147,0.0,0.0,,,0.0,0.0,True,True,0.17927791640172486,2.9000000000000004,2.0,0.0,,E3,M3+S0,T3,1020,3.991928815841675
0.9466666666666667,0.0,1.0,1.3100802811505214,0.570966605890528,0.0,0.0,,,0.0,0.0,True,True,0.18889712937712697,4.1000000000000005,1.0,0.0,,E3,M3+S0,T3,1021,4.517461061477661
1.0,0.0,1.0,0.5274623753247449,1.3164772292198574,0.0,0.0,,,0.0,0.0,True,True,0.19198774959531587,,0.0,0.0,,E3,M3+S0,T3,1022,3.779137134552002
0.9083333333333333,0.0,1.0,0.9379921868298204,0.5112811009759257,0.0,0.0,,,0.0,0.0,True,True,0.17666165747020157,3.3000000000000003,2.0,1.0,,E3,M3+S0,T3,1023,4.19387412071228
0.11166666666666666,0.0,1.0,1.1235946343461678,0.839306069678935,0.0,1.0,0.0,,8.0,0.46166666666666667,False,False,0.053542917775499674,43.800000000000004,3.0,3.0,,E3,M3+S0,T3,1024,2.7756879329681396
0.8833333333333333,0.0,1.0,1.1973118203510789,0.4927659572179856,0.0,0.0,,,0.0,0.0,True,True,0.14621981992062266,2.35,2.0,1.0,,E3,M3+S0,T3,1025,4.503692865371704
0.7866666666666666,0.0,0.995,0.47000000000000003,0.4719520448841117,0.0,1.0,1.0,2.0,0.0,0.0,True,False,0.16025970609520265,4.25,8.0,3.0,,E3,M3+S0,T3,1026,4.349027872085571
0.8333333333333334,0.0,1.0,1.2942609612554214,0.46999999999999953,0.0,0.0,,,0.0,0.0,True,True,0.18350677187063824,3.2,5.0,0.0,,E3,M3+S0,T3,1027,4.552525043487549
0.9666666666666667,0.0,0.8483333333333334,0.4699999999999993,0.8352065483976217,0.0,0.0,,,0.0,0.0,True,True,0.15631920581148487,1.3833333333333335,6.0,7.0,,E3,M3+S0,T3,1028,4.13501501083374
0.9916666666666667,0.0,1.0,1.5197868092006555,0.9716842462339671,0.0,0.0,,,0.0,0.0,True,True,0.18561376044157687,1.6666666666666667,3.0,3.0,,E3,M3+S0,T3,1029,4.351449012756348
0.895,0.0,0.9766666666666667,0.4699999999999997,0.49472388803572553,0.0,0.0,,,0.0,0.0,True,True,0.15156425458677666,3.95,2.0,0.0,,E3,M3+S0,T3,1030,4.049261808395386
0.935,0.0,1.0,0.5707777373116396,0.5633818491605501,0.0,1.0,1.0,1.7000000000000002,0.0,0.0,True,True,0.1643691055364474,2.2,2.0,0.0,,E3,M3+S0,T3,1031,4.326608896255493
0.9283333333333333,0.0,1.0,1.1839787736996834,0.527615547025452,0.0,0.0,,,0.0,0.0,True,True,0.16990682430191334,1.9333333333333336,3.0,2.0,,E3,M3+S0,T3,1032,4.1392412185668945
0.975,0.0,1.0,0.7173342702334871,0.8345156717374453,0.0,0.0,,,0.0,0.0,True,True,0.17273284474296194,2.7,1.0,0.0,,E3,M3+S0,T3,1033,4.2331342697143555
1.0,0.0,1.0,0.8226169754542242,1.2200369259224908,0.0,0.0,,,0.0,0.0,True,True,0.14649371418141252,0.0,2.0,0.0,,E3,M3+S0,T3,1034,4.214807987213135
0.9533333333333334,0.0,1.0,1.642564648454404,0.548752846715475,0.0,0.0,,,0.0,0.0,True,True,0.15201901151887737,1.2,3.0,0.0,,E3,M3+S0,T3,1035,4.394735097885132
0.9666666666666667,0.0,0.9883333333333333,0.46999999999999975,0.6680915787459878,0.0,0.0,,,0.0,0.0,True,True,0.144908880834298,0.675,4.0,1.0,,E3,M3+S0,T3,1036,4.317690134048462
0.8783333333333333,0.0,1.0,0.7435696859447649,0.47781056059061017,0.0,0.0,,,0.0,0.0,True,True,0.15415059471993772,4.550000000000001,2.0,0.0,,E3,M3+S0,T3,1037,4.320516109466553
0.9683333333333334,0.0,1.0,1.6728769181832392,0.8312430626094811,0.0,0.0,,,0.0,0.0,True,True,0.1425911932806665,1.55,2.0,0.0,,E3,M3+S0,T3,1038,4.483913898468018
0.965,0.0,0.9916666666666667,0.46999999999999986,0.7969202710904841,0.0,0.0,,,0.0,0.0,True,True,0.14636414235601844,1.4500000000000002,2.0,0.0,,E3,M3+S0,T3,1039,4.186985969543457
0.945,0.0,1.0,1.4005850107136464,0.6163826580431333,0.0,0.0,,,0.0,0.0,True,True,0.18213899030320171,4.4,1.0,0.0,,E3,M3+S0,T3,1040,4.746262073516846
0.9133333333333333,0.0,0.9066666666666666,0.46999999999999953,0.9586283347665969,0.0,1.0,0.0,,0.0,0.0,False,False,0.12637236196784002,2.966666666666667,3.0,2.0,,E3,M3+S0,T3,1041,4.263181209564209
0.78,1.0,0.9866666666666667,0.46999999999999975,0.5518611709713475,0.0,1.0,0.0,,0.0,0.0,False,False,0.11739470710146721,3.4000000000000004,1.0,0.0,,E3,M3+S0,T3,1042,4.106376886367798
0.9733333333333334,0.0,0.9816666666666667,0.4699999999999997,0.8929561049540701,0.0,0.0,,,0.0,0.0,True,True,0.15482465355983435,1.28,5.0,3.0,,E3,M3+S0,T3,1043,4.239914655685425
0.915,1.0,0.9516666666666667,0.46999999999999914,0.5565397863243385,0.0,0.0,,,0.0,0.0,True,False,0.15693841405126419,5.65,2.0,0.0,,E3,M3+S0,T3,1044,4.1546711921691895
0.8733333333333333,0.0,1.0,1.1563197911197813,0.5011028756271045,0.0,0.0,,,0.0,0.0,True,True,0.1736622716128519,2.85,4.0,1.0,,E3,M3+S0,T3,1045,4.06093692779541
0.885,0.0,1.0,1.1629779968951943,0.5349375407091522,0.0,0.0,,,0.0,0.0,True,True,0.19263064760576223,3.8000000000000003,4.0,4.0,,E3,M3+S0,T3,1046,4.311388969421387
0.825,0.0,1.0,1.1774822747098248,0.5126074216717731,0.0,1.0,1.0,5.5,0.0,0.0,True,True,0.11915857173286992,4.366666666666667,3.0,4.0,,E3,M3+S0,T3,1047,3.7739369869232178
0.96,0.0,1.0,0.8037223024067893,0.740636905754916,0.0,0.0,,,0.0,0.0,True,True,0.17437185254766796,0.925,4.0,0.0,,E3,M3+S0,T3,1048,4.210670709609985
0.9033333333333333,0.0,1.0,0.8975613515288359,0.47639333520481847,0.0,0.0,,,0.0,0.0,True,True,0.17582853215886085,3.3000000000000003,3.0,0.0,,E3,M3+S0,T3,1049,3.7092337608337402
0.9616666666666667,0.0,0.95,0.4699999999999992,0.7001801654545976,0.0,0.0,,,0.0,0.0,True,True,0.16682500724470703,2.0,3.0,0.0,,E3,M3+S0,T4,1000,4.015703916549683
0.37333333333333335,0.0,0.9116666666666666,0.4699999999999996,1.204394819164253,0.0,4.0,0.25,7.0,4.0,0.17833333333333334,False,False,0.06332487970885554,3.31,10.0,0.0,,E3,M3+S0,T4,1001,2.6815099716186523
0.915,0.0,1.0,2.2540704631132944,0.47,0.0,0.0,,,0.0,0.0,True,True,0.1541434978648304,2.7,5.0,0.0,,E3,M3+S0,T4,1002,3.9175679683685303
0.8916666666666667,0.0,0.9966666666666667,0.4822901468939918,0.4700000000000006,0.0,0.0,,,0.0,0.0,True,True,0.13749795799334819,3.8333333333333335,3.0,0.0,,E3,M3+S0,T4,1003,3.9209961891174316
0.22833333333333333,0.0,0.8033333333333333,0.47,1.2516005812221185,0.0,1.0,0.0,,0.0,0.0,False,False,0.029740578563603758,19.77857142857143,14.0,0.0,,E3,M3+S0,T4,1004,2.0859639644622803
0.38166666666666665,0.0,0.9483333333333334,0.4699999999999996,0.6249903996665739,0.0,2.0,0.5,8.3,0.0,0.0033333333333333335,True,False,0.06014223298233185,2.2,5.0,1.0,,E3,M3+S0,T4,1005,2.8614630699157715
0.9116666666666666,0.0,0.9233333333333333,0.46999999999999986,0.639143329431218,0.0,0.0,,,0.0,0.0,True,True,0.19956365182499314,1.5400000000000003,5.0,1.0,,E3,M3+S0,T4,1006,3.9942519664764404
0.7766666666666666,0.0,1.0,1.1040720130036683,0.4699999999999999,0.0,0.0,,,0.0,0.0,True,False,0.16013075917396505,6.180000000000001,5.0,0.0,,E3,M3+S0,T4,1007,3.849215030670166
0.39,0.0,0.31333333333333335,0.4699999999999995,0.46999999999999986,0.0,3.0,0.3333333333333333,8.0,0.0,0.0,False,False,0.07625897423365734,5.122222222222224,9.0,2.0,,E3,M3+S0,T4,1008,2.727193832397461
0.83,0.0,0.955,0.4590116052082554,0.4972578074543793,0.0,0.0,,,0.0,0.0,True,True,0.17733873842388864,7.2,4.0,0.0,,E3,M3+S0,T4,1009,3.766558885574341
0.9883333333333333,0.0,1.0,4.417685632022191,0.9823528463859825,0.0,0.0,,,0.0,0.0,True,True,0.15387099613942845,2.1,1.0,0.0,,E3,M3+S0,T4,1010,3.8310441970825195
0.9583333333333334,0.0,1.0,2.8900887119399554,0.6880976991455328,0.0,0.0,,,0.0,0.0,True,True,0.17510383942300073,1.2,3.0,0.0,,E3,M3+S0,T4,1011,3.638374090194702
0.5966666666666667,0.0,0.9733333333333334,0.46999999999999953,0.47000000000000003,0.0,0.0,,,0.0,0.0,True,False,0.14568452534582707,7.275,8.0,2.0,,E3,M3+S0,T4,1012,3.814300060272217
0.6833333333333333,0.0,0.98,0.4700000000000008,0.47000000000000014,0.0,0.0,,,0.0,0.0,True,False,0.1519200067287828,6.03,10.0,0.0,,E3,M3+S0,T4,1013,3.777479887008667
0.895,0.0,0.9583333333333334,0.46999999999999975,0.49876730231391553,0.0,0.0,,,0.0,0.0,True,True,0.19144233803014035,2.96,5.0,0.0,,E3,M3+S0,T4,1014,4.077618837356567
0.7683333333333333,1.0,0.9766666666666667,0.46999999999999964,0.4699999999999998,0.0,0.0,,,0.0,0.0,True,False,0.1767554224830962,2.1750000000000003,8.0,0.0,,E3,M3+S0,T4,1015,3.687587261199951
0.7566666666666667,0.0,1.0,1.1362237259158188,0.4728652489331716,0.0,0.0,,,0.0,0.0,True,False,0.16449633669331074,9.016666666666667,6.0,0.0,,E3,M3+S0,T4,1016,3.627793073654175
0.4866666666666667,0.0,0.935,0.4699999999999996,0.5020956677989736,0.0,1.0,0.0,,0.0,0.0,True,False,0.11597139179075434,2.8249999999999997,12.0,3.0,,E3,M3+S0,T4,1017,3.0873470306396484
0.9783333333333334,0.0,0.9716666666666667,0.46999999999999936,0.9104099645859153,0.0,0.0,,,0.0,0.0,True,True,0.15155820904965608,0.5333333333333333,6.0,1.0,,E3,M3+S0,T4,1018,3.837547779083252
0.5716666666666667,0.0,0.8266666666666667,0.4699999999999999,0.46999999999999964,0.0,1.0,0.0,,0.0,0.0,False,False,0.10816964784521177,9.500000000000002,5.0,0.0,,E3,M3+S0,T4,1019,3.1083168983459473
0.3983333333333333,0.0,0.6116666666666667,0.4699999999999997,0.510641344652589,0.0,2.0,0.0,,14.0,0.55,False,False,0.14706762771747964,11.5,4.0,0.0,,E3,M3+S0,T4,1020,3.8637120723724365
0.9166666666666666,0.0,1.0,1.7008113284399267,0.5396007844797788,0.0,0.0,,,0.0,0.0,True,True,0.16849580998318603,3.7500000000000004,2.0,0.0,,E3,M3+S0,T4,1021,3.8667490482330322
0.8416666666666667,0.0,1.0,3.286594087488136,0.4699999999999993,0.0,0.0,,,0.0,0.0,True,True,0.12446145218029281,6.5,3.0,0.0,,E3,M3+S0,T4,1022,3.7877869606018066
0.765,2.0,0.5083333333333333,0.43499555284146535,0.47000000000000014,0.0,0.0,,,0.0,0.0,True,False,0.15069977972981885,3.0416666666666665,12.0,9.0,,E3,M3+S0,T4,1023,3.843714952468872
0.7866666666666666,0.0,0.9583333333333334,0.47000000000000003,0.46999999999999986,0.0,0.0,,,0.0,0.0,True,False,0.16517003053140003,4.216666666666668,6.0,0.0,,E3,M3+S0,T4,1024,3.802988052368164
0.043333333333333335,0.0,1.0,1.628086070488419,0.7089189251678649,0.0,4.0,0.0,,3.0,0.195,False,False,0.028605860033776298,25.58571428571429,7.0,0.0,,E3,M3+S0,T4,1025,2.4752049446105957
0.755,0.0,0.585,0.4699999999999988,0.534634071959328,0.0,1.0,1.0,8.3,0.0,0.0,True,False,0.11322810707863319,6.6000000000000005,1.0,0.0,,E3,M3+S0,T4,1026,3.3076720237731934
0.8766666666666667,0.0,1.0,1.7142499821203763,0.49585510588104714,0.0,0.0,,,0.0,0.0,True,True,0.15861995132735995,3.45,4.0,0.0,,E3,M3+S0,T4,1027,3.67586088180542
0.9416666666666667,0.0,1.0,0.7579201090882802,0.5353720401476196,0.0,0.0,,,0.0,0.0,True,True,0.14936614726640174,4.6000000000000005,1.0,0.0,,E3,M3+S0,T4,1028,3.7682390213012695
0.7183333333333334,0.0,0.875,0.46999999999999953,0.47569174401207287,0.0,1.0,0.0,,0.0,0.0016666666666666668,False,False,0.12926076841746106,2.6999999999999997,6.0,0.0,,E3,M3+S0,T4,1029,3.5883231163024902
0.825,1.0,0.5616666666666666,0.46999999999999914,0.4819632500685142,0.0,0.0,,,0.0,0.0,True,False,0.1466878559774723,3.7285714285714286,7.0,4.0,,E3,M3+S0,T4,1030,3.7538788318634033
0.89,0.0,1.0,1.1319747753781977,0.5197004530396007,0.0,0.0,,,0.0,0.0,True,True,0.1965887937314477,3.7000000000000006,6.0,1.0,,E3,M3+S0,T4,1031,3.997952938079834
0.76,0.0,1.0,0.5004628561406836,0.4721262831428868,0.0,0.0,,,0.0,0.0,True,False,0.17908247150891637,7.175000000000001,4.0,0.0,,E3,M3+S0,T4,1032,3.840991973876953
0.8133333333333334,0.0,0.99,0.47,0.46999999999999925,0.0,4.0,0.0,,7.0,0.38166666666666665,False,False,0.11817353543921383,4.95,2.0,5.0,,E3,M3+S0,T4,1033,3.5869510173797607
0.505,0.0,0.9233333333333333,0.46999999999999936,0.4699999999999997,0.0,1.0,0.0,,0.0,0.0,False,False,0.1105997053691662,4.977777777777778,9.0,0.0,,E3,M3+S0,T4,1034,3.0205249786376953
0.4066666666666667,0.0,0.9716666666666667,0.4700000000000001,0.9199295694310379,0.0,5.0,0.4,8.4,6.0,0.3416666666666667,False,False,0.09634673697940145,9.675,4.0,3.0,,E3,M3+S0,T4,1035,3.2651519775390625
0.865,0.0,0.9683333333333334,0.4699999999999997,0.5041696467886793,0.0,0.0,,,0.0,0.0,True,True,0.21302621768558683,3.233333333333334,3.0,1.0,,E3,M3+S0,T4,1036,3.9332401752471924
0.495,0.0,0.9866666666666667,0.4700000000000004,0.6542464633084968,0.0,4.0,0.25,6.6000000000000005,0.0,0.0,False,False,0.09397792613930461,4.20909090909091,11.0,1.0,,E3,M3+S0,T4,1037,2.7854092121124268
0.5433333333333333,0.0,0.9183333333333333,0.4699999999999992,1.2239407593361207,0.0,1.0,0.0,,0.0,0.0,False,False,0.07035641646667824,7.75,2.0,0.0,,E3,M3+S0,T4,1038,2.61393404006958
0.7416666666666667,0.0,0.8066666666666666,0.4699999999999995,0.47,0.0,1.0,1.0,8.200000000000001,0.0,0.0,True,False,0.14906898876932506,2.3750000000000004,8.0,5.0,,E3,M3+S0,T4,1039,3.6047122478485107
0.7466666666666667,0.0,0.73,0.4699999999999993,0.4699999999999997,0.0,0.0,,,0.0,0.0,True,False,0.1426245281076934,4.45,8.0,0.0,,E3,M3+S0,T4,1040,3.643467903137207
0.57,0.0,1.0,0.5452895611795182,0.47000000000000003,0.0,0.0,,,0.0,0.0,True,False,0.1799593841172514,5.722222222222223,9.0,0.0,,E3,M3+S0,T4,1041,3.9400558471679688
0.9433333333333334,0.0,1.0,1.336836360187427,0.7466051532129061,0.0,0.0,,,0.0,0.0,True,True,0.1370260942407491,3.2,2.0,0.0,,E3,M3+S0,T4,1042,3.891604423522949
0.44,0.0,0.9383333333333334,0.4700000000000003,0.4699999999999997,0.0,2.0,0.5,5.7,6.0,0.2683333333333333,True,False,0.09478639130046555,2.6285714285714286,7.0,2.0,,E3,M3+S0,T4,1043,3.082446813583374
0.6533333333333333,1.0,0.7766666666666666,0.4699999999999996,0.5033141918756722,0.0,4.0,0.75,5.7,4.0,0.15333333333333332,False,False,0.1449296926630444,2.4916666666666667,12.0,4.0,,E3,M3+S0,T4,1044,3.17397141456604
0.6866666666666666,0.0,0.19833333333333333,0.46912240925871473,0.4891674189063861,0.0,2.0,0.0,,1.0,0.045,False,False,0.2503594800227634,5.444444444444445,9.0,1.0,,E3,M3+S0,T4,1045,3.7069051265716553
0.615,0.0,0.7516666666666667,0.46999999999999964,0.47061856065468305,0.0,3.0,1.0,6.333333333333333,0.0,0.0,True,False,0.13614697041676055,2.5461538461538464,13.0,2.0,,E3,M3+S0,T4,1046,3.1653640270233154
1.0,0.0,0.9783333333333334,0.4699999999999998,1.1679116823282092,0.0,0.0,,,0.0,0.0,True,True,0.15780135149427058,0.0,1.0,0.0,,E3,M3+S0,T4,1047,3.874427080154419
0.725,1.0,1.0,0.5129918864787287,0.4699999999999997,0.0,0.0,,,0.0,0.0,True,False,0.15720907492185904,6.242857142857143,7.0,0.0,,E3,M3+S0,T4,1048,3.9017529487609863
0.3933333333333333,0.0,0.8483333333333334,0.4699999999999991,0.4700000000000001,0.0,1.0,0.0,,1.0,0.045,False,False,0.10047309217969153,4.340000000000001,5.0,0.0,,E3,M3+S0,T4,1049,2.774096965789795
0.79,0.0,1.0,,0.47041926343624135,0.0,0.0,,,0.0,0.0,True,False,0.1558451476603506,2.9125,8.0,0.0,,E3,M3+S0,T5,1000,3.4582631587982178
0.5866666666666667,0.0,1.0,,0.4699999999999999,0.0,0.0,,,0.0,0.0,True,False,0.15615889220997287,4.622222222222223,9.0,0.0,,E3,M3+S0,T5,1001,3.4230520725250244
0.71,0.0,1.0,,0.4699999999999993,0.0,0.0,,,0.0,0.0,True,False,0.1534344464419632,4.26,10.0,0.0,,E3,M3+S0,T5,1002,3.629322052001953
0.79,4.0,0.8866666666666667,0.43701560199084366,0.48628083729372873,0.0,0.0,,,0.0,0.0,True,False,0.13222230104575602,3.21,10.0,0.0,,E3,M3+S0,T5,1003,3.707785129547119
0.715,0.0,0.975,0.4699999999999995,0.4700000000000002,0.0,0.0,,,0.0,0.0,True,False,0.17241020076315053,3.736363636363637,11.0,1.0,,E3,M3+S0,T5,1004,3.694286823272705
0.49333333333333335,0.0,0.9833333333333333,0.4703199586768321,0.4700000000000004,0.0,3.0,1.0,6.966666666666668,0.0,0.0,True,False,0.11898413943653217,3.985714285714286,14.0,1.0,,E3,M3+S0,T5,1005,2.9977810382843018
0.8633333333333333,0.0,1.0,,0.4954639351393489,0.0,0.0,,,0.0,0.0,True,True,0.17609793046316397,3.35,6.0,0.0,,E3,M3+S0,T5,1006,3.6762399673461914
0.5683333333333334,0.0,1.0,,0.4699999999999996,0.0,0.0,,,0.0,0.0,True,False,0.12334798791560699,7.777777777777778,9.0,0.0,,E3,M3+S0,T5,1007,3.463268756866455
0.6583333333333333,0.0,0.885,0.4699999999999993,0.46999999999999925,0.0,1.0,0.0,,0.0,0.0,False,False,0.13650092670692757,3.56,10.0,1.0,,E3,M3+S0,T5,1008,3.5380709171295166
0.8333333333333334,0.0,1.0,0.5128139100095751,0.48510664263775477,0.0,0.0,,,0.0,0.0,True,True,0.1617834354005118,3.9125000000000005,8.0,0.0,,E3,M3+S0,T5,1009,3.848010778427124
0.6766666666666666,0.0,0.9766666666666667,0.4699999999999999,0.49546862098187516,0.0,0.0,,,0.0,0.0,True,False,0.19543157546670756,5.9222222222222225,9.0,0.0,,E3,M3+S0,T5,1010,3.8403241634368896
0.8066666666666666,0.0,1.0,,0.4776981237735004,0.0,0.0,,,0.0,0.0,True,True,0.1473433003877969,4.2,8.0,0.0,,E3,M3+S0,T5,1011,3.587043046951294
0.8116666666666666,0.0,0.9916666666666667,0.4699999999999999,0.46999999999999986,0.0,0.0,,,0.0,0.0,True,True,0.1359097291882922,2.12,10.0,0.0,,E3,M3+S0,T5,1012,3.7143890857696533
0.72,0.0,1.0,,0.4705893753879415,0.0,0.0,,,0.0,0.0,True,False,0.1792840760545687,3.9000000000000004,9.0,0.0,,E3,M3+S0,T5,1013,3.7288830280303955
0.8983333333333333,0.0,1.0,,0.4776082687434318,0.0,0.0,,,0.0,0.0,True,True,0.14381740624094444,2.125,8.0,0.0,,E3,M3+S0,T5,1014,3.5744218826293945
0.6,0.0,0.9166666666666666,0.46999999999999964,0.4700000000000001,0.0,0.0,,,0.0,0.0,True,False,0.1769496462763296,6.371428571428572,7.0,0.0,,E3,M3+S0,T5,1015,3.9886391162872314
0.88,0.0,1.0,2.2385553007705212,0.47978008419538754,0.0,0.0,,,0.0,0.0,True,True,0.16401834947581737,3.12,5.0,0.0,,E3,M3+S0,T5,1016,3.9450161457061768
0.675,0.0,1.0,,0.4700000000000002,0.0,0.0,,,0.0,0.0,True,False,0.15982205319486417,6.8875,8.0,0.0,,E3,M3+S0,T5,1017,3.9402949810028076
0.5716666666666667,0.0,1.0,,0.4725915348751452,0.0,0.0,,,0.0,0.0,True,False,0.16137432663472362,5.255555555555556,9.0,0.0,,E3,M3+S0,T5,1018,3.5734808444976807
0.7733333333333333,0.0,0.9666666666666667,0.4699999999999998,0.46999999999999986,0.0,0.0,,,0.0,0.0,True,False,0.16788496219371246,2.7750000000000004,8.0,0.0,,E3,M3+S0,T5,1019,4.218147039413452
0.81,0.0,1.0,,0.49055696930036785,0.0,0.0,,,0.0,0.0,True,True,0.19733658214333427,5.233333333333333,6.0,0.0,,E3,M3+S0,T5,1020,3.590446949005127
0.6666666666666666,0.0,1.0,,0.46999999999999975,0.0,0.0,,,0.0,0.0,True,False,0.15637970991141031,3.857142857142858,7.0,0.0,,E3,M3+S0,T5,1021,3.9959588050842285
0.665,0.0,1.0,2.0393729135396876,0.47,0.0,0.0,,,0.0,0.0,True,False,0.15651321348631927,4.15,6.0,0.0,,E3,M3+S0,T5,1022,4.0783867835998535
0.7666666666666667,0.0,1.0,,0.4699999999999993,0.0,0.0,,,0.0,0.0,True,False,0.14493317618705726,3.5875000000000004,8.0,0.0,,E3,M3+S0,T5,1023,3.8302340507507324
0.6233333333333333,0.0,0.8683333333333333,0.46999999999999986,0.47000000000000053,0.0,1.0,0.0,,0.0,0.0,False,False,0.11345909039741918,3.3333333333333335,6.0,0.0,,E3,M3+S0,T5,1024,3.636612892150879
0.735,0.0,1.0,,0.4812992619281707,0.0,2.0,1.0,8.0,0.0,0.0,True,False,0.0999286824039013,1.8142857142857145,7.0,0.0,,E3,M3+S0,T5,1025,3.0741429328918457
0.8516666666666667,0.0,0.9666666666666667,0.4699999999999995,0.49697605373923226,0.0,0.0,,,0.0,0.0,True,True,0.18984163610647212,2.8166666666666664,6.0,0.0,,E3,M3+S0,T5,1026,4.073404788970947
0.6883333333333334,0.0,0.9933333333333333,0.4811569753166561,0.4699999999999999,0.0,2.0,1.0,6.8500000000000005,0.0,0.0,True,False,0.12176796709303851,3.5666666666666664,6.0,0.0,,E3,M3+S0,T5,1027,3.57425594329834
0.6583333333333333,0.0,0.9133333333333333,0.4699999999999993,0.5147613856267055,0.0,1.0,0.0,,0.0,0.0,False,False,0.10963338214864544,3.3333333333333335,6.0,0.0,,E3,M3+S0,T5,1028,3.3588180541992188
0.82,0.0,0.945,0.46999999999999964,0.46999999999999925,0.0,0.0,,,0.0,0.0,True,True,0.16600044927656,2.7500000000000004,10.0,1.0,,E3,M3+S0,T5,1029,3.9404098987579346
0.7383333333333333,0.0,0.9933333333333333,0.4700000000000002,0.46999999999999986,0.0,0.0,,,0.0,0.0,True,False,0.14247142355690443,3.5200000000000005,10.0,3.0,,E3,M3+S0,T5,1030,3.9515199661254883
0.8116666666666666,0.0,1.0,,0.48473752254969776,0.0,0.0,,,0.0,0.0,True,True,0.15695712954373103,3.0714285714285716,7.0,0.0,,E3,M3+S0,T5,1031,3.543671131134033
0.83,0.0,1.0,,0.4781983655756517,0.0,0.0,,,0.0,0.0,True,True,0.17397236023710091,2.7,7.0,0.0,,E3,M3+S0,T5,1032,3.7460670471191406
0.7883333333333333,0.0,1.0,,0.47183872604988397,0.0,0.0,,,0.0,0.0,True,False,0.187440288630286,3.2400000000000007,10.0,0.0,,E3,M3+S0,T5,1033,3.629913806915283
0.54,0.0,1.0,,0.46999999999999936,0.0,0.0,,,0.0,0.0,True,False,0.15300952294299208,8.061538461538461,13.0,0.0,,E3,M3+S0,T5,1034,3.7576489448547363
0.7683333333333333,0.0,1.0,2.044244904982872,0.4699999999999998,0.0,0.0,,,0.0,0.0,True,False,0.11424863182775442,2.9375,8.0,0.0,,E3,M3+S0,T5,1035,3.720804214477539
0.8933333333333333,0.0,1.0,,0.4929813758168529,0.0,0.0,,,0.0,0.0,True,True,0.17545988667705628,2.442857142857143,7.0,0.0,,E3,M3+S0,T5,1036,3.646052837371826
0.69,0.0,0.9616666666666667,0.45163304126763065,0.47000000000000014,0.0,0.0,,,0.0,0.0,True,False,0.16613820062258697,4.04,10.0,0.0,,E3,M3+S0,T5,1037,3.7508962154388428
0.5316666666666666,0.0,0.8316666666666667,0.4699999999999995,0.4793201843685802,0.0,2.0,0.5,7.2,0.0,0.0,False,False,0.11737280935361916,5.341666666666668,12.0,0.0,,E3,M3+S0,T5,1038,3.2838079929351807
0.79,0.0,1.0,1.4275738460886431,0.4699999999999992,0.0,0.0,,,0.0,0.0,True,False,0.16840488524682073,3.266666666666667,9.0,0.0,,E3,M3+S0,T5,1039,3.8675577640533447
0.7583333333333333,0.0,0.99,0.4704399974359423,0.46999999999999975,0.0,1.0,0.0,,0.0,0.0,False,False,0.15846435167292833,3.0250000000000004,8.0,0.0,,E3,M3+S0,T5,1040,3.630218982696533
0.645,0.0,0.8883333333333333,0.46999999999999953,0.4850889581295366,0.0,1.0,0.0,,0.0,0.0,False,False,0.11365430883332886,5.48,10.0,0.0,,E3,M3+S0,T5,1041,3.452237129211426
0.6833333333333333,2.0,0.7566666666666667,0.36816944535874696,0.4723909841295699,0.0,1.0,0.0,,0.0,0.0,False,False,0.11568045914204445,2.6999999999999997,6.0,1.0,,E3,M3+S0,T5,1042,3.308586835861206
0.5516666666666666,0.0,1.0,,0.4699999999999997,0.0,0.0,,,0.0,0.0,True,False,0.13220937959365683,5.433333333333334,6.0,0.0,,E3,M3+S0,T5,1043,3.566479206085205
0.6383333333333333,0.0,1.0,,0.490873605642215,0.0,0.0,,,0.0,0.0,True,False,0.19410970301410835,4.91,10.0,0.0,,E3,M3+S0,T5,1044,3.619081974029541
0.7666666666666667,0.0,0.9766666666666667,0.46999999999999964,0.4945163090962956,0.0,0.0,,,0.0,0.0,True,False,0.1833078500695646,3.1,5.0,1.0,,E3,M3+S0,T5,1045,3.7551300525665283
0.7116666666666667,0.0,0.945,0.4699999999999996,0.4700000000000005,0.0,2.0,1.0,6.0,0.0,0.0,True,False,0.12870689630812848,1.6750000000000003,8.0,3.0,,E3,M3+S0,T5,1046,3.5243656635284424
0.7366666666666667,0.0,0.9933333333333333,0.4777969838992273,0.4757074817454637,0.0,1.0,1.0,1.6,0.0,0.0,True,False,0.1528493205500867,6.25,6.0,0.0,,E3,M3+S0,T5,1047,3.5168051719665527
0.68,0.0,0.8633333333333333,0.4699999999999994,0.4700000000000003,0.0,1.0,0.0,,0.0,0.0,False,False,0.10241171969597848,2.4454545454545458,11.0,1.0,,E3,M3+S0,T5,1048,3.3049139976501465
0.61,0.0,1.0,,0.4699999999999992,0.0,0.0,,,0.0,0.0,True,False,0.15256597514408898,5.022222222222222,9.0,0.0,,E3,M3+S0,T5,1049,3.598759174346924
0.625,1.0,0.8883333333333333,0.46999999999999964,0.47501449821133757,0.0,2.0,1.0,5.65,0.0,0.0,True,False,0.13798089414670564,2.9444444444444446,9.0,1.0,,E3,M3+S0,T7,1000,3.653636932373047
0.8833333333333333,2.0,0.62,0.4480451919599817,0.4873345862110659,0.0,0.0,,,0.0,0.0,True,False,0.17794733702803783,1.6,5.0,4.0,,E3,M3+S0,T7,1001,4.173212289810181
0.995,0.0,1.0,,0.9936816341019251,0.0,0.0,,,0.0,0.0,True,True,0.11789931459573953,1.2000000000000002,2.0,0.0,,E3,M3+S0,T7,1002,3.499500036239624
0.18666666666666668,0.0,0.9916666666666667,0.47000000000000036,0.4700000000000002,0.0,1.0,0.0,,0.0,0.0,True,False,0.03967883104872519,16.133333333333333,9.0,0.0,,E3,M3+S0,T7,1003,2.0145111083984375
0.3333333333333333,0.0,0.77,0.46999999996547936,1.0220642465677867,0.0,1.0,0.0,,0.0,0.0,True,False,0.04646951477129406,13.229411764705883,17.0,1.0,,E3,M3+S0,T7,1004,2.6136887073516846
0.9083333333333333,0.0,1.0,,0.5501981122284271,0.0,0.0,,,0.0,0.0,True,True,0.1608684314038092,2.6333333333333333,3.0,0.0,,E3,M3+S0,T7,1005,3.8220369815826416
0.6333333333333333,0.0,0.9733333333333334,0.48117357921754733,0.5122087024317094,0.0,2.0,1.0,8.3,0.0,0.0,True,False,0.16283743353175892,6.766666666666667,9.0,2.0,,E3,M3+S0,T7,1006,3.6814608573913574
0.8166666666666667,0.0,1.0,,0.46999999999999986,0.0,0.0,,,0.0,0.0,True,True,0.1405883837800398,3.3833333333333333,6.0,0.0,,E3,M3+S0,T7,1007,3.5418760776519775
0.705,0.0,0.8166666666666667,0.4699999999999996,0.4699999999999999,0.0,1.0,1.0,15.8,0.0,0.0,True,False,0.09372890308619986,3.616666666666667,6.0,0.0,,E3,M3+S0,T7,1008,3.7116639614105225
0.9533333333333334,0.0,0.9966666666666667,0.493974217310136,0.5301558549787709,0.0,0.0,,,0.0,0.0,True,True,0.17405073255593623,3.9000000000000004,1.0,0.0,,E3,M3+S0,T7,1009,3.9609110355377197
0.325,0.0,0.8183333333333334,0.46999999999999914,0.4878087584274904,0.0,4.0,0.5,3.6,0.0,0.0,False,False,0.14257329834326976,3.8000000000000003,6.0,5.0,,E3,M3+S0,T7,1010,3.1701200008392334
0.24333333333333335,0.0,0.97,0.46999999999999975,1.1810667220044697,0.0,1.0,0.0,,0.0,0.0,False,False,0.033254272415149305,20.36,5.0,3.0,,E3,M3+S0,T7,1011,2.10290789604187
0.9416666666666667,0.0,1.0,0.5599294393298027,0.6522708777761349,0.0,0.0,,,0.0,0.0,True,True,0.15929198900132527,2.2399999999999998,5.0,1.0,,E3,M3+S0,T7,1012,4.241436004638672
0.73,0.0,1.0,,0.4794551920319203,0.0,0.0,,,0.0,0.0,True,False,0.18126761651806025,5.366666666666667,6.0,0.0,,E3,M3+S0,T7,1013,3.607222080230713
0.5366666666666666,0.0,0.92,0.46999999999999914,0.46999999999999975,0.0,2.0,0.5,8.200000000000001,0.0,0.0,False,False,0.12283033083076371,3.8874999999999997,8.0,1.0,,E3,M3+S0,T7,1014,3.204179048538208
0.775,0.0,0.9666666666666667,0.4699999999999995,0.8195009504761018,0.0,1.0,1.0,14.3,0.0,0.0,True,False,0.12010125759776275,4.640000000000001,5.0,1.0,,E3,M3+S0,T7,1015,3.1827359199523926
0.9683333333333334,0.0,1.0,5.424266450743048,0.765677090661906,0.0,0.0,,,0.0,0.0,True,True,0.19977561424144244,3.5,1.0,0.0,,E3,M3+S0,T7,1016,3.8295578956604004
0.7966666666666666,1.0,0.8666666666666667,0.4699999999999992,0.5095534793798961,0.0,2.0,0.5,7.5,0.0,0.0,True,False,0.15964506161672623,0.9,10.0,3.0,,E3,M3+S0,T7,1017,3.817545175552368
0.8133333333333334,0.0,0.9083333333333333,0.4699999999999996,0.4846272357938264,0.0,2.0,1.0,1.5500000000000003,0.0,0.0,True,True,0.1552114003173477,1.7666666666666666,9.0,3.0,,E3,M3+S0,T7,1018,3.555748224258423
0.545,0.0,0.8366666666666667,0.4699999999999995,0.47000000000000053,0.0,2.0,0.5,1.6,0.0,0.0,True,False,0.09880568125211962,3.0,11.0,3.0,,E3,M3+S0,T7,1019,3.290987968444824
0.3466666666666667,0.0,1.0,,0.47981711415383754,0.0,0.0,,,0.0,0.0,True,False,0.18239885286367752,40.1,1.0,0.0,,E3,M3+S0,T7,1020,3.3821680545806885
0.5233333333333333,0.0,1.0,0.856069127309185,0.4700000000000001,0.0,0.0,,,0.0,0.0,True,False,0.19133206519336174,7.775,4.0,0.0,,E3,M3+S0,T7,1021,3.9679958820343018
0.6066666666666667,0.0,1.0,,0.47000000000000014,0.0,0.0,,,0.0,0.0,True,False,0.1609305920147856,9.950000000000001,4.0,0.0,,E3,M3+S0,T7,1022,3.7874598503112793
0.7033333333333334,0.0,0.78,0.4699999999999998,0.46999999999999986,0.0,0.0,,,0.0,0.0,True,False,0.1608337033247065,3.4909090909090907,11.0,1.0,,E3,M3+S0,T7,1023,3.9389548301696777
0.5833333333333334,0.0,0.845,0.46999999999999914,0.4844824332692785,0.0,1.0,1.0,8.3,0.0,0.0,True,False,0.1561510243704242,3.733333333333334,6.0,0.0,,E3,M3+S0,T7,1024,3.9411380290985107
0.4483333333333333,0.0,0.8866666666666667,0.46999999999999903,0.46999999999999975,0.0,2.0,1.0,8.65,0.0,0.0,True,False,0.11127049616272573,8.725000000000001,8.0,1.0,,E3,M3+S0,T7,1025,3.394822120666504
0.715,2.0,0.8416666666666667,0.4208018167287165,0.48508898109583953,0.0,0.0,,,0.0,0.0,True,False,0.16680044411155698,4.292307692307693,13.0,0.0,,E3,M3+S0,T7,1026,4.094966173171997
0.8183333333333334,0.0,1.0,,0.49337256352988457,0.0,0.0,,,0.0,0.0,True,True,0.14688506890423256,4.7,5.0,0.0,,E3,M3+S0,T7,1027,3.758556842803955
0.45166666666666666,0.0,0.865,0.4699999999999996,0.47,0.0,2.0,0.5,6.5,0.0,0.0,True,False,0.13665286384907774,4.1000000000000005,9.0,1.0,,E3,M3+S0,T7,1028,3.2611782550811768
1.0,0.0,1.0,0.5376148609301648,1.2938853242315187,0.0,0.0,,,0.0,0.0,True,True,0.128838861671305,0.0,2.0,0.0,,E3,M3+S0,T7,1029,4.3861260414123535
0.8933333333333333,0.0,1.0,,0.4711046195497637,0.0,0.0,,,0.0,0.0,True,True,0.17718067142960808,4.575,4.0,0.0,,E3,M3+S0,T7,1030,3.6585781574249268
1.0,0.0,1.0,,1.0284477958175577,0.0,0.0,,,0.0,0.0,True,True,0.15008804073415905,0.0,3.0,0.0,,E3,M3+S0,T7,1031,3.897160291671753
0.26,0.0,0.9766666666666667,0.4699999999999993,0.7260918716977645,0.0,1.0,0.0,,0.0,0.0,False,False,0.038597558192557106,6.866666666666667,3.0,0.0,,E3,M3+S0,T7,1032,2.1599230766296387
0.8,0.0,0.9966666666666667,0.49891372411187596,0.5252345582033534,0.0,2.0,1.0,7.1,0.0,0.0,True,True,0.13537887170187798,2.9000000000000004,2.0,0.0,,E3,M3+S0,T7,1033,4.008864164352417
0.6816666666666666,0.0,0.9583333333333334,0.4699999999999995,0.47,0.0,0.0,,,0.0,0.0,True,False,0.15913416539116323,5.283333333333334,12.0,1.0,,E3,M3+S0,T7,1034,4.053277015686035
0.905,0.0,1.0,0.6445036156344736,0.5819066276355462,0.0,0.0,,,0.0,0.0,True,True,0.1622620651324746,1.7285714285714284,7.0,4.0,,E3,M3+S0,T7,1035,4.528898000717163
1.0,0.0,0.975,0.46999999999999964,1.0312479170102817,0.0,0.0,,,0.0,0.0,True,True,0.16202201236957534,0.0,3.0,0.0,,E3,M3+S0,T7,1036,4.0425848960876465
0.8316666666666667,0.0,0.9666666666666667,0.46999999999999964,0.48102825063535415,0.0,1.0,1.0,1.5,0.0,0.0,True,True,0.15418066319555726,2.325,8.0,0.0,,E3,M3+S0,T7,1037,4.101914167404175
0.38333333333333336,1.0,0.7266666666666667,0.46999999999999914,0.4980117255411724,0.0,2.0,0.5,6.9,0.0,0.0,True,False,0.13160270101549948,4.381818181818182,11.0,9.0,,E3,M3+S0,T7,1038,3.5473756790161133
0.765,0.0,0.805,0.4699999999999996,0.4699999999999999,0.0,0.0,,,0.0,0.0,True,False,0.14666334547808124,3.790909090909091,11.0,5.0,,E3,M3+S0,T7,1039,4.0796799659729
0.5016666666666667,0.0,0.8733333333333333,0.46999999999999903,0.4699999999999996,0.0,1.0,0.0,,0.0,0.0,True,False,0.10209355402478837,5.909090909090909,11.0,1.0,,E3,M3+S0,T7,1040,3.4377877712249756
0.9633333333333334,0.0,1.0,0.7518611844555035,0.809946023212833,0.0,0.0,,,0.0,0.0,True,True,0.20182263772945933,2.8000000000000003,2.0,0.0,,E3,M3+S0,T7,1041,4.195375919342041
0.26,0.0,1.0,0.9447664041650278,1.440512925769611,0.0,2.0,0.0,,0.0,0.0,False,False,0.03521629313477336,13.133333333333333,6.0,1.0,,E3,M3+S0,T7,1042,2.243011951446533
0.31833333333333336,0.0,0.995,0.4699999999999996,0.46999999999999975,0.0,2.0,0.0,,0.0,0.0,False,False,0.06519488868000625,8.014285714285714,7.0,0.0,,E3,M3+S0,T7,1043,2.8476061820983887
0.235,0.0,0.8416666666666667,0.4699999999999992,0.4892105462356359,0.0,2.0,0.5,9.1,0.0,0.0,False,False,0.08061647360207062,5.976923076923078,13.0,1.0,,E3,M3+S0,T7,1044,2.9535298347473145
0.73,0.0,0.9683333333333334,0.46650940638035854,0.4830984386685305,0.0,0.0,,,0.0,0.0,True,False,0.22222405772842896,3.1625,8.0,2.0,,E3,M3+S0,T7,1045,4.049943923950195
0.7483333333333333,0.0,1.0,3.0491611043219278,0.46999999999999936,0.0,0.0,,,0.0,0.0,True,False,0.1792066289540444,4.6000000000000005,7.0,0.0,,E3,M3+S0,T7,1046,4.06403923034668
0.9416666666666667,0.0,0.9916666666666667,0.46999999999999925,0.5626504627835397,0.0,0.0,,,0.0,0.0,True,True,0.18325845285939946,4.6000000000000005,1.0,0.0,,E3,M3+S0,T7,1047,3.9668588638305664
1.0,0.0,1.0,0.502464022669686,1.3091093612656146,0.0,0.0,,,0.0,0.0,True,True,0.11271624525673996,0.0,4.0,0.0,,E3,M3+S0,T7,1048,4.31358528137207
0.9333333333333333,0.0,1.0,,0.6226671434046144,0.0,0.0,,,0.0,0.0,True,True,0.1562132376896691,1.9250000000000003,4.0,0.0,,E3,M3+S0,T7,1049,3.7036659717559814
0.9183333333333333,0.0,1.0,0.7411007616017263,0.48071264102943273,0.0,0.0,,,0.0,0.0033333333333333335,True,True,0.15529017073433557,4.6000000000000005,2.0,0.0,,E3,M0+S1,T3,1000,3.854189157485962
0.86,0.0,1.0,0.5626850095574578,0.5030009900959566,0.0,0.0,,,0.0,0.0,True,True,0.14069779087769047,4.666666666666667,3.0,0.0,,E3,M0+S1,T3,1001,3.640745162963867
0.9583333333333334,0.0,1.0,0.718935999764832,0.5582915630180054,0.0,0.0,,,0.0,0.0,True,True,0.12173243935894006,1.6,2.0,0.0,,E3,M0+S1,T3,1002,3.711127996444702
0.8283333333333334,0.0,0.8633333333333333,0.46999999999999953,0.4699999999999997,0.0,1.0,1.0,4.3,0.0,0.028333333333333332,True,True,0.14130976503015436,3.271428571428572,7.0,1.0,,E3,M0+S1,T3,1003,3.793299913406372
0.8283333333333334,0.0,1.0,0.6804466810528506,0.46999999999999975,0.0,0.0,,,0.0,0.0016666666666666668,True,True,0.1533640591040649,4.166666666666667,6.0,1.0,,E3,M0+S1,T3,1004,3.682420253753662
0.8033333333333333,0.0,0.885,0.4699999999999991,1.3971191993937782,0.0,2.0,0.5,2.6,1.0,0.18333333333333332,True,True,0.12161008306921517,3.5,2.0,1.0,,E3,M0+S1,T3,1005,3.71708607673645
,,,,,,,,,,,,,,,,,RuntimeError('T3 seed 1006: no straight run found'),E3,M0+S1,T3,1006,0.263671875
0.9666666666666667,0.0,1.0,0.5786774209931066,0.8356599984112593,0.0,0.0,,,0.0,0.0016666666666666668,True,True,0.12210956653169684,3.0,1.0,0.0,,E3,M0+S1,T3,1007,4.007444858551025
0.8283333333333334,0.0,0.9633333333333334,0.4699999999999996,0.47000000000000003,0.0,0.0,,,0.0,0.015,True,True,0.16428109685436584,4.4,4.0,4.0,,E3,M0+S1,T3,1008,3.781187057495117
0.21333333333333335,0.0,0.98,0.47000000000000064,0.713072600299718,0.0,3.0,0.3333333333333333,4.7,12.0,0.8033333333333333,False,False,0.13898195381232514,3.475,4.0,2.0,,E3,M0+S1,T3,1009,3.716916084289551
0.8816666666666667,0.0,1.0,1.1192016271992777,0.5243503053271437,0.0,2.0,1.0,2.45,2.0,0.08333333333333333,True,True,0.13560569901838074,1.8333333333333333,3.0,0.0,,E3,M0+S1,T3,1010,3.78666090965271
0.925,0.0,1.0,0.9006743079040259,0.4993276711868938,0.0,0.0,,,0.0,0.0,True,True,0.1425549949188666,2.8000000000000007,3.0,0.0,,E3,M0+S1,T3,1011,3.794973134994507
0.88,0.0,1.0,1.2578509437090966,0.46999999999999925,0.0,0.0,,,0.0,0.0016666666666666668,True,True,0.14809206065257902,4.233333333333333,3.0,0.0,,E3,M0+S1,T3,1012,3.892936944961548
0.9116666666666666,0.0,1.0,1.1665785421114812,0.5004853879826489,0.0,0.0,,,0.0,0.0,True,True,0.13317830094788655,3.45,2.0,0.0,,E3,M0+S1,T3,1013,3.6093509197235107
0.96,0.0,1.0,0.7786262825964133,0.5878613569546989,0.0,0.0,,,0.0,0.0,True,True,0.14614788192699324,3.0,1.0,0.0,,E3,M0+S1,T3,1014,3.7443480491638184
0.9633333333333334,0.0,1.0,1.9798940528241091,0.620161929753753,0.0,0.0,,,0.0,0.0016666666666666668,True,True,0.13439521616226904,0.5800000000000001,5.0,0.0,,E3,M0+S1,T3,1015,3.826021909713745
0.9133333333333333,0.0,0.9966666666666667,0.48299761710960154,0.5038180244113291,0.0,0.0,,,0.0,0.0033333333333333335,True,True,0.17269778723017948,2.62,5.0,1.0,,E3,M0+S1,T3,1016,3.697016716003418
0.9233333333333333,0.0,1.0,1.1091070982915379,0.507891204594591,0.0,0.0,,,0.0,0.005,True,True,0.14206751510023533,5.5,1.0,2.0,,E3,M0+S1,T3,1017,3.9094510078430176
0.7383333333333333,0.0,0.995,0.47000000000000003,0.47,0.0,1.0,1.0,3.4000000000000004,3.0,0.09666666666666666,True,False,0.14589729211617483,3.885714285714286,7.0,3.0,,E3,M0+S1,T3,1018,3.8668441772460938
0.9233333333333333,0.0,1.0,1.3133470917637895,0.5026224920801743,0.0,0.0,,,0.0,0.0,True,True,0.14330789758366366,5.6000000000000005,1.0,0.0,,E3,M0+S1,T3,1019,3.9284720420837402
0.6366666666666667,0.0,1.0,0.6676079418739035,0.494491086250292,0.0,1.0,0.0,,3.0,0.19166666666666668,False,False,0.13510626148457325,5.0,2.0,0.0,,E3,M0+S1,T3,1020,3.572758197784424
0.94,0.0,1.0,1.3100802811505214,0.6744193245326645,0.0,0.0,,,0.0,0.0016666666666666668,True,True,0.14875756437133686,4.2,1.0,0.0,,E3,M0+S1,T3,1021,4.087930202484131
1.0,0.0,1.0,0.6110879530419445,1.4223725465683443,0.0,0.0,,,0.0,0.0016666666666666668,True,True,0.15928568556235245,,0.0,0.0,,E3,M0+S1,T3,1022,3.766913890838623
0.16,0.0,1.0,0.8485171630290593,1.4486615267287846,0.0,3.0,0.0,,12.0,0.635,False,False,0.07566890451035191,39.300000000000004,2.0,1.0,,E3,M0+S1,T3,1023,3.6314382553100586
0.9633333333333334,0.0,1.0,1.593626201709561,0.9293050355535072,0.0,0.0,,,2.0,0.08833333333333333,True,True,0.14706176501560994,1.9333333333333336,3.0,3.0,,E3,M0+S1,T3,1024,3.789379119873047
0.95,0.0,1.0,1.2953893760550959,0.5342821338753804,0.0,0.0,,,0.0,0.0,True,True,0.13489502015618932,1.9500000000000002,2.0,1.0,,E3,M0+S1,T3,1025,3.83803129196167
0.6033333333333334,0.0,1.0,1.0577562800155298,0.5066423205612977,0.0,2.0,0.5,5.300000000000001,6.0,0.24333333333333335,True,False,0.15503359510193737,5.642857142857143,7.0,3.0,,E3,M0+S1,T3,1026,4.027366876602173
0.8133333333333334,0.0,1.0,1.0629557347925418,0.46999999999999986,0.0,0.0,,,0.0,0.0033333333333333335,True,True,0.15575951577114464,3.9400000000000004,5.0,1.0,,E3,M0+S1,T3,1027,3.655673027038574
0.40166666666666667,0.0,1.0,0.5779380400367283,1.1336226871063833,0.0,3.0,0.6666666666666666,6.700000000000001,10.0,0.5216666666666666,True,False,0.08905447295546268,24.3,6.0,5.0,,E3,M0+S1,T3,1028,3.832897186279297
0.965,0.0,1.0,1.4596289042852917,0.6604056527320937,0.0,0.0,,,0.0,0.008333333333333333,True,True,0.14728778865001796,2.766666666666667,3.0,3.0,,E3,M0+S1,T3,1029,3.716561794281006
0.8833333333333333,0.0,0.9766666666666667,0.4699999999999999,0.5351891626841457,0.0,0.0,,,0.0,0.0033333333333333335,True,True,0.14350431659243612,3.75,4.0,0.0,,E3,M0+S1,T3,1030,3.535490036010742
0.32,0.0,0.9916666666666667,0.4777986330288271,1.8080502802990421,0.0,4.0,0.0,,11.0,0.6166666666666667,False,False,0.1349838794658746,17.5,2.0,0.0,,E3,M0+S1,T3,1031,3.9687039852142334
0.165,0.0,0.99,0.46999999999999975,1.7424712141575613,0.0,1.0,0.0,,8.0,0.5516666666666666,False,False,0.08352203719698387,32.03333333333334,3.0,2.0,,E3,M0+S1,T3,1032,3.882744073867798
0.9766666666666667,0.0,1.0,0.5759267028351143,0.8536457921215798,0.0,0.0,,,0.0,0.0,True,True,0.1362036063057459,2.7,1.0,0.0,,E3,M0+S1,T3,1033,3.6904399394989014
0.9383333333333334,0.0,1.0,0.7820446025948402,0.6908263442160794,0.0,0.0,,,0.0,0.0,True,True,0.128869786003317,2.0,2.0,0.0,,E3,M0+S1,T3,1034,3.657958984375
0.9516666666666667,0.0,1.0,1.6469292430441258,0.5702860867873606,0.0,0.0,,,0.0,0.0,True,True,0.14926948654988986,1.3333333333333333,3.0,0.0,,E3,M0+S1,T3,1035,3.777070999145508
0.33,0.0,1.0,0.5215633254917453,0.4699999999999999,0.0,3.0,0.3333333333333333,3.3000000000000003,6.0,0.36333333333333334,True,False,0.07387546148801344,6.575,4.0,1.0,,E3,M0+S1,T3,1036,3.6796698570251465
0.8266666666666667,0.0,1.0,0.7335140638339246,0.4699999999999996,0.0,0.0,,,0.0,0.0,True,True,0.14873571176676795,4.360000000000001,5.0,0.0,,E3,M0+S1,T3,1037,3.784463882446289
0.9683333333333334,0.0,1.0,1.6728769181832392,0.8312430626094811,0.0,0.0,,,0.0,0.0016666666666666668,True,True,0.1441321936577546,1.55,2.0,0.0,,E3,M0+S1,T3,1038,3.8352530002593994
0.8916666666666667,0.0,0.9883333333333333,0.47,0.46999999999999975,0.0,0.0,,,0.0,0.0,True,True,0.12037553822473647,2.95,4.0,0.0,,E3,M0+S1,T3,1039,3.7318811416625977
0.96,0.0,1.0,1.4005850107136464,0.689211799683221,0.0,0.0,,,0.0,0.0016666666666666668,True,True,0.13290837080405982,3.5,1.0,0.0,,E3,M0+S1,T3,1040,4.111823081970215
1.0,0.0,0.93,0.46999999999999936,1.0147189105590226,0.0,1.0,0.0,,3.0,0.09666666666666666,False,False,0.13311473317528544,0.0,3.0,2.0,,E3,M0+S1,T3,1041,4.014121055603027
0.7833333333333333,1.0,0.9883333333333333,0.4776623776564152,0.5445735691784325,0.0,2.0,0.0,,5.0,0.17166666666666666,False,False,0.13870078116440204,3.4000000000000004,1.0,1.0,,E3,M0+S1,T3,1042,3.957169771194458
0.9416666666666667,0.0,0.9933333333333333,0.46999999999999964,0.9474633124207348,0.0,1.0,0.0,,0.0,0.03833333333333333,False,False,0.13819530957264461,0.8200000000000001,5.0,3.0,,E3,M0+S1,T3,1043,3.800693988800049
0.9166666666666666,0.0,0.985,0.4699999999999993,0.5203573681599202,0.0,0.0,,,0.0,0.0016666666666666668,True,True,0.15047319350741042,5.7,1.0,0.0,,E3,M0+S1,T3,1044,3.8730380535125732
0.17166666666666666,0.0,0.9833333333333333,0.4699999999999994,1.4808872187124398,0.0,1.0,0.0,,9.0,0.4583333333333333,False,False,0.1018562246685318,41.75,2.0,1.0,,E3,M0+S1,T3,1045,3.5471649169921875
0.8566666666666667,0.0,1.0,1.1138545126835824,0.4718855885146086,0.0,0.0,,,0.0,0.0016666666666666668,True,True,0.17340191488687362,4.3,6.0,4.0,,E3,M0+S1,T3,1046,3.736544132232666
0.9416666666666667,0.0,1.0,1.0171263493095448,0.5449351499992554,0.0,0.0,,,0.0,0.018333333333333333,True,True,0.13934261326934544,1.4666666666666668,3.0,4.0,,E3,M0+S1,T3,1047,3.821300983428955
0.9533333333333334,0.0,1.0,0.8434525584801708,0.610827391941171,0.0,0.0,,,0.0,0.0016666666666666668,True,True,0.14774232227000506,0.9750000000000001,4.0,0.0,,E3,M0+S1,T3,1048,3.8604910373687744
0.885,0.0,1.0,0.8371995396431954,0.4786553783200893,0.0,0.0,,,0.0,0.0,True,True,0.14598335947163457,3.766666666666667,3.0,0.0,,E3,M0+S1,T3,1049,3.5848350524902344
0.96,2.0,0.9516666666666667,0.4699999999999993,0.7070174830326048,0.0,0.0,,,0.0,0.0016666666666666668,True,False,0.14594587431451547,2.033333333333333,3.0,0.0,,E3,M0+S1,T4,1000,3.9086060523986816
0.3383333333333333,1.0,0.8,0.41452735202789925,0.46999999999999986,0.0,2.0,0.5,3.4000000000000004,8.0,0.3233333333333333,True,False,0.136151326364057,5.783333333333334,6.0,4.0,,E3,M0+S1,T4,1001,3.7634968757629395
0.915,0.0,1.0,2.2540704631132944,0.47,0.0,0.0,,,0.0,0.0,True,True,0.14961497211571936,2.7,5.0,0.0,,E3,M0+S1,T4,1002,3.6917898654937744
0.89,0.0,1.0,0.6691313116924203,0.46999999999999975,0.0,0.0,,,0.0,0.0033333333333333335,True,True,0.1430460394725436,4.6000000000000005,3.0,0.0,,E3,M0+S1,T4,1003,3.675523042678833
0.5016666666666667,1.0,0.515,0.38612118669102663,0.5157431407808751,0.0,2.0,0.0,,12.0,0.4866666666666667,False,False,0.12830173579173199,6.091666666666668,12.0,1.0,,E3,M0+S1,T4,1004,3.766925096511841
0.6683333333333333,0.0,0.9483333333333334,0.4699999999999996,0.46999999999999953,0.0,1.0,1.0,6.800000000000001,2.0,0.15833333333333333,True,False,0.15133756316572475,7.083333333333333,6.0,1.0,,E3,M0+S1,T4,1005,3.718446969985962
0.585,0.0,0.9633333333333334,0.46999999999999964,0.48347678608485134,0.0,1.0,0.0,,4.0,0.2733333333333333,True,False,0.16887589264706274,7.733333333333333,12.0,1.0,,E3,M0+S1,T4,1006,3.7359981536865234
0.7716666666666666,0.0,1.0,1.4009314669509172,0.4699999999999997,0.0,0.0,,,0.0,0.0016666666666666668,True,False,0.1467455328610098,6.3500000000000005,4.0,0.0,,E3,M0+S1,T4,1007,3.797452926635742
0.2916666666666667,0.0,0.89,0.4699999999999996,0.46999999999999986,0.0,2.0,0.0,,7.0,0.2833333333333333,False,False,0.13307184488005117,10.091666666666667,12.0,2.0,,E3,M0+S1,T4,1008,3.3179428577423096
0.8883333333333333,0.0,0.9933333333333333,0.47000000000000003,0.5011429085599073,0.0,0.0,,,0.0,0.0,True,True,0.17501008724114062,4.675,4.0,0.0,,E3,M0+S1,T4,1009,3.8505959510803223
0.985,0.0,1.0,4.447164873785697,0.9728111101487755,0.0,0.0,,,0.0,0.0,True,True,0.14174819379939121,2.2,1.0,0.0,,E3,M0+S1,T4,1010,3.6496849060058594
0.955,0.0,1.0,2.843266182151674,0.791806644387372,0.0,0.0,,,0.0,0.0,True,True,0.15386851804556445,1.2,3.0,0.0,,E3,M0+S1,T4,1011,3.674471855163574
0.6616666666666666,0.0,0.9083333333333333,0.4699999999999992,0.4843813291520594,0.0,2.0,0.0,,1.0,0.065,False,False,0.14852974992628798,6.0625,8.0,4.0,,E3,M0+S1,T4,1012,3.6747610569000244
0.45666666666666667,0.0,0.9166666666666666,0.4699999999999996,0.47000000000000014,0.0,1.0,0.0,,0.0,0.011666666666666667,False,False,0.16122775899493713,6.4300000000000015,10.0,0.0,,E3,M0+S1,T4,1013,3.574084758758545
0.8666666666666667,0.0,0.965,0.4699999999999998,0.49876730231391553,0.0,0.0,,,0.0,0.0016666666666666668,True,True,0.15233056230693776,3.5400000000000005,5.0,0.0,,E3,M0+S1,T4,1014,3.783179759979248
0.655,0.0,1.0,0.9005562872857927,0.47,0.0,0.0,,,0.0,0.005,True,False,0.16396177773581072,3.47,10.0,2.0,,E3,M0+S1,T4,1015,3.728242874145508
0.83,0.0,1.0,1.1362237259158188,0.4777507016461959,0.0,0.0,,,0.0,0.0016666666666666668,True,True,0.17401700149975582,3.6800000000000006,5.0,0.0,,E3,M0+S1,T4,1016,3.562006711959839
0.575,0.0,0.85,0.4699999999999994,0.4808941169104302,0.0,2.0,0.0,,1.0,0.035,False,False,0.117771236257445,3.0300000000000002,10.0,3.0,,E3,M0+S1,T4,1017,3.300445318222046
0.8533333333333334,2.0,0.9266666666666666,0.4351462386958554,0.4825067178505807,0.0,1.0,1.0,2.2,0.0,0.018333333333333333,True,False,0.16112753028414567,3.6500000000000004,6.0,1.0,,E3,M0+S1,T4,1018,3.843050003051758
0.7383333333333333,0.0,1.0,2.5595425033933847,0.46999999999999964,0.0,0.0,,,0.0,0.0,True,False,0.1605202369445109,7.083333333333333,6.0,0.0,,E3,M0+S1,T4,1019,3.703543186187744
0.3516666666666667,0.0,0.725,0.46999999999999975,0.4874581205241749,0.0,2.0,0.0,,6.0,0.38166666666666665,False,False,0.12543244489944608,20.849999999999998,6.0,3.0,,E3,M0+S1,T4,1020,3.7766637802124023
0.9083333333333333,0.0,1.0,1.7468890212741985,0.5396007844797788,0.0,0.0,,,0.0,0.0,True,True,0.12624520935988662,3.95,2.0,0.0,,E3,M0+S1,T4,1021,3.82517409324646
0.8383333333333334,0.0,1.0,3.286594087488136,0.4699999999999997,0.0,0.0,,,0.0,0.0016666666666666668,True,True,0.10778361743765619,6.525,4.0,0.0,,E3,M0+S1,T4,1022,3.566481828689575
0.8216666666666667,0.0,0.8133333333333334,0.4587297248182348,0.47000000000000025,0.0,0.0,,,0.0,0.035,True,True,0.12124650388866967,1.6333333333333333,9.0,6.0,,E3,M0+S1,T4,1023,3.8532180786132812
0.7816666666666666,0.0,0.955,0.47000000000000014,0.4699999999999994,0.0,0.0,,,0.0,0.0016666666666666668,True,False,0.18293457646496777,4.166666666666667,6.0,0.0,,E3,M0+S1,T4,1024,3.824012041091919
0.8216666666666667,1.0,0.915,0.4242100621556748,0.47,0.0,0.0,,,1.0,0.08333333333333333,True,False,0.12695402954576285,2.8142857142857145,7.0,0.0,,E3,M0+S1,T4,1025,4.080026865005493
0.425,0.0,0.5566666666666666,0.4699999999999991,0.511831998763937,0.0,2.0,0.0,,3.0,0.2633333333333333,False,False,0.09575091366848208,11.5,4.0,0.0,,E3,M0+S1,T4,1026,3.5534489154815674
0.825,0.0,0.9866666666666667,0.4699999999999996,0.49585510588104714,0.0,0.0,,,0.0,0.011666666666666667,True,True,0.13758257325624587,2.6000000000000005,7.0,2.0,,E3,M0+S1,T4,1027,3.9334568977355957
0.9366666666666666,0.0,1.0,0.8728558610276322,0.5032856833425025,0.0,0.0,,,0.0,0.0,True,True,0.1333341503372133,3.3500000000000005,2.0,0.0,,E3,M0+S1,T4,1028,3.7197072505950928
0.75,0.0,0.93,0.46999999999999953,0.47569174401207287,0.0,1.0,0.0,,2.0,0.195,False,False,0.1589190747255868,2.757142857142857,7.0,0.0,,E3,M0+S1,T4,1029,4.0139970779418945
0.8266666666666667,2.0,0.5583333333333333,0.46999999999999914,0.4819632500685142,0.0,0.0,,,0.0,0.02,True,False,0.1311541202998395,3.757142857142857,7.0,4.0,,E3,M0+S1,T4,1030,3.9824609756469727
0.785,0.0,1.0,1.133015973896332,0.5056081950503701,0.0,0.0,,,0.0,0.0033333333333333335,True,False,0.18413735103696716,9.860000000000001,5.0,1.0,,E3,M0+S1,T4,1031,3.7385051250457764
0.7366666666666667,0.0,0.9916666666666667,0.47175920108790875,0.4891593503570804,0.0,0.0,,,0.0,0.0016666666666666668,True,False,0.14654775919189397,5.966666666666668,3.0,0.0,,E3,M0+S1,T4,1032,3.718153953552246
0.9016666666666666,1.0,0.9933333333333333,0.4828987219259671,0.46999999999999964,0.0,3.0,0.6666666666666666,5.3500000000000005,4.0,0.3016666666666667,True,False,0.15694420388880367,2.4800000000000004,5.0,5.0,,E3,M0+S1,T4,1033,3.9026942253112793
0.74,0.0,0.8,0.4699999999999995,0.4700000000000005,0.0,4.0,0.5,5.15,4.0,0.25166666666666665,False,False,0.17026268621529977,4.145454545454546,11.0,8.0,,E3,M0+S1,T4,1034,3.6740448474884033
0.10833333333333334,0.0,0.9866666666666667,0.4700000000000003,1.653114107161296,0.0,2.0,0.0,,19.0,0.8466666666666667,False,False,0.11901306213944297,32.82,5.0,1.0,,E3,M0+S1,T4,1035,3.9942538738250732
0.5633333333333334,0.0,0.97,0.46999999999999964,0.5041696467886793,0.0,2.0,1.0,6.5,0.0,0.045,True,False,0.14488495077356192,2.95,4.0,1.0,,E3,M0+S1,T4,1036,3.412285327911377
0.55,0.0,0.8533333333333334,0.4699999999999995,0.4501167878807022,0.0,4.0,0.0,,8.0,0.475,False,False,0.15115925812730757,6.690909090909091,11.0,1.0,,E3,M0+S1,T4,1037,3.901256799697876
0.6283333333333333,1.0,0.8233333333333334,0.4699999999999989,1.2239407593361207,0.0,2.0,0.0,,4.0,0.30833333333333335,False,False,0.14456999864135694,3.466666666666667,3.0,0.0,,E3,M0+S1,T4,1038,3.701089859008789
0.36,0.0,0.94,0.4699999999999992,0.4700000000000002,0.0,3.0,0.3333333333333333,4.3,6.0,0.32,True,False,0.1842703409630639,5.73,10.0,7.0,,E3,M0+S1,T4,1039,3.6659929752349854
0.6983333333333334,0.0,0.965,0.4699999999999991,0.4700000000000001,0.0,1.0,0.0,,3.0,0.175,False,False,0.1454560590033268,5.1875,8.0,0.0,,E3,M0+S1,T4,1040,3.689929962158203
0.6083333333333333,0.0,1.0,0.8107727077786684,0.47599062623331545,0.0,0.0,,,0.0,0.0,True,False,0.18797395327350136,4.1899999999999995,10.0,0.0,,E3,M0+S1,T4,1041,3.8596839904785156
0.9433333333333334,0.0,1.0,1.5311812349989011,0.7466051532129061,0.0,0.0,,,0.0,0.0,True,True,0.1272875617516108,3.2,2.0,0.0,,E3,M0+S1,T4,1042,3.9048287868499756
0.73,0.0,0.92,0.4699999999999993,0.4699999999999995,0.0,1.0,1.0,9.4,0.0,0.12,True,False,0.12347781750332003,3.0222222222222226,9.0,2.0,,E3,M0+S1,T4,1043,3.6632540225982666
0.7766666666666666,0.0,0.9483333333333334,0.4699999999999997,0.5128055421845468,0.0,2.0,1.0,6.45,2.0,0.22333333333333333,True,False,0.1610179933653135,9.08,5.0,9.0,,E3,M0+S1,T4,1044,3.8225839138031006
0.8283333333333334,0.0,0.9316666666666666,0.46999999999999925,0.48469917828282155,0.0,0.0,,,0.0,0.0,True,True,0.15029230662884654,5.2,4.0,0.0,,E3,M0+S1,T4,1045,3.7927498817443848
0.22666666666666666,0.0,0.6483333333333333,0.46999999999999914,0.47000000000000064,0.0,4.0,0.0,,12.0,0.6366666666666667,False,False,0.1603165165103582,11.537500000000001,8.0,2.0,,E3,M0+S1,T4,1046,3.6670868396759033
1.0,0.0,0.9783333333333334,0.4699999999999998,1.1679116823282092,0.0,0.0,,,0.0,0.0,True,True,0.15780135149427058,0.0,1.0,0.0,,E3,M0+S1,T4,1047,4.721979141235352
0.7433333333333333,0.0,1.0,2.5287340100500892,0.4699999999999994,0.0,0.0,,,0.0,0.0033333333333333335,True,False,0.14799572247420434,3.914285714285715,7.0,0.0,,E3,M0+S1,T4,1048,3.8326940536499023
0.4116666666666667,0.0,0.53,0.4699999999999992,0.4700000000000001,0.0,1.0,0.0,,4.0,0.28833333333333333,False,False,0.13731986264046267,4.220000000000001,5.0,0.0,,E3,M0+S1,T4,1049,5.130064010620117
0.76,0.0,1.0,,0.47041926343624135,0.0,0.0,,,0.0,0.0016666666666666668,True,False,0.1559364873807994,3.4571428571428577,7.0,0.0,,E3,M0+S1,T5,1000,3.534195899963379
0.5866666666666667,0.0,1.0,,0.4699999999999999,0.0,0.0,,,0.0,0.0,True,False,0.15615889220997287,4.622222222222223,9.0,0.0,,E3,M0+S1,T5,1001,4.995302200317383
0.705,0.0,1.0,,0.4699999999999993,0.0,0.0,,,0.0,0.0033333333333333335,False,False,0.13401086739151277,3.857142857142857,7.0,0.0,,E3,M0+S1,T5,1002,3.4493911266326904
0.375,0.0,0.7183333333333334,0.4699999999999994,0.4699999999999999,0.0,7.0,0.0,,11.0,0.6566666666666666,False,False,0.15568270852743785,11.266666666666667,9.0,1.0,,E3,M0+S1,T5,1003,5.294421911239624
0.17166666666666666,0.0,0.755,0.4699999999999991,1.4160674280099006,0.0,1.0,0.0,,9.0,0.36,False,False,0.10689011622648503,24.0625,8.0,1.0,,E3,M0+S1,T5,1004,3.323119878768921
0.6283333333333333,0.0,0.9716666666666667,0.46999999999999925,0.47604288109596227,0.0,0.0,,,0.0,0.0033333333333333335,True,False,0.18363557415039813,4.569230769230769,13.0,1.0,,E3,M0+S1,T5,1005,5.177350997924805
0.8633333333333333,0.0,1.0,,0.4954639351393489,0.0,0.0,,,0.0,0.0,True,True,0.17359124419748204,3.35,6.0,0.0,,E3,M0+S1,T5,1006,4.873751640319824
0.7433333333333333,0.0,1.0,,0.4700000000000003,0.0,0.0,,,0.0,0.0,True,False,0.14124353220975128,4.4222222222222225,9.0,0.0,,E3,M0+S1,T5,1007,3.9091713428497314
0.6166666666666667,0.0,0.8716666666666667,0.4699999999999992,0.46999999999999953,0.0,0.0,,,0.0,0.0,True,False,0.1386639595719266,4.0875,8.0,0.0,,E3,M0+S1,T5,1008,5.264884948730469
0.7233333333333334,0.0,0.9933333333333333,0.4885315406963068,0.5078035361636688,0.0,0.0,,,0.0,0.0016666666666666668,True,False,0.1652320427947682,3.9333333333333336,6.0,0.0,,E3,M0+S1,T5,1009,4.2431440353393555
0.6616666666666666,0.0,0.9616666666666667,0.4700000000000003,0.493726037851216,0.0,1.0,1.0,4.3,0.0,0.02,True,False,0.15469887726124082,3.8916666666666675,12.0,5.0,,E3,M0+S1,T5,1010,5.291719198226929
0.87,0.0,1.0,,0.48561713348772517,0.0,0.0,,,0.0,0.0,True,True,0.12025218977251594,2.375,8.0,0.0,,E3,M0+S1,T5,1011,3.8463988304138184
0.32666666666666666,0.0,0.9583333333333334,0.46999999999999953,0.47960674450633106,0.0,1.0,0.0,,2.0,0.17,True,False,0.09335914676007805,20.871428571428574,7.0,0.0,,E3,M0+S1,T5,1012,4.253914833068848
0.7516666666666667,0.0,1.0,,0.4904831981410832,0.0,1.0,0.0,,0.0,0.0016666666666666668,False,False,0.13890510782733412,3.95,8.0,0.0,,E3,M0+S1,T5,1013,3.5102338790893555
0.885,0.0,1.0,,0.4776082687434318,0.0,0.0,,,0.0,0.0,True,True,0.13859481175726107,2.1625,8.0,0.0,,E3,M0+S1,T5,1014,4.085654973983765
0.6616666666666666,0.0,0.9183333333333333,0.46999999999999964,0.47354859744480654,0.0,0.0,,,0.0,0.0016666666666666668,True,False,0.16707279932838692,4.871428571428572,7.0,0.0,,E3,M0+S1,T5,1015,4.38411021232605
0.7683333333333333,0.0,1.0,1.7794199546766205,0.4803863729117826,0.0,0.0,,,0.0,0.0,True,False,0.1381751370425864,3.8000000000000003,6.0,0.0,,E3,M0+S1,T5,1016,4.3601179122924805
0.7416666666666667,0.0,1.0,,0.4699999999999997,0.0,0.0,,,0.0,0.0,True,False,0.13439584862411222,3.910000000000001,10.0,0.0,,E3,M0+S1,T5,1017,4.433207035064697
0.5566666666666666,0.0,1.0,,0.47245764608791946,0.0,0.0,,,0.0,0.0,True,False,0.15027009430930882,5.180000000000001,10.0,0.0,,E3,M0+S1,T5,1018,4.035177946090698
0.61,0.0,0.9666666666666667,0.4699999999999998,0.46999999999999975,0.0,0.0,,,0.0,0.0016666666666666668,True,False,0.145324099046343,6.9625,8.0,0.0,,E3,M0+S1,T5,1019,4.672802209854126
0.8,0.0,1.0,,0.4954063558539373,0.0,1.0,0.0,,0.0,0.0,False,False,0.14709544062532834,3.66,5.0,0.0,,E3,M0+S1,T5,1020,3.8404059410095215
0.7283333333333334,0.0,1.0,,0.4699999999999993,0.0,0.0,,,0.0,0.0,True,False,0.14250661710346052,4.5625,8.0,0.0,,E3,M0+S1,T5,1021,4.441780090332031
0.6916666666666667,0.0,0.9966666666666667,0.4904737309521122,0.4699999999999999,0.0,0.0,,,0.0,0.0016666666666666668,True,False,0.17275592447822802,4.9444444444444455,9.0,0.0,,E3,M0+S1,T5,1022,4.321243762969971
0.725,0.0,1.0,,0.4699999999999996,0.0,0.0,,,0.0,0.0,True,False,0.15187245195196816,2.725,8.0,0.0,,E3,M0+S1,T5,1023,4.589268922805786
0.765,0.0,0.9866666666666667,0.4699999999999995,0.47786749115090227,0.0,0.0,,,0.0,0.0,True,False,0.146457128502197,4.1571428571428575,7.0,0.0,,E3,M0+S1,T5,1024,4.483402967453003
0.545,0.0,1.0,,0.46999999999999925,0.0,0.0,,,0.0,0.0,True,False,0.1461828954710177,5.828571428571428,7.0,0.0,,E3,M0+S1,T5,1025,4.368031978607178
0.8166666666666667,0.0,0.97,0.46999999999999953,0.4963415205409751,0.0,0.0,,,0.0,0.0016666666666666668,True,True,0.15707424082060578,4.314285714285715,7.0,0.0,,E3,M0+S1,T5,1026,4.592437267303467
0.79,0.0,0.9933333333333333,0.4811569753166561,0.4825164059285891,0.0,0.0,,,0.0,0.0,True,False,0.14247774343151967,4.1571428571428575,7.0,0.0,,E3,M0+S1,T5,1027,4.487892150878906
0.655,0.0,0.9283333333333333,0.46999999999999936,0.5684917116976904,0.0,2.0,0.5,12.700000000000001,2.0,0.08833333333333333,True,False,0.11600727772185143,5.483333333333334,6.0,1.0,,E3,M0+S1,T5,1028,4.460139989852905
0.23333333333333334,0.0,0.7933333333333333,0.4699999999999997,1.5361756110033549,0.0,1.0,0.0,,9.0,0.5,False,False,0.14201512302469688,17.857142857142858,7.0,1.0,,E3,M0+S1,T5,1029,4.2111170291900635
0.7233333333333334,0.0,1.0,0.761564658537088,0.4737603575046756,0.0,0.0,,,0.0,0.013333333333333334,True,False,0.14380148241825966,3.8625,8.0,4.0,,E3,M0+S1,T5,1030,4.711749076843262
0.805,0.0,1.0,,0.49698783591703266,0.0,0.0,,,0.0,0.0,True,True,0.1598106627733136,4.371428571428572,7.0,0.0,,E3,M0+S1,T5,1031,3.871878147125244
0.8233333333333334,0.0,1.0,,0.4794335891877757,0.0,0.0,,,0.0,0.0,True,True,0.16687945551342176,3.3,8.0,0.0,,E3,M0+S1,T5,1032,4.280755996704102
0.6766666666666666,0.0,1.0,,0.46999999999999986,0.0,0.0,,,0.0,0.0,True,False,0.14350156462142005,3.5833333333333335,6.0,0.0,,E3,M0+S1,T5,1033,3.8978781700134277
0.5616666666666666,0.0,1.0,,0.46999999999999936,0.0,0.0,,,0.0,0.005,True,False,0.1460354497264906,11.35,8.0,0.0,,E3,M0+S1,T5,1034,4.258796215057373
0.7316666666666667,0.0,0.965,0.4699999999999997,0.46999999999999953,0.0,2.0,0.5,1.7000000000000002,2.0,0.09,False,False,0.1463544237909655,3.8769230769230774,13.0,1.0,,E3,M0+S1,T5,1035,4.09329891204834
0.8433333333333334,0.0,1.0,,0.4955455824927147,0.0,0.0,,,0.0,0.0,True,True,0.13540318853945993,2.7,7.0,0.0,,E3,M0+S1,T5,1036,4.209702968597412
0.69,0.0,0.9616666666666667,0.45163304126763065,0.47000000000000014,0.0,0.0,,,0.0,0.0,True,False,0.16613820062258697,4.04,10.0,0.0,,E3,M0+S1,T5,1037,4.312341213226318
0.6033333333333334,1.0,0.8083333333333333,0.4699999999999995,0.4793201843685802,0.0,2.0,0.0,,6.0,0.18833333333333332,False,False,0.1481602772348247,5.5,12.0,0.0,,E3,M0+S1,T5,1038,4.166766166687012
0.7183333333333334,0.0,1.0,1.4275738460886431,0.46999999999999925,0.0,0.0,,,0.0,0.0,True,False,0.15235104851389186,3.125,8.0,0.0,,E3,M0+S1,T5,1039,4.302157163619995
0.7966666666666666,0.0,0.9516666666666667,0.46999999999999986,0.46999999999999975,0.0,1.0,0.0,,2.0,0.065,False,False,0.16071495208876885,3.0250000000000004,8.0,0.0,,E3,M0+S1,T5,1040,4.0886781215667725
0.7416666666666667,0.0,0.9666666666666667,0.4699999999999998,0.4850889581295366,0.0,1.0,0.0,,0.0,0.0,False,False,0.1189408975923717,3.4200000000000004,10.0,0.0,,E3,M0+S1,T5,1041,3.9785358905792236
0.815,1.0,0.9266666666666666,0.4517937749268457,0.47000000000000003,0.0,1.0,1.0,10.3,3.0,0.15833333333333333,True,False,0.13588504037476848,2.8375000000000004,8.0,2.0,,E3,M0+S1,T5,1042,4.135005950927734
0.8033333333333333,0.0,1.0,,0.4699999999999998,0.0,0.0,,,0.0,0.0,True,True,0.12532935813565826,2.5333333333333337,9.0,0.0,,E3,M0+S1,T5,1043,4.011636018753052
0.6433333333333333,0.0,1.0,,0.490873605642215,0.0,0.0,,,0.0,0.0,True,False,0.18799258928186888,4.87,10.0,0.0,,E3,M0+S1,T5,1044,4.113641977310181
0.69,0.0,0.9766666666666667,0.46999999999999964,0.4945163090962956,0.0,1.0,0.0,,3.0,0.14166666666666666,False,False,0.15392762441163205,5.0200000000000005,5.0,1.0,,E3,M0+S1,T5,1045,4.29598593711853
0.20333333333333334,0.0,0.8066666666666666,0.4699999999999995,1.5775830000244744,0.0,1.0,0.0,,9.0,0.5833333333333334,False,False,0.1313267508429772,21.9625,8.0,3.0,,E3,M0+S1,T5,1046,3.990687131881714
0.37833333333333335,0.0,0.985,0.476933117541921,0.8963729535637768,0.0,2.0,0.0,,10.0,0.6033333333333334,False,False,0.12552990651959417,12.233333333333333,6.0,0.0,,E3,M0+S1,T5,1047,4.335089921951294
0.6883333333333334,0.0,0.8933333333333333,0.4699999999999992,0.4779069587083118,0.0,2.0,0.0,,5.0,0.22,False,False,0.15504817767013646,0.9888888888888889,9.0,1.0,,E3,M0+S1,T5,1048,4.184153079986572
0.61,0.0,1.0,,0.4699999999999992,0.0,0.0,,,0.0,0.0016666666666666668,True,False,0.15047596297254673,5.022222222222222,9.0,0.0,,E3,M0+S1,T5,1049,4.207668304443359
0.58,0.0,0.7516666666666667,0.4699999999999994,0.4700000000000003,0.0,3.0,0.3333333333333333,3.1,2.0,0.15,False,False,0.17892528900702662,4.98,10.0,11.0,,E3,M0+S1,T7,1000,4.753226041793823
0.6316666666666667,0.0,0.94,0.47000000000000014,0.46999999999999964,0.0,1.0,1.0,7.6000000000000005,2.0,0.10333333333333333,True,False,0.15444848453982155,5.12,10.0,4.0,,E3,M0+S1,T7,1001,4.717259168624878
0.995,0.0,1.0,,0.9936816341019251,0.0,0.0,,,0.0,0.0016666666666666668,True,True,0.10462449197769354,1.2000000000000002,2.0,0.0,,E3,M0+S1,T7,1002,3.921225070953369
0.2,0.0,0.9,0.46999999999999975,0.5542189807964004,0.0,5.0,0.0,,10.0,0.535,False,False,0.13544202006596245,9.88,10.0,0.0,,E3,M0+S1,T7,1003,4.224311113357544
0.39166666666666666,1.0,0.5683333333333334,0.4662866955883976,0.4699999999999995,0.0,2.0,0.0,,5.0,0.38333333333333336,True,False,0.14708666897561404,12.95,10.0,2.0,,E3,M0+S1,T7,1004,4.568397045135498
0.9166666666666666,0.0,1.0,,0.5824564758943974,0.0,0.0,,,0.0,0.0,True,True,0.11945416453185759,3.8000000000000003,2.0,0.0,,E3,M0+S1,T7,1005,4.621300935745239
0.7966666666666666,0.0,1.0,0.5583646984963977,0.4901775901606072,0.0,3.0,0.0,,6.0,0.38333333333333336,False,False,0.1964183531136603,3.6714285714285713,7.0,1.0,,E3,M0+S1,T7,1006,4.552380084991455
0.815,0.0,1.0,,0.46999999999999986,0.0,0.0,,,0.0,0.0,True,True,0.112687141591011,3.4166666666666665,6.0,0.0,,E3,M0+S1,T7,1007,4.439961910247803
0.585,0.0,0.8083333333333333,0.46999999999999964,0.7195580009514546,0.0,2.0,0.0,,7.0,0.3566666666666667,False,False,0.11968504642446667,6.833333333333333,3.0,0.0,,E3,M0+S1,T7,1008,4.993185043334961
0.9533333333333334,0.0,0.995,0.48144839544109636,0.5239441962918807,0.0,0.0,,,0.0,0.0,True,True,0.1453611756788818,3.9000000000000004,1.0,0.0,,E3,M0+S1,T7,1009,4.698713064193726
0.775,1.0,0.8733333333333333,0.4415975683363384,0.48997943990120535,0.0,2.0,1.0,2.45,1.0,0.06166666666666667,True,False,0.19641474433057146,4.275,8.0,4.0,,E3,M0+S1,T7,1010,4.789162874221802
0.38166666666666665,0.0,0.9633333333333334,0.46999999999999975,1.0020674848968056,0.0,4.0,0.75,9.433333333333332,9.0,0.5033333333333333,False,False,0.118101414489749,8.457142857142857,7.0,4.0,,E3,M0+S1,T7,1011,4.851407766342163
0.20666666666666667,1.0,0.99,0.46999999999999964,0.8506887137949899,0.0,1.0,0.0,,12.0,0.5566666666666666,False,False,0.0857332431416629,18.35,8.0,1.0,,E3,M0+S1,T7,1012,4.730247974395752
0.7316666666666667,0.0,1.0,,0.4786103884165739,0.0,0.0,,,0.0,0.0,True,False,0.16195906573231073,5.1000000000000005,6.0,0.0,,E3,M0+S1,T7,1013,4.369140863418579
0.54,0.0,0.8466666666666667,0.469999999999999,0.46999999999999975,0.0,2.0,0.0,,6.0,0.24666666666666667,False,False,0.1695938749902979,3.975,8.0,0.0,,E3,M0+S1,T7,1014,4.858563661575317
0.3983333333333333,0.0,0.9266666666666666,0.46999999999999964,1.285516418550097,0.0,2.0,0.0,,6.0,0.38,False,False,0.13735829906449848,29.375000000000004,4.0,1.0,,E3,M0+S1,T7,1015,4.323813199996948
0.9566666666666667,0.0,1.0,5.302195504642872,0.6516367628912842,0.0,0.0,,,0.0,0.0,True,True,0.13920912471500368,4.1000000000000005,1.0,0.0,,E3,M0+S1,T7,1016,4.621614933013916
0.5283333333333333,0.0,0.7666666666666667,0.4680084361094017,0.4699999999999993,0.0,5.0,0.4,12.900000000000002,7.0,0.315,False,False,0.11991918469591774,6.300000000000001,15.0,2.0,,E3,M0+S1,T7,1017,4.152025938034058
0.24833333333333332,1.0,0.8266666666666667,0.46999999999999964,0.4846272357938264,0.0,2.0,0.0,,9.0,0.52,False,False,0.11564600919734198,5.92857142857143,7.0,0.0,,E3,M0+S1,T7,1018,4.394540786743164
0.445,0.0,0.625,0.46999999999999964,0.7388991104397555,0.0,2.0,0.0,,11.0,0.45166666666666666,False,False,0.17232849644993867,11.525000000000002,8.0,9.0,,E3,M0+S1,T7,1019,4.735087156295776
0.8266666666666667,0.0,1.0,,0.479236994791852,0.0,0.0,,,0.0,0.0,True,True,0.1495601819174301,5.6000000000000005,4.0,0.0,,E3,M0+S1,T7,1020,4.362183094024658
0.4033333333333333,0.0,1.0,1.022673419943839,0.47000000000000003,0.0,1.0,0.0,,0.0,0.06166666666666667,False,False,0.15829054212651839,10.766666666666667,6.0,1.0,,E3,M0+S1,T7,1021,3.774311065673828
0.6433333333333333,0.0,1.0,,0.4699999999999997,0.0,0.0,,,0.0,0.0,True,False,0.14769046505733133,9.700000000000001,9.0,0.0,,E3,M0+S1,T7,1022,4.256108999252319
0.27166666666666667,3.0,0.71,0.4556864312185962,0.46999999999999986,0.0,3.0,0.0,,6.0,0.4266666666666667,False,False,0.15839733843818568,9.866666666666667,9.0,2.0,,E3,M0+S1,T7,1023,3.7968521118164062
0.825,0.0,0.6816666666666666,0.45565926024966535,0.4700000000000001,0.0,3.0,1.0,8.766666666666667,8.0,0.35333333333333333,False,False,0.1825798630728559,1.9444444444444444,9.0,8.0,,E3,M0+S1,T7,1024,4.476394891738892
0.245,0.0,0.8266666666666667,0.4699999999999992,0.46999999999999986,0.0,2.0,0.0,,12.0,0.5533333333333333,False,False,0.12652036498261376,11.590909090909092,11.0,1.0,,E3,M0+S1,T7,1025,3.7342941761016846
0.7283333333333334,1.0,0.94,0.46999999999999953,0.4988335079387356,0.0,0.0,,,0.0,0.0,True,False,0.16430231821273836,3.216666666666667,12.0,0.0,,E3,M0+S1,T7,1026,4.380157232284546
0.8183333333333334,0.0,1.0,,0.49131279834424174,0.0,0.0,,,0.0,0.0016666666666666668,True,True,0.14627617561839387,5.2,5.0,0.0,,E3,M0+S1,T7,1027,3.558274745941162
0.43666666666666665,0.0,0.8483333333333334,0.46999999999999953,0.47,0.0,2.0,0.0,,6.0,0.21666666666666667,True,False,0.11353966095944396,8.557142857142859,7.0,1.0,,E3,M0+S1,T7,1028,3.495544672012329
1.0,0.0,1.0,0.5884184078676842,1.2938853242315187,0.0,0.0,,,0.0,0.0,True,True,0.11324687173428231,0.0,2.0,0.0,,E3,M0+S1,T7,1029,4.198181867599487
0.8966666666666666,0.0,1.0,,0.4711046195497637,0.0,0.0,,,0.0,0.0,True,True,0.13893759447759202,4.425000000000001,4.0,0.0,,E3,M0+S1,T7,1030,3.5248770713806152
0.9833333333333333,0.0,1.0,,0.959693460120324,0.0,0.0,,,0.0,0.0033333333333333335,True,True,0.14842354252693385,0.0,3.0,0.0,,E3,M0+S1,T7,1031,3.494762897491455
0.735,0.0,0.9683333333333334,0.4699999999999999,0.4854688961029659,0.0,1.0,1.0,1.6,0.0,0.0,True,False,0.12623878056067311,9.35,2.0,0.0,,E3,M0+S1,T7,1032,3.7726309299468994
0.8033333333333333,0.0,0.975,0.4702401294789515,0.5252345582033534,0.0,2.0,1.0,7.2,0.0,0.055,True,True,0.14148261067812068,2.9000000000000004,2.0,0.0,,E3,M0+S1,T7,1033,4.000392913818359
0.5283333333333333,0.0,0.9283333333333333,0.4699999999999991,0.47,0.0,2.0,0.0,,3.0,0.18166666666666667,False,False,0.15446425560421984,5.8500000000000005,10.0,1.0,,E3,M0+S1,T7,1034,3.4602692127227783
0.33,0.0,0.6216666666666667,0.46999999999999953,0.5596815751739325,0.0,1.0,0.0,,13.0,0.575,False,False,0.12610270141174135,16.05,8.0,1.0,,E3,M0+S1,T7,1035,3.85556697845459
0.9966666666666667,0.0,0.9666666666666667,0.4699999999999996,0.9979577465316329,0.0,0.0,,,0.0,0.0,True,True,0.1390259049974846,0.0,3.0,0.0,,E3,M0+S1,T7,1036,3.449354887008667
0.6583333333333333,0.0,0.9566666666666667,0.46999999999999975,0.4766186077314387,0.0,2.0,1.0,9.65,2.0,0.10666666666666667,True,False,0.18109418828701848,1.9615384615384615,13.0,2.0,,E3,M0+S1,T7,1037,3.7724127769470215
0.4816666666666667,2.0,0.5016666666666667,0.43909591272357923,0.47696305860950383,0.0,4.0,0.5,5.7,4.0,0.25333333333333335,False,False,0.14649908203636125,6.016666666666667,12.0,2.0,,E3,M0+S1,T7,1038,3.859961986541748
0.5933333333333334,0.0,0.8616666666666667,0.46999999999999964,0.4700000000000001,0.0,0.0,,,0.0,0.006666666666666667,True,False,0.14633777757407582,6.790000000000001,10.0,4.0,,E3,M0+S1,T7,1039,3.7999391555786133
0.2683333333333333,0.0,0.765,0.469999999999999,0.4699999999999994,0.0,2.0,0.0,,8.0,0.445,False,False,0.14685947237579203,7.925000000000001,8.0,2.0,,E3,M0+S1,T7,1040,3.7237517833709717
0.8866666666666667,0.0,1.0,0.7046235719718013,0.712249700134749,0.0,0.0,,,0.0,0.0,True,True,0.1567434107111931,4.050000000000001,2.0,0.0,,E3,M0+S1,T7,1041,3.7484960556030273
0.79,0.0,1.0,0.6151065552090598,0.5822297153520987,0.0,2.0,0.5,11.0,6.0,0.5066666666666667,True,False,0.11930482089333402,2.6500000000000004,6.0,5.0,,E3,M0+S1,T7,1042,3.874753952026367
0.555,0.0,0.8233333333333334,0.46999999999999925,0.46999999999999964,0.0,4.0,1.0,6.1000000000000005,2.0,0.10833333333333334,True,False,0.15679655837756856,5.166666666666667,9.0,2.0,,E3,M0+S1,T7,1043,3.745677947998047
0.46,0.0,0.7933333333333333,0.46999999999999925,0.4892105462356359,0.0,4.0,0.25,4.5,5.0,0.37666666666666665,False,False,0.18944148907857325,6.933333333333334,12.0,4.0,,E3,M0+S1,T7,1044,3.775491952896118
0.59,0.0,0.845,0.46999999999999903,0.8578920099289679,0.0,3.0,0.0,,7.0,0.3433333333333333,False,False,0.1493881755863726,3.1000000000000005,7.0,2.0,,E3,M0+S1,T7,1045,3.541604995727539
0.7483333333333333,0.0,1.0,3.0491611043219278,0.46999999999999936,0.0,0.0,,,0.0,0.0,True,False,0.1792066289540444,4.6000000000000005,7.0,0.0,,E3,M0+S1,T7,1046,3.6160500049591064
0.925,0.0,1.0,0.5203676707375372,0.5767620228617527,0.0,0.0,,,0.0,0.0016666666666666668,True,True,0.157236191500144,4.5,1.0,0.0,,E3,M0+S1,T7,1047,3.5563340187072754
0.43166666666666664,0.0,0.9666666666666667,0.47000000000000025,1.3091093612656146,0.0,2.0,0.0,,10.0,0.5683333333333334,False,False,0.146504752073137,8.96,5.0,2.0,,E3,M0+S1,T7,1048,3.9478211402893066
0.93,0.0,1.0,,0.5622338975934601,0.0,0.0,,,0.0,0.0,True,True,0.12584664618976235,1.85,4.0,0.0,,E3,M0+S1,T7,1049,3.312653064727783
0.935,0.0,1.0,0.7411007616017263,0.5136706305179801,0.0,0.0,,,0.0,0.0,True,True,0.16522908176496476,4.9,1.0,0.0,,E3,M1+S1,T3,1000,3.695796012878418
0.8183333333333334,0.0,1.0,0.5626850095574578,0.4728088859456196,0.0,0.0,,,0.0,0.0,True,True,0.17184309318791993,5.7749999999999995,4.0,0.0,,E3,M1+S1,T3,1001,3.369117021560669
0.9566666666666667,0.0,1.0,0.718935999764832,0.6033805271869762,0.0,0.0,,,0.0,0.0,True,True,0.14168304957429453,1.7000000000000002,2.0,0.0,,E3,M1+S1,T3,1002,3.5643460750579834
0.91,0.0,0.9433333333333334,0.46999999999999925,0.4928729772422015,0.0,0.0,,,0.0,0.0,True,True,0.16355835358792364,1.4125,8.0,1.0,,E3,M1+S1,T3,1003,3.6846766471862793
0.8483333333333334,0.0,1.0,0.7254424508020317,0.4699999999999999,0.0,0.0,,,0.0,0.0,True,True,0.17799254907249734,3.9200000000000004,5.0,1.0,,E3,M1+S1,T3,1004,3.4475560188293457
0.5166666666666667,0.0,0.8733333333333333,0.469999999999999,0.5087373021412176,0.0,2.0,0.5,6.6000000000000005,0.0,0.0,True,False,0.08663892815973506,2.766666666666667,3.0,1.0,,E3,M1+S1,T3,1005,2.9679019451141357
,,,,,,,,,,,,,,,,,RuntimeError('T3 seed 1006: no straight run found'),E3,M1+S1,T3,1006,0.2536048889160156
0.9833333333333333,0.0,1.0,0.5786774209931066,0.9671946105405234,0.0,0.0,,,0.0,0.0,True,True,0.17046374283872337,2.5,1.0,0.0,,E3,M1+S1,T3,1007,3.6772890090942383
0.8783333333333333,0.0,0.965,0.46999999999999964,0.47000000000000014,0.0,0.0,,,0.0,0.0,True,True,0.17621383452948194,4.0,5.0,4.0,,E3,M1+S1,T3,1008,3.4794130325317383
0.145,0.0,1.0,0.8346043765944978,0.716525624416887,0.0,4.0,0.0,,7.0,0.30333333333333334,False,False,0.047220354239295576,14.775,4.0,1.0,,E3,M1+S1,T3,1009,2.529569149017334
0.15833333333333333,0.0,1.0,0.9967186245075793,0.754946279710159,0.0,6.0,0.0,,2.0,0.10833333333333334,False,False,0.04250125098012097,22.76666666666667,3.0,0.0,,E3,M1+S1,T3,1010,2.163362979888916
0.915,0.0,1.0,0.8289009580341834,0.46999999999999964,0.0,0.0,,,0.0,0.0,True,True,0.17812031655527716,3.7500000000000004,2.0,0.0,,E3,M1+S1,T3,1011,3.812372922897339
0.92,1.0,1.0,1.2578509437090966,0.4700000000000003,0.0,0.0,,,0.0,0.0,True,False,0.1663979931829307,4.6,2.0,0.0,,E3,M1+S1,T3,1012,3.808561086654663
0.9516666666666667,0.0,1.0,1.0813588507787082,0.500643039908819,0.0,0.0,,,0.0,0.0,True,True,0.13076635124367333,1.9500000000000002,2.0,0.0,,E3,M1+S1,T3,1013,3.520313024520874
0.96,0.0,1.0,0.7786262825964133,0.5878613569546989,0.0,0.0,,,0.0,0.0,True,True,0.15936839567674307,3.0,1.0,0.0,,E3,M1+S1,T3,1014,3.592134952545166
0.9683333333333334,0.0,1.0,1.7406341909815155,0.7030596232620259,0.0,0.0,,,0.0,0.0,True,True,0.1419636000860285,0.62,5.0,0.0,,E3,M1+S1,T3,1015,3.5668609142303467
0.9116666666666666,0.0,1.0,0.621179472739842,0.5062313755917066,0.0,0.0,,,0.0,0.0,True,True,0.16964904081079385,1.55,4.0,1.0,,E3,M1+S1,T3,1016,3.7112209796905518
0.9483333333333334,0.0,1.0,1.0996247830425714,0.5638570401643875,0.0,0.0,,,0.0,0.0,True,True,0.144363164863506,4.1000000000000005,1.0,2.0,,E3,M1+S1,T3,1017,3.8150858879089355
0.69,0.0,0.975,0.46999999999999975,0.5061804616195563,0.0,1.0,1.0,7.2,0.0,0.0,True,False,0.1227950507781305,4.133333333333334,6.0,3.0,,E3,M1+S1,T3,1018,3.555656909942627
0.92,0.0,1.0,1.3133470917637895,0.507155081111266,0.0,0.0,,,0.0,0.0,True,True,0.1709809522460791,5.6000000000000005,1.0,0.0,,E3,M1+S1,T3,1019,3.7899057865142822
0.92,0.0,1.0,0.7232591050942138,0.5028855152283424,0.0,0.0,,,0.0,0.0,True,True,0.16582000404721192,2.8000000000000003,3.0,0.0,,E3,M1+S1,T3,1020,3.49891996383667
0.9466666666666667,0.0,1.0,1.3100802811505214,0.570966605890528,0.0,0.0,,,0.0,0.0,True,True,0.18889712937712697,4.1000000000000005,1.0,0.0,,E3,M1+S1,T3,1021,3.8694660663604736
1.0,0.0,1.0,0.574755936454919,1.421617184634301,0.0,0.0,,,0.0,0.0,True,True,0.17154471625400633,,0.0,0.0,,E3,M1+S1,T3,1022,3.5652241706848145
0.7616666666666667,0.0,1.0,0.9126313091661351,0.48432469994341554,0.0,0.0,,,0.0,0.0,True,False,0.1687173496764695,7.3500000000000005,2.0,1.0,,E3,M1+S1,T3,1023,3.651844024658203
0.11166666666666666,0.0,1.0,1.5265604090378655,0.6427963098996249,0.0,1.0,0.0,,3.0,0.15333333333333332,False,False,0.06048881563634435,43.800000000000004,3.0,3.0,,E3,M1+S1,T3,1024,2.4525740146636963
0.9266666666666666,0.0,1.0,1.1973118203510789,0.5186750465120687,0.0,0.0,,,0.0,0.0,True,True,0.13376982639699275,1.9500000000000002,2.0,1.0,,E3,M1+S1,T3,1025,3.5566673278808594
0.7983333333333333,1.0,0.9333333333333333,0.4699999999999997,0.6403363222229053,0.0,3.0,1.0,5.166666666666667,0.0,0.0,True,False,0.14535827329141976,5.78,5.0,3.0,,E3,M1+S1,T3,1026,3.6724491119384766
0.81,0.0,1.0,1.3340659099698546,0.46999999999999953,0.0,0.0,,,0.0,0.0,True,True,0.17000985491398188,3.5571428571428574,7.0,0.0,,E3,M1+S1,T3,1027,3.582878828048706
0.9716666666666667,0.0,0.835,0.4699999999999994,0.9128345088118548,0.0,0.0,,,0.0,0.0,True,True,0.1791590567756627,0.5166666666666667,6.0,7.0,,E3,M1+S1,T3,1028,3.527506113052368
0.9916666666666667,0.0,1.0,1.5197868092006555,0.9716842462339671,0.0,0.0,,,0.0,0.0,True,True,0.18561376044157687,1.6666666666666667,3.0,3.0,,E3,M1+S1,T3,1029,3.782041072845459
0.9,0.0,0.9766666666666667,0.4699999999999997,0.49472388803572553,0.0,0.0,,,0.0,0.0,True,True,0.1426409596138679,4.1,2.0,0.0,,E3,M1+S1,T3,1030,3.41113018989563
0.9383333333333334,0.0,1.0,0.564385629282611,0.512888102577214,0.0,1.0,1.0,1.6,0.0,0.0,True,True,0.14776513120795293,2.3000000000000003,2.0,0.0,,E3,M1+S1,T3,1031,3.6760408878326416
0.9366666666666666,0.0,1.0,1.1022298582534271,0.5249942729768802,0.0,0.0,,,0.0,0.0,True,True,0.19991861848533965,1.5333333333333334,3.0,2.0,,E3,M1+S1,T3,1032,3.774827241897583
0.9766666666666667,0.0,1.0,0.5759267028351143,0.8536457921215798,0.0,0.0,,,0.0,0.0,True,True,0.1362036063057459,2.7,1.0,0.0,,E3,M1+S1,T3,1033,3.469926118850708
0.9866666666666667,0.0,1.0,0.7820446025948402,0.9547814539352057,0.0,0.0,,,0.0,0.0,True,True,0.1477701883826933,0.9500000000000001,2.0,0.0,,E3,M1+S1,T3,1034,3.7727198600769043
0.9533333333333334,0.0,1.0,1.642564648454404,0.548752846715475,0.0,0.0,,,0.0,0.0,True,True,0.15201901151887737,1.2,3.0,0.0,,E3,M1+S1,T3,1035,3.573568105697632
0.895,0.0,1.0,0.5144106674373875,0.4699999999999999,0.0,0.0,,,0.0,0.0,True,True,0.1327962940151137,2.06,5.0,1.0,,E3,M1+S1,T3,1036,3.582211971282959
0.8333333333333334,0.0,1.0,0.7335140638339246,0.4699999999999997,0.0,0.0,,,0.0,0.0,True,True,0.1620477172903159,4.4750000000000005,4.0,0.0,,E3,M1+S1,T3,1037,3.596593141555786
0.9683333333333334,0.0,1.0,1.6728769181832392,0.8312430626094811,0.0,0.0,,,0.0,0.0,True,True,0.1425911932806665,1.55,2.0,0.0,,E3,M1+S1,T3,1038,3.743408679962158
0.965,0.0,0.9916666666666667,0.46999999999999986,0.7955948464951799,0.0,0.0,,,0.0,0.0,True,True,0.14575144254260897,1.4500000000000002,2.0,0.0,,E3,M1+S1,T3,1039,3.532923936843872
0.9433333333333334,0.0,1.0,1.4005850107136464,0.6163826580431333,0.0,0.0,,,0.0,0.0,True,True,0.18459031874327325,4.5,1.0,0.0,,E3,M1+S1,T3,1040,3.7831828594207764
0.945,0.0,0.9066666666666666,0.46999999999999953,0.8823636328852101,0.0,1.0,0.0,,0.0,0.0,False,False,0.13394302983227635,0.7666666666666667,3.0,2.0,,E3,M1+S1,T3,1041,3.701659917831421
0.9583333333333334,2.0,0.98,0.4699999999999994,0.5448683772244822,0.0,1.0,1.0,2.2,0.0,0.0,True,False,0.1473089748903172,3.4000000000000004,1.0,0.0,,E3,M1+S1,T3,1042,3.8576548099517822
0.9633333333333334,1.0,0.935,0.4309562106855726,0.8600850869208394,0.0,1.0,1.0,4.6000000000000005,0.0,0.0,True,False,0.14675496632387913,0.56,5.0,3.0,,E3,M1+S1,T3,1043,3.678291082382202
0.9466666666666667,2.0,0.93,0.4699999999999995,0.6981070253816436,0.0,1.0,1.0,1.2000000000000002,0.0,0.0,True,False,0.16248888535192663,2.025,4.0,0.0,,E3,M1+S1,T3,1044,3.5167489051818848
0.91,0.0,1.0,1.1433547163864086,0.586197359894531,0.0,0.0,,,0.0,0.0,True,True,0.17265314263169176,1.675,4.0,1.0,,E3,M1+S1,T3,1045,3.5872111320495605
0.905,0.0,1.0,1.1817578753427358,0.6022570616066903,0.0,0.0,,,0.0,0.0,True,True,0.17622627207396718,3.225,4.0,4.0,,E3,M1+S1,T3,1046,3.870492935180664
0.94,0.0,1.0,1.0617376139811692,0.5414307175948234,0.0,0.0,,,0.0,0.0,True,True,0.15550828911169226,1.5,3.0,4.0,,E3,M1+S1,T3,1047,3.414968967437744
0.96,0.0,1.0,0.8017886056274344,0.7167938923379339,0.0,0.0,,,0.0,0.0,True,True,0.16640264517260342,0.925,4.0,0.0,,E3,M1+S1,T3,1048,3.7541890144348145
0.9283333333333333,0.0,1.0,0.8371995396431954,0.5047336115290245,0.0,0.0,,,0.0,0.0,True,True,0.18585180052611544,3.0500000000000003,2.0,0.0,,E3,M1+S1,T3,1049,3.348578929901123
0.965,0.0,0.9433333333333334,0.4699999999999993,0.7962237618927535,0.0,0.0,,,0.0,0.0,True,True,0.1596431514265181,1.9000000000000001,3.0,0.0,,E3,M1+S1,T4,1000,3.7304601669311523
0.5833333333333334,0.0,0.6866666666666666,0.4699999999999992,0.48370748911588285,0.0,1.0,1.0,6.300000000000001,0.0,0.0,True,False,0.17002934295980102,9.328571428571431,7.0,0.0,,E3,M1+S1,T4,1001,3.446363925933838
0.915,0.0,1.0,2.2540704631132944,0.47,0.0,0.0,,,0.0,0.0,True,True,0.1541434978648304,2.7,5.0,0.0,,E3,M1+S1,T4,1002,3.3449602127075195
0.8916666666666667,0.0,0.9966666666666667,0.4822901468939918,0.4700000000000006,0.0,0.0,,,0.0,0.0,True,True,0.13749795799334819,3.8333333333333335,3.0,0.0,,E3,M1+S1,T4,1003,3.2698380947113037
0.4266666666666667,0.0,0.935,0.47,0.493038046257897,0.0,1.0,0.0,,0.0,0.0,True,False,0.044921660558204804,12.076923076923078,13.0,0.0,,E3,M1+S1,T4,1004,2.282261848449707
0.74,0.0,0.9483333333333334,0.4699999999999996,0.4709704620883335,0.0,1.0,1.0,10.700000000000001,0.0,0.0,True,False,0.12043382402472402,0.5750000000000001,4.0,0.0,,E3,M1+S1,T4,1005,3.090613842010498
0.9116666666666666,0.0,0.9233333333333333,0.46999999999999986,0.639143329431218,0.0,0.0,,,0.0,0.0,True,True,0.19956365182499314,1.5400000000000003,5.0,1.0,,E3,M1+S1,T4,1006,3.590850830078125
0.7833333333333333,0.0,1.0,1.1040720130036683,0.4699999999999999,0.0,0.0,,,0.0,0.0,True,False,0.14786266248410815,5.766666666666667,6.0,0.0,,E3,M1+S1,T4,1007,3.447258949279785
0.79,0.0,0.8916666666666667,0.4699999999999996,0.46999999999999986,0.0,2.0,1.0,3.15,0.0,0.0,True,False,0.1531743934222005,1.9461538461538461,13.0,3.0,,E3,M1+S1,T4,1008,3.281567096710205
0.83,0.0,0.955,0.4590116052082554,0.4972578074543793,0.0,0.0,,,0.0,0.0,True,True,0.17733873842388864,7.2,4.0,0.0,,E3,M1+S1,T4,1009,3.4841201305389404
0.9883333333333333,0.0,1.0,4.417685632022191,0.9823528463859825,0.0,0.0,,,0.0,0.0,True,True,0.15387099613942845,2.1,1.0,0.0,,E3,M1+S1,T4,1010,3.4551610946655273
0.9583333333333334,0.0,1.0,2.8900887119399554,0.6880976991455328,0.0,0.0,,,0.0,0.0,True,True,0.17510383942300073,1.2,3.0,0.0,,E3,M1+S1,T4,1011,3.551271915435791
0.635,0.0,0.9466666666666667,0.4699999999999996,0.46999999999999964,0.0,1.0,1.0,2.9000000000000004,0.0,0.0,True,False,0.1666433288393107,7.5375,8.0,2.0,,E3,M1+S1,T4,1012,3.4326767921447754
0.6833333333333333,0.0,0.98,0.4700000000000008,0.47000000000000014,0.0,0.0,,,0.0,0.0,True,False,0.1519200067287828,6.03,10.0,0.0,,E3,M1+S1,T4,1013,3.5360188484191895
0.895,0.0,0.9583333333333334,0.46999999999999975,0.49876730231391553,0.0,0.0,,,0.0,0.0,True,True,0.19144233803014035,2.96,5.0,0.0,,E3,M1+S1,T4,1014,3.65779185295105
0.7616666666666667,2.0,0.95,0.46999999999999964,0.4699999999999998,0.0,0.0,,,0.0,0.0,True,False,0.17939763143052884,2.2375000000000003,8.0,2.0,,E3,M1+S1,T4,1015,3.531198024749756
0.7866666666666666,0.0,1.0,1.1362237259158188,0.4728652489331716,0.0,0.0,,,0.0,0.0,True,False,0.18481899064846882,6.95,6.0,0.0,,E3,M1+S1,T4,1016,3.369556188583374
0.7716666666666666,0.0,0.9366666666666666,0.46999999999999925,0.4720018253081052,0.0,2.0,1.0,3.25,0.0,0.0,True,False,0.15180948530431604,2.6090909090909093,11.0,3.0,,E3,M1+S1,T4,1017,3.5099048614501953
0.8833333333333333,0.0,0.9683333333333334,0.4653456851279958,0.5093677526392626,0.0,0.0,,,0.0,0.0,True,True,0.14423575775660383,2.1875,8.0,1.0,,E3,M1+S1,T4,1018,3.7058069705963135
0.825,1.0,0.8933333333333333,0.4290318671172483,0.46999999999999964,0.0,1.0,1.0,5.1000000000000005,0.0,0.0,True,False,0.13524991271538164,6.000000000000002,5.0,0.0,,E3,M1+S1,T4,1019,3.32692813873291
0.8066666666666666,0.0,0.5483333333333333,0.46999999999999964,0.5239867420776644,0.0,1.0,1.0,1.7000000000000002,0.0,0.0,True,True,0.1550487685156029,5.025,4.0,0.0,,E3,M1+S1,T4,1020,3.3400681018829346
0.9166666666666666,0.0,1.0,1.7008113284399267,0.5396007844797788,0.0,0.0,,,0.0,0.0,True,True,0.16849580998318603,3.7500000000000004,2.0,0.0,,E3,M1+S1,T4,1021,3.618010997772217
0.8416666666666667,0.0,1.0,3.286594087488136,0.4699999999999993,0.0,0.0,,,0.0,0.0,True,True,0.12340303668532827,6.5,3.0,0.0,,E3,M1+S1,T4,1022,3.500535726547241
0.725,2.0,0.5183333333333333,0.43499555284146535,0.47,0.0,1.0,1.0,1.7000000000000002,0.0,0.0,True,False,0.1542084172263027,3.841666666666667,12.0,9.0,,E3,M1+S1,T4,1023,3.627250909805298
0.7866666666666666,0.0,0.9583333333333334,0.47000000000000003,0.46999999999999986,0.0,0.0,,,0.0,0.0,True,False,0.16517003053140003,4.216666666666668,6.0,0.0,,E3,M1+S1,T4,1024,3.4864940643310547
0.10666666666666667,0.0,1.0,1.6371530955633031,0.6344594972943153,0.0,4.0,0.0,,0.0,0.03666666666666667,False,False,0.037273146821201766,15.383333333333333,6.0,0.0,,E3,M1+S1,T4,1025,2.13783597946167
0.7683333333333333,1.0,0.585,0.4699999999999991,0.49685585887009837,0.0,1.0,1.0,2.6,0.0,0.0,True,False,0.13687484466385524,5.4,5.0,0.0,,E3,M1+S1,T4,1026,3.4535772800445557
0.825,0.0,0.99,0.46999999999999975,0.49585510588104714,0.0,0.0,,,0.0,0.0,True,True,0.13652148649713555,2.6000000000000005,7.0,2.0,,E3,M1+S1,T4,1027,3.6580610275268555
0.9416666666666667,0.0,1.0,0.7610637817979079,0.5347443713482919,0.0,0.0,,,0.0,0.0,True,True,0.14683980647029796,4.6000000000000005,1.0,0.0,,E3,M1+S1,T4,1028,3.5912671089172363
0.9016666666666666,0.0,0.9416666666666667,0.46999999999999953,0.47569174401207287,0.0,2.0,0.5,7.5,0.0,0.0,False,False,0.16148698703216147,2.6999999999999997,6.0,0.0,,E3,M1+S1,T4,1029,3.9322617053985596
0.825,1.0,0.5566666666666666,0.46999999999999914,0.4819632500685142,0.0,0.0,,,0.0,0.0,True,False,0.14294495822873496,3.7285714285714286,7.0,4.0,,E3,M1+S1,T4,1030,3.6851248741149902
0.88,0.0,1.0,1.1319747753781977,0.5164305344783011,0.0,0.0,,,0.0,0.0,True,True,0.20996189994573022,4.05,6.0,1.0,,E3,M1+S1,T4,1031,3.940340995788574
0.76,0.0,1.0,0.5004628561406836,0.4749043083822892,0.0,0.0,,,0.0,0.0,True,False,0.16933214400770524,7.15,4.0,0.0,,E3,M1+S1,T4,1032,3.5980939865112305
0.8266666666666667,0.0,0.9583333333333334,0.47000000000000053,0.4699999999999992,0.0,3.0,0.6666666666666666,7.8500000000000005,8.0,0.37333333333333335,True,True,0.15665364272867285,4.6000000000000005,2.0,5.0,,E3,M1+S1,T4,1033,3.8934950828552246
0.645,1.0,0.855,0.46999999999999925,0.46999999999999964,0.0,1.0,1.0,3.3000000000000003,0.0,0.0,True,False,0.17140877530043896,4.366666666666667,9.0,0.0,,E3,M1+S1,T4,1034,3.454561710357666
0.46166666666666667,0.0,0.48333333333333334,0.46999999999999953,0.46999999999999953,0.0,3.0,1.0,2.866666666666667,0.0,0.0,True,False,0.15261947730381345,13.52,5.0,4.0,,E3,M1+S1,T4,1035,3.983628988265991
0.8466666666666667,0.0,0.9666666666666667,0.46999999999999964,0.5041696467886793,0.0,0.0,,,0.0,0.0,True,True,0.2052274053524625,2.9750000000000005,4.0,1.0,,E3,M1+S1,T4,1036,3.585594892501831
0.7566666666666667,0.0,0.7583333333333333,0.46999999999999953,0.4699999999999999,0.0,4.0,0.75,5.966666666666666,0.0,0.0,True,False,0.11962202647985772,3.069230769230769,13.0,1.0,,E3,M1+S1,T4,1037,3.4125711917877197
0.785,0.0,0.9116666666666666,0.4699999999999989,0.4808719223628617,0.0,2.0,1.0,9.3,0.0,0.0,True,False,0.1088972886799903,1.2333333333333334,3.0,0.0,,E3,M1+S1,T4,1038,3.020354986190796
0.47833333333333333,0.0,0.9083333333333333,0.46999999999999914,0.4699999999999995,0.0,4.0,1.0,11.425,1.0,0.04833333333333333,True,False,0.1437476441469311,5.066666666666666,9.0,6.0,,E3,M1+S1,T4,1039,3.1329331398010254
0.7466666666666667,0.0,0.73,0.4699999999999993,0.4699999999999997,0.0,0.0,,,0.0,0.0,True,False,0.1426245281076934,4.45,8.0,0.0,,E3,M1+S1,T4,1040,3.4169299602508545
0.54,0.0,1.0,0.9795703184126568,0.46999999999999975,0.0,0.0,,,0.0,0.0,True,False,0.20853173517974719,6.1642857142857155,14.0,0.0,,E3,M1+S1,T4,1041,3.763914108276367
0.9433333333333334,0.0,1.0,1.336836360187427,0.7466051532129061,0.0,0.0,,,0.0,0.0,True,True,0.1370260942407491,3.2,2.0,0.0,,E3,M1+S1,T4,1042,3.8641371726989746
0.20333333333333334,0.0,0.935,0.4699999999999993,0.4699999999999997,0.0,1.0,0.0,,0.0,0.0,False,False,0.0689635132245501,5.3500000000000005,6.0,1.0,,E3,M1+S1,T4,1043,1.682919979095459
0.42333333333333334,1.0,0.8983333333333333,0.46999999999999964,0.46999999999999986,0.0,1.0,1.0,3.3000000000000003,0.0,0.0,True,False,0.19256411740534055,14.142857142857144,7.0,4.0,,E3,M1+S1,T4,1044,3.4732840061187744
0.8016666666666666,0.0,0.5516666666666666,0.4699999999999992,0.4891674189063861,0.0,1.0,1.0,5.2,0.0,0.0,True,True,0.23507400648270446,7.779999999999999,5.0,0.0,,E3,M1+S1,T4,1045,3.335843086242676
0.6516666666666666,0.0,0.64,0.46999999999999925,0.5535247781612123,0.0,4.0,1.0,4.925000000000001,0.0,0.0,True,False,0.15573057796604511,3.6181818181818186,11.0,9.0,,E3,M1+S1,T4,1046,3.377714157104492
1.0,0.0,0.9783333333333334,0.4699999999999998,1.1679116823282092,0.0,0.0,,,0.0,0.0,True,True,0.15780135149427058,0.0,1.0,0.0,,E3,M1+S1,T4,1047,3.401763677597046
0.725,1.0,1.0,0.5129918864787287,0.4699999999999997,0.0,0.0,,,0.0,0.0,True,False,0.15720907492185904,6.242857142857143,7.0,0.0,,E3,M1+S1,T4,1048,3.648268938064575
0.26166666666666666,0.0,0.9633333333333334,0.47148826514829806,0.46999999999999914,0.0,0.0,,,0.0,0.0,True,False,0.15153234097332474,11.366666666666667,6.0,0.0,,E3,M1+S1,T4,1049,3.2514450550079346
0.7683333333333333,0.0,1.0,,0.47041926343624135,0.0,0.0,,,0.0,0.0,True,False,0.15848286523448937,3.4750000000000005,8.0,0.0,,E3,M1+S1,T5,1000,3.3492932319641113
0.5866666666666667,0.0,1.0,,0.4699999999999999,0.0,0.0,,,0.0,0.0,True,False,0.15615889220997287,4.622222222222223,9.0,0.0,,E3,M1+S1,T5,1001,3.1263327598571777
0.71,0.0,1.0,,0.4699999999999993,0.0,0.0,,,0.0,0.0,True,False,0.1534344464419632,4.26,10.0,0.0,,E3,M1+S1,T5,1002,3.126235008239746
0.715,1.0,0.9066666666666666,0.41373216786030337,0.4699999999999997,0.0,1.0,1.0,1.3,0.0,0.0,True,False,0.14895909265167878,2.8090909090909095,11.0,0.0,,E3,M1+S1,T5,1003,3.290296792984009
0.7216666666666667,0.0,0.8883333333333333,0.4699999999999996,0.46999999999999964,0.0,0.0,,,0.0,0.0,True,False,0.16574073964756356,3.4818181818181815,11.0,1.0,,E3,M1+S1,T5,1004,3.42038893699646
0.5116666666666667,1.0,0.7266666666666667,0.3804789957223602,0.47,0.0,3.0,1.0,4.000000000000001,0.0,0.0,True,False,0.17916384461918525,4.266666666666667,15.0,4.0,,E3,M1+S1,T5,1005,3.243804931640625
0.8316666666666667,0.0,1.0,,0.5011300243901861,0.0,0.0,,,0.0,0.0,True,True,0.1786228088738316,2.54,5.0,0.0,,E3,M1+S1,T5,1006,3.090654134750366
0.5683333333333334,0.0,1.0,,0.4699999999999996,0.0,0.0,,,0.0,0.0,True,False,0.12334798791560699,7.777777777777778,9.0,0.0,,E3,M1+S1,T5,1007,3.099954128265381
0.6433333333333333,0.0,0.8733333333333333,0.4699999999999995,0.4699999999999994,0.0,0.0,,,0.0,0.0,True,False,0.14970649429276103,4.055555555555555,9.0,0.0,,E3,M1+S1,T5,1008,3.3453640937805176
0.8333333333333334,0.0,1.0,0.5128139100095751,0.48510664263775477,0.0,0.0,,,0.0,0.0,True,True,0.1617834354005118,3.9125000000000005,8.0,0.0,,E3,M1+S1,T5,1009,3.3094482421875
0.635,0.0,0.97,0.46999999999999964,0.49289643515769416,0.0,0.0,,,0.0,0.0,True,False,0.19067784686325528,5.322222222222223,9.0,1.0,,E3,M1+S1,T5,1010,3.4047532081604004
0.8066666666666666,0.0,1.0,,0.4776981237735004,0.0,0.0,,,0.0,0.0,True,True,0.1473433003877969,4.2,8.0,0.0,,E3,M1+S1,T5,1011,3.331770181655884
0.8116666666666666,0.0,0.9916666666666667,0.4699999999999999,0.46999999999999986,0.0,0.0,,,0.0,0.0,True,True,0.1359097291882922,2.12,10.0,0.0,,E3,M1+S1,T5,1012,3.339475154876709
0.72,0.0,1.0,,0.4705893753879415,0.0,0.0,,,0.0,0.0,True,False,0.1792840760545687,3.9000000000000004,9.0,0.0,,E3,M1+S1,T5,1013,3.184920072555542
0.8983333333333333,0.0,1.0,,0.4776082687434318,0.0,0.0,,,0.0,0.0,True,True,0.14381740624094444,2.125,8.0,0.0,,E3,M1+S1,T5,1014,3.38202166557312
0.6516666666666666,0.0,0.9166666666666666,0.46999999999999964,0.47000000000000003,0.0,0.0,,,0.0,0.0,True,False,0.15944505685109564,4.416666666666667,6.0,0.0,,E3,M1+S1,T5,1015,3.326826810836792
0.8666666666666667,0.0,1.0,2.2385553007705212,0.48409894261282704,0.0,0.0,,,0.0,0.0,True,True,0.17437304037245305,3.0400000000000005,5.0,0.0,,E3,M1+S1,T5,1016,3.614280939102173
0.6233333333333333,0.0,1.0,,0.4700000000000001,0.0,0.0,,,0.0,0.0,True,False,0.1680819820083918,9.983333333333334,6.0,0.0,,E3,M1+S1,T5,1017,3.389678955078125
0.6216666666666667,0.0,1.0,,0.4715856418716133,0.0,0.0,,,0.0,0.0,True,False,0.17169236593223766,3.9083333333333337,12.0,0.0,,E3,M1+S1,T5,1018,3.206918239593506
0.7733333333333333,0.0,0.9666666666666667,0.4699999999999998,0.4740761195655014,0.0,0.0,,,0.0,0.0,True,False,0.17689168700848007,2.777777777777778,9.0,0.0,,E3,M1+S1,T5,1019,3.341649293899536
0.81,0.0,1.0,,0.49055696930036785,0.0,0.0,,,0.0,0.0,True,True,0.19733658214333427,5.233333333333333,6.0,0.0,,E3,M1+S1,T5,1020,3.2249977588653564
0.6933333333333334,0.0,1.0,,0.46999999999999975,0.0,2.0,0.5,8.200000000000001,0.0,0.0,False,False,0.11617192589747417,5.26,5.0,0.0,,E3,M1+S1,T5,1021,2.9719150066375732
0.665,0.0,1.0,2.0393729135396876,0.47,0.0,0.0,,,0.0,0.0,True,False,0.15651321348631927,4.15,6.0,0.0,,E3,M1+S1,T5,1022,3.1943349838256836
0.6966666666666667,0.0,1.0,,0.4699999999999996,0.0,0.0,,,0.0,0.0,True,False,0.15676074643131438,4.977777777777778,9.0,0.0,,E3,M1+S1,T5,1023,3.1263999938964844
0.665,0.0,0.8683333333333333,0.46999999999999986,0.47000000000000053,0.0,1.0,0.0,,0.0,0.0,False,False,0.11451640814922773,3.3333333333333335,6.0,0.0,,E3,M1+S1,T5,1024,3.1324448585510254
0.37333333333333335,0.0,1.0,,0.4812992619281707,0.0,2.0,0.0,,0.0,0.0,False,False,0.05858950580550642,5.814285714285715,7.0,0.0,,E3,M1+S1,T5,1025,2.0176241397857666
0.8516666666666667,0.0,0.9666666666666667,0.4699999999999995,0.49697605373923226,0.0,0.0,,,0.0,0.0,True,True,0.1932254381353221,2.8166666666666664,6.0,0.0,,E3,M1+S1,T5,1026,3.2725138664245605
0.7383333333333333,0.0,0.9933333333333333,0.4811569753166561,0.47366381478693736,0.0,1.0,1.0,4.9,0.0,0.0,True,False,0.1268976721004955,3.1333333333333333,6.0,0.0,,E3,M1+S1,T5,1027,3.381432056427002
0.7783333333333333,0.0,0.93,0.46999999999999953,0.4755051616927632,0.0,1.0,1.0,2.9000000000000004,0.0,0.0,True,False,0.15125932831974412,2.9571428571428577,7.0,0.0,,E3,M1+S1,T5,1028,3.2090578079223633
0.8466666666666667,0.0,0.9583333333333334,0.46999999999999914,0.4699999999999998,0.0,0.0,,,0.0,0.0,True,True,0.16031979016816453,2.3875,8.0,5.0,,E3,M1+S1,T5,1029,3.465273857116699
0.6566666666666666,0.0,1.0,0.8273717022701639,0.4699999999999999,0.0,1.0,1.0,6.6000000000000005,0.0,0.0,True,False,0.12306493873258283,4.42,10.0,0.0,,E3,M1+S1,T5,1030,3.1981310844421387
0.8133333333333334,0.0,1.0,,0.4845663370638361,0.0,0.0,,,0.0,0.0,True,True,0.1541292583259514,2.6500000000000004,8.0,0.0,,E3,M1+S1,T5,1031,3.5247879028320312
0.83,0.0,1.0,,0.4781983655756517,0.0,0.0,,,0.0,0.0,True,True,0.17397236023710091,2.7,7.0,0.0,,E3,M1+S1,T5,1032,3.087740898132324
0.8016666666666666,0.0,1.0,,0.47714652342960034,0.0,0.0,,,0.0,0.0,True,True,0.1695663545504496,2.8000000000000003,9.0,0.0,,E3,M1+S1,T5,1033,3.4713211059570312
0.545,0.0,1.0,,0.4699999999999994,0.0,0.0,,,0.0,0.0,True,False,0.1421121747460159,11.399999999999999,9.0,0.0,,E3,M1+S1,T5,1034,3.327345848083496
0.7683333333333333,0.0,1.0,2.044244904982872,0.4699999999999998,0.0,0.0,,,0.0,0.0,True,False,0.11424863182775442,2.9375,8.0,0.0,,E3,M1+S1,T5,1035,3.4625179767608643
0.8933333333333333,0.0,1.0,,0.4929813758168529,0.0,0.0,,,0.0,0.0,True,True,0.18110312536323256,2.442857142857143,7.0,0.0,,E3,M1+S1,T5,1036,3.1697521209716797
0.69,0.0,0.9616666666666667,0.45163304126763065,0.47000000000000014,0.0,0.0,,,0.0,0.0,True,False,0.16613820062258697,4.04,10.0,0.0,,E3,M1+S1,T5,1037,3.4108757972717285
0.6633333333333333,1.0,0.8483333333333334,0.4699999999999995,0.4793201843685802,0.0,2.0,1.0,1.9500000000000002,0.0,0.0,True,False,0.15928332245140156,4.733333333333333,12.0,0.0,,E3,M1+S1,T5,1038,3.1786670684814453
0.78,0.0,1.0,1.4275738460886431,0.4700000000000004,0.0,0.0,,,0.0,0.0,True,False,0.1697356947182713,3.6222222222222222,9.0,0.0,,E3,M1+S1,T5,1039,3.4480350017547607
0.73,0.0,1.0,1.1051337958957297,0.4699999999999999,0.0,0.0,,,0.0,0.0,True,False,0.15152993771482703,4.6,10.0,0.0,,E3,M1+S1,T5,1040,3.337613105773926
0.7416666666666667,0.0,0.9666666666666667,0.4699999999999998,0.4850889581295366,0.0,1.0,0.0,,0.0,0.0,False,False,0.1189408975923717,3.4200000000000004,10.0,0.0,,E3,M1+S1,T5,1041,3.5268421173095703
0.7916666666666666,0.0,0.995,0.46999999999999986,0.4732764033875097,0.0,0.0,,,0.0,0.0,True,False,0.1520273649412023,4.362500000000001,8.0,1.0,,E3,M1+S1,T5,1042,3.669588804244995
0.5516666666666666,0.0,1.0,,0.4699999999999993,0.0,0.0,,,0.0,0.0,True,False,0.12637190319607328,8.277777777777779,9.0,0.0,,E3,M1+S1,T5,1043,3.4868321418762207
0.6383333333333333,0.0,1.0,,0.490873605642215,0.0,0.0,,,0.0,0.0,True,False,0.19410970301410835,4.91,10.0,0.0,,E3,M1+S1,T5,1044,3.4466819763183594
0.7683333333333333,0.0,0.9766666666666667,0.46999999999999964,0.4945163090962956,0.0,0.0,,,0.0,0.0,True,False,0.17343017203645467,3.1,5.0,1.0,,E3,M1+S1,T5,1045,3.6003940105438232
0.8883333333333333,0.0,0.96,0.46999999999999975,0.4847857576712456,0.0,0.0,,,0.0,0.0,True,True,0.14529020213724153,1.0375,8.0,3.0,,E3,M1+S1,T5,1046,3.6225521564483643
0.8416666666666667,0.0,0.9883333333333333,0.4777969838992273,0.483624475844831,0.0,1.0,1.0,1.7000000000000002,0.0,0.0,True,True,0.15730307356428164,2.983333333333334,6.0,0.0,,E3,M1+S1,T5,1047,3.5633609294891357
0.7983333333333333,0.0,0.905,0.46999999999999953,0.47000000000000014,0.0,1.0,1.0,4.6000000000000005,0.0,0.0,True,False,0.11703154562219725,1.9090909090909094,11.0,1.0,,E3,M1+S1,T5,1048,3.6853790283203125
0.5883333333333334,0.0,1.0,,0.4699999999999994,0.0,1.0,1.0,7.300000000000001,0.0,0.0,True,False,0.1362177895609033,4.914285714285714,7.0,0.0,,E3,M1+S1,T5,1049,3.1998348236083984
0.6733333333333333,0.0,0.845,0.4699999999999995,0.46999999999999975,0.0,1.0,1.0,2.0,0.0,0.0,True,False,0.1664566382694717,5.7875,8.0,4.0,,E3,M1+S1,T7,1000,3.899799108505249
0.87,0.0,0.805,0.46999999999999964,0.49691162792729626,0.0,2.0,1.0,1.4500000000000002,0.0,0.0,True,True,0.17371959327137634,1.2555555555555555,9.0,11.0,,E3,M1+S1,T7,1001,3.844167947769165
0.995,0.0,1.0,,0.9936816341019251,0.0,0.0,,,0.0,0.0,True,True,0.11789931459573953,1.2000000000000002,2.0,0.0,,E3,M1+S1,T7,1002,3.5841450691223145
0.6166666666666667,0.0,0.935,0.46999999999999925,0.4699999999999998,0.0,3.0,1.0,5.566666666666666,0.0,0.0,True,False,0.11440576215931084,2.48,10.0,0.0,,E3,M1+S1,T7,1003,3.5276541709899902
0.8133333333333334,0.0,0.9233333333333333,0.4699999999999992,0.4699999999999999,0.0,2.0,1.0,2.6,0.0,0.0,True,True,0.16016529708776714,1.692857142857143,14.0,2.0,,E3,M1+S1,T7,1004,3.8964550495147705
0.9083333333333333,0.0,1.0,,0.5501981122284271,0.0,0.0,,,0.0,0.0,True,True,0.1608684314038092,2.6333333333333333,3.0,0.0,,E3,M1+S1,T7,1005,3.3635921478271484
0.6616666666666666,0.0,0.985,0.46999999999999964,0.5017767889132384,0.0,2.0,0.5,1.4000000000000001,0.0,0.0,False,False,0.16344844323227992,3.755555555555556,9.0,4.0,,E3,M1+S1,T7,1006,3.5199508666992188
0.815,0.0,1.0,,0.46999999999999986,0.0,0.0,,,0.0,0.0,True,True,0.1263126181257051,3.4166666666666665,6.0,0.0,,E3,M1+S1,T7,1007,3.3943870067596436
0.795,0.0,0.9033333333333333,0.4700000000000002,0.4700000000000001,0.0,2.0,1.0,4.65,0.0,0.0,True,False,0.12763085882833689,1.5250000000000001,4.0,0.0,,E3,M1+S1,T7,1008,3.6626081466674805
0.9533333333333334,0.0,0.9966666666666667,0.493974217310136,0.5301558549787709,0.0,0.0,,,0.0,0.0,True,True,0.17405073255593623,3.9000000000000004,1.0,0.0,,E3,M1+S1,T7,1009,3.851731777191162
0.6,1.0,0.9566666666666667,0.4486497657506854,0.48458626430114793,0.0,0.0,,,0.0,0.0,True,False,0.210076526814973,10.48,5.0,0.0,,E3,M1+S1,T7,1010,3.6166326999664307
1.0,0.0,0.8366666666666667,0.4699999999999992,1.133323962022207,0.0,2.0,1.0,2.3500000000000005,0.0,0.0,True,True,0.139104790971666,0.0,5.0,4.0,,E3,M1+S1,T7,1011,3.8473708629608154
0.9416666666666667,0.0,1.0,0.5599294393298027,0.6433387732817399,0.0,0.0,,,0.0,0.0,True,True,0.1302240734571667,2.2399999999999998,5.0,1.0,,E3,M1+S1,T7,1012,3.637164831161499
0.73,0.0,1.0,,0.4794680080480699,0.0,0.0,,,0.0,0.0,True,False,0.18044586421774014,5.366666666666667,6.0,0.0,,E3,M1+S1,T7,1013,3.3734641075134277
0.8616666666666667,0.0,0.8916666666666667,0.4699999999999994,0.46999999999999975,0.0,2.0,0.5,5.300000000000001,0.0,0.0,True,True,0.17368879210480465,1.5299999999999998,10.0,1.0,,E3,M1+S1,T7,1014,3.75083589553833
0.86,0.0,0.9866666666666667,0.47,0.4933992866284956,0.0,0.0,,,0.0,0.0,True,True,0.17489095658018156,4.64,5.0,1.0,,E3,M1+S1,T7,1015,3.4997644424438477
0.97,0.0,1.0,5.444822041943877,0.79452042498933,0.0,0.0,,,0.0,0.0,True,True,0.1976002914805238,3.4000000000000004,1.0,0.0,,E3,M1+S1,T7,1016,3.5771849155426025
0.8333333333333334,0.0,0.8566666666666667,0.4699999999999995,0.46999999999999964,0.0,1.0,1.0,1.3,0.0,0.0,True,True,0.19222283884993338,2.1692307692307695,13.0,3.0,,E3,M1+S1,T7,1017,3.6487717628479004
0.8133333333333334,0.0,0.9333333333333333,0.4699999999999996,0.4846272357938264,0.0,1.0,1.0,1.6,0.0,0.0,True,True,0.17914088922332666,2.2142857142857144,7.0,3.0,,E3,M1+S1,T7,1018,3.368351936340332
0.6216666666666667,0.0,0.7583333333333333,0.4699999999999995,0.4699999999999999,0.0,4.0,1.0,5.15,0.0,0.0,True,False,0.12772721387581,4.525,8.0,4.0,,E3,M1+S1,T7,1019,3.4554569721221924
0.3466666666666667,0.0,1.0,,0.47981711415383754,0.0,0.0,,,0.0,0.0,True,False,0.18239885286367752,40.1,1.0,0.0,,E3,M1+S1,T7,1020,3.1354098320007324
0.585,0.0,1.0,3.6645554139143535,0.4699999999999996,0.0,0.0,,,0.0,0.0,True,False,0.1714289631782151,5.76,5.0,0.0,,E3,M1+S1,T7,1021,3.3944778442382812
0.525,0.0,1.0,,0.46999999999999925,0.0,0.0,,,0.0,0.0,True,False,0.1868271776357052,13.916666666666666,6.0,0.0,,E3,M1+S1,T7,1022,3.4865028858184814
0.765,0.0,0.86,0.4699999999999999,0.4699999999999996,0.0,0.0,,,0.0,0.0,True,False,0.16176631691651278,3.4454545454545453,11.0,1.0,,E3,M1+S1,T7,1023,3.4143290519714355
0.745,0.0,0.83,0.4699999999999992,0.5197742824904723,0.0,0.0,,,0.0,0.0,True,False,0.19000830102396837,3.4200000000000004,10.0,0.0,,E3,M1+S1,T7,1024,3.696341037750244
0.535,3.0,0.8633333333333333,0.44898392812751603,0.4700000000000002,0.0,3.0,0.6666666666666666,4.6000000000000005,0.0,0.0,False,False,0.14174885257857614,7.823076923076924,13.0,3.0,,E3,M1+S1,T7,1025,3.1523618698120117
0.715,2.0,0.8416666666666667,0.4208018167287165,0.48508898109583953,0.0,0.0,,,0.0,0.0,True,False,0.16680044411155698,4.292307692307693,13.0,0.0,,E3,M1+S1,T7,1026,3.6311590671539307
0.8183333333333334,0.0,1.0,,0.49337256352988457,0.0,0.0,,,0.0,0.0,True,True,0.14688506890423256,4.7,5.0,0.0,,E3,M1+S1,T7,1027,3.1586780548095703
0.895,1.0,0.8716666666666667,0.4699999999999996,0.47,0.0,1.0,1.0,3.6,0.0,0.0,True,False,0.1877380221920036,1.4272727272727275,11.0,7.0,,E3,M1+S1,T7,1028,3.4516310691833496
1.0,0.0,1.0,0.5376148609301648,1.2938853242315187,0.0,0.0,,,0.0,0.0,True,True,0.128838861671305,0.0,2.0,0.0,,E3,M1+S1,T7,1029,3.885698080062866
0.8933333333333333,0.0,1.0,,0.4711046195497637,0.0,0.0,,,0.0,0.0,True,True,0.17718067142960808,4.575,4.0,0.0,,E3,M1+S1,T7,1030,3.1439578533172607
1.0,0.0,1.0,,1.0284477958175577,0.0,0.0,,,0.0,0.0,True,True,0.15008804073415905,0.0,3.0,0.0,,E3,M1+S1,T7,1031,3.3231122493743896
0.735,0.0,0.9683333333333334,0.4699999999999999,0.4957612923348227,0.0,1.0,1.0,1.6,0.0,0.0,True,False,0.1395592257440117,7.3999999999999995,3.0,0.0,,E3,M1+S1,T7,1032,3.3238041400909424
0.9083333333333333,0.0,1.0,0.507423663221724,0.5252345582033534,0.0,1.0,1.0,1.5,0.0,0.0,True,True,0.1401602037722139,2.9000000000000004,2.0,0.0,,E3,M1+S1,T7,1033,3.925234794616699
0.635,1.0,0.9333333333333333,0.46999999999999964,0.47,0.0,1.0,1.0,1.6,0.0,0.0,True,False,0.17400081643724757,5.415384615384616,13.0,2.0,,E3,M1+S1,T7,1034,3.1831748485565186
0.905,0.0,1.0,0.6445036156344736,0.5819066276355462,0.0,0.0,,,0.0,0.0,True,True,0.1622620651324746,1.7285714285714284,7.0,4.0,,E3,M1+S1,T7,1035,3.6120450496673584
1.0,0.0,0.9733333333333334,0.46999999999999975,1.0171688619132726,0.0,0.0,,,0.0,0.0,True,True,0.1681836420545999,0.0,3.0,0.0,,E3,M1+S1,T7,1036,3.2303080558776855
0.8316666666666667,0.0,0.9683333333333334,0.4699999999999996,0.48102825063535415,0.0,1.0,1.0,1.5,0.0,0.0,True,True,0.14013563768818574,2.325,8.0,0.0,,E3,M1+S1,T7,1037,3.348701000213623
0.6983333333333334,2.0,0.465,0.4699999999999994,0.46999999999999964,0.0,1.0,1.0,6.1000000000000005,0.0,0.0,True,False,0.17480682543579698,4.88,10.0,12.0,,E3,M1+S1,T7,1038,3.5209238529205322
0.6966666666666667,0.0,0.92,0.46999999999999964,0.4700000000000001,0.0,1.0,1.0,1.6,0.0,0.0,True,False,0.14938885150133693,6.562500000000001,8.0,0.0,,E3,M1+S1,T7,1039,3.30206298828125
0.835,4.0,0.67,0.38275738998779985,0.4699999999999996,0.0,2.0,1.0,2.7500000000000004,0.0,0.0,True,False,0.1458313551917826,1.5272727272727273,11.0,1.0,,E3,M1+S1,T7,1040,3.4847159385681152
0.97,0.0,1.0,0.7864363884451684,0.914363137445111,0.0,0.0,,,0.0,0.0,True,True,0.2227231490758569,2.95,2.0,0.0,,E3,M1+S1,T7,1041,3.60941481590271
0.3383333333333333,0.0,0.9866666666666667,0.46999999999999953,1.440512925769611,0.0,2.0,0.0,,0.0,0.0,False,False,0.0679255949927452,13.15,6.0,1.0,,E3,M1+S1,T7,1042,1.9910647869110107
0.57,1.0,0.945,0.4699999999999996,0.4699999999999997,0.0,4.0,0.75,1.8666666666666665,0.0,0.0,True,False,0.121199406984628,6.875,8.0,3.0,,E3,M1+S1,T7,1043,3.0793020725250244
0.6283333333333333,0.0,0.7216666666666667,0.4699999999999991,0.4892105462356359,0.0,2.0,1.0,7.9,0.0,0.0,True,False,0.16922628582866273,3.03,10.0,1.0,,E3,M1+S1,T7,1044,3.4633541107177734
0.77,0.0,0.9683333333333334,0.46650940638035854,0.4830984386685305,0.0,0.0,,,0.0,0.0,True,False,0.21830347171441383,2.7857142857142856,7.0,2.0,,E3,M1+S1,T7,1045,3.671492099761963
0.7483333333333333,0.0,1.0,3.0491611043219278,0.46999999999999936,0.0,0.0,,,0.0,0.0,True,False,0.1792066289540444,4.6000000000000005,7.0,0.0,,E3,M1+S1,T7,1046,3.3225619792938232
0.9416666666666667,0.0,0.9916666666666667,0.46999999999999925,0.5626504627835397,0.0,0.0,,,0.0,0.0,True,True,0.18325845285939946,4.6000000000000005,1.0,0.0,,E3,M1+S1,T7,1047,3.5053329467773438
1.0,0.0,1.0,0.502464022669686,1.3091093612656146,0.0,0.0,,,0.0,0.0,True,True,0.11271624525673996,0.0,4.0,0.0,,E3,M1+S1,T7,1048,3.5400466918945312
0.7266666666666667,0.0,1.0,,0.5626339518905235,0.0,2.0,1.0,5.300000000000001,0.0,0.0,True,False,0.10559184947094526,7.125,4.0,0.0,,E3,M1+S1,T7,1049,3.0423479080200195
0.935,0.0,1.0,0.7411007616017263,0.5136706305179801,0.0,0.0,,,0.0,0.0,True,True,0.16522908176496476,4.9,1.0,0.0,,E3,M2+S1,T3,1000,3.527453899383545
0.8183333333333334,0.0,1.0,0.5626850095574578,0.4728088859456196,0.0,0.0,,,0.0,0.0,True,True,0.17184309318791993,5.7749999999999995,4.0,0.0,,E3,M2+S1,T3,1001,3.3694908618927
0.9566666666666667,0.0,1.0,0.718935999764832,0.6033805271869762,0.0,0.0,,,0.0,0.0,True,True,0.13816534876930386,1.7000000000000002,2.0,0.0,,E3,M2+S1,T3,1002,3.4092190265655518
0.93,0.0,0.9433333333333334,0.46999999999999925,0.4928729772422015,0.0,0.0,,,0.0,0.0,True,True,0.15053599371738188,0.6375000000000001,8.0,1.0,,E3,M2+S1,T3,1003,3.471973180770874
0.8483333333333334,0.0,1.0,0.7254424508020317,0.4699999999999999,0.0,0.0,,,0.0,0.0,True,True,0.17799254907249734,3.9200000000000004,5.0,1.0,,E3,M2+S1,T3,1004,3.4061899185180664
0.395,0.0,0.8733333333333333,0.469999999999999,1.425408856777618,0.0,2.0,0.0,,0.0,0.0,False,False,0.05345331285037827,3.266666666666667,3.0,1.0,,E3,M2+S1,T3,1005,2.3901116847991943
,,,,,,,,,,,,,,,,,RuntimeError('T3 seed 1006: no straight run found'),E3,M2+S1,T3,1006,0.2513129711151123
0.9833333333333333,0.0,1.0,0.5786774209931066,0.9671946105405234,0.0,0.0,,,0.0,0.0,True,True,0.17046374283872337,2.5,1.0,0.0,,E3,M2+S1,T3,1007,3.455049991607666
0.8833333333333333,0.0,0.965,0.46999999999999964,0.47000000000000014,0.0,0.0,,,0.0,0.0,True,True,0.1736303834692486,3.8,5.0,4.0,,E3,M2+S1,T3,1008,3.424298048019409
0.145,0.0,0.9916666666666667,0.46999999999999975,0.6683807045251118,0.0,6.0,0.0,,11.0,0.5283333333333333,False,False,0.0662725282960895,14.775,4.0,1.0,,E3,M2+S1,T3,1009,2.9958231449127197
0.09333333333333334,0.0,0.9816666666666667,0.47,0.7274822696456803,0.0,7.0,0.0,,3.0,0.13166666666666665,False,False,0.043043857122036115,28.100000000000005,3.0,0.0,,E3,M2+S1,T3,1010,1.9870059490203857
0.915,0.0,1.0,0.8289009580341834,0.46999999999999964,0.0,0.0,,,0.0,0.0,True,True,0.1707675894153632,3.7500000000000004,2.0,0.0,,E3,M2+S1,T3,1011,3.7414798736572266
0.92,1.0,1.0,1.2578509437090966,0.4700000000000003,0.0,0.0,,,0.0,0.0,True,False,0.16062857447719153,4.6,2.0,0.0,,E3,M2+S1,T3,1012,3.7578580379486084
0.9516666666666667,0.0,1.0,1.0813588507787082,0.500643039908819,0.0,0.0,,,0.0,0.0,True,True,0.13076635124367333,1.9500000000000002,2.0,0.0,,E3,M2+S1,T3,1013,3.3943111896514893
0.96,0.0,1.0,0.7786262825964133,0.5878613569546989,0.0,0.0,,,0.0,0.0,True,True,0.15936839567674307,3.0,1.0,0.0,,E3,M2+S1,T3,1014,3.508692979812622
0.9683333333333334,0.0,1.0,1.721487193396492,0.6967496252227179,0.0,0.0,,,0.0,0.0,True,True,0.12796127172800545,0.6,5.0,0.0,,E3,M2+S1,T3,1015,3.49800705909729
0.8083333333333333,0.0,1.0,0.6138963292741619,0.4771157625856026,0.0,0.0,,,0.0,0.0,True,True,0.17798458358973673,3.075,4.0,1.0,,E3,M2+S1,T3,1016,3.512694835662842
0.9483333333333334,0.0,1.0,1.0996247830425714,0.5638570401643875,0.0,0.0,,,0.0,0.0,True,True,0.144363164863506,4.1000000000000005,1.0,2.0,,E3,M2+S1,T3,1017,3.4841930866241455
0.6866666666666666,0.0,0.975,0.46999999999999975,0.4982888792364585,0.0,1.0,1.0,7.2,0.0,0.0,True,False,0.11394485316726606,4.183333333333333,6.0,3.0,,E3,M2+S1,T3,1018,3.2893943786621094
0.92,0.0,1.0,1.3133470917637895,0.507155081111266,0.0,0.0,,,0.0,0.0,True,True,0.1690431698871907,5.6000000000000005,1.0,0.0,,E3,M2+S1,T3,1019,3.6271910667419434
0.92,0.0,1.0,0.7232591050942138,0.5028855152283424,0.0,0.0,,,0.0,0.0,True,True,0.16248632072345123,2.8000000000000003,3.0,0.0,,E3,M2+S1,T3,1020,3.325840950012207
0.9466666666666667,0.0,1.0,1.3100802811505214,0.570966605890528,0.0,0.0,,,0.0,0.0,True,True,0.18889712937712697,4.1000000000000005,1.0,0.0,,E3,M2+S1,T3,1021,3.893554925918579
1.0,0.0,1.0,0.574755936454919,1.421617184634301,0.0,0.0,,,0.0,0.0,True,True,0.17307472500735438,,0.0,0.0,,E3,M2+S1,T3,1022,3.41145920753479
0.7616666666666667,0.0,1.0,0.9126313091661351,0.48432469994341554,0.0,0.0,,,0.0,0.0,True,False,0.1687173496764695,7.3500000000000005,2.0,1.0,,E3,M2+S1,T3,1023,3.525322914123535
0.11166666666666666,0.0,1.0,1.593626201709561,0.658381970882151,0.0,1.0,0.0,,4.0,0.17833333333333334,False,False,0.04667952770537133,43.800000000000004,3.0,3.0,,E3,M2+S1,T3,1024,2.1397829055786133
0.95,0.0,1.0,1.1973118203510789,0.5186750465120687,0.0,0.0,,,0.0,0.0,True,True,0.13237014602727104,1.9500000000000002,2.0,1.0,,E3,M2+S1,T3,1025,3.6314070224761963
0.7716666666666666,1.0,0.9616666666666667,0.4699999999999997,0.4700000000000004,0.0,4.0,1.0,6.5,0.0,0.0,True,False,0.14939934504477087,4.1,5.0,3.0,,E3,M2+S1,T3,1026,3.290428876876831
0.8116666666666666,0.0,1.0,1.1466936774660756,0.46999999999999953,0.0,0.0,,,0.0,0.0,True,True,0.17601705862100228,3.3600000000000003,5.0,0.0,,E3,M2+S1,T3,1027,3.6717422008514404
0.9833333333333333,0.0,0.9733333333333334,0.46999999999999964,0.9463995974826075,0.0,1.0,1.0,2.5,0.0,0.0,True,True,0.17708114815926554,0.48333333333333334,6.0,7.0,,E3,M2+S1,T3,1028,3.449758768081665
0.9916666666666667,0.0,1.0,1.5197868092006555,0.9716842462339671,0.0,0.0,,,0.0,0.0,True,True,0.18561376044157687,1.6666666666666667,3.0,3.0,,E3,M2+S1,T3,1029,3.5346763134002686
0.905,0.0,0.9766666666666667,0.4699999999999997,0.49472388803572553,0.0,0.0,,,0.0,0.0,True,True,0.13980911585326766,3.95,2.0,0.0,,E3,M2+S1,T3,1030,3.392530918121338
0.9366666666666666,0.0,1.0,0.564385629282611,0.512888102577214,0.0,1.0,1.0,1.6,0.0,0.0,True,True,0.14730814196233002,2.35,2.0,0.0,,E3,M2+S1,T3,1031,3.522480010986328
0.9366666666666666,0.0,1.0,1.1022298582534271,0.5249942729768802,0.0,0.0,,,0.0,0.0,True,True,0.19991861848533965,1.5333333333333334,3.0,2.0,,E3,M2+S1,T3,1032,3.5774378776550293
0.9766666666666667,0.0,1.0,0.5759267028351143,0.8536457921215798,0.0,0.0,,,0.0,0.0,True,True,0.1362036063057459,2.7,1.0,0.0,,E3,M2+S1,T3,1033,3.341078996658325
0.9883333333333333,0.0,1.0,0.7820446025948402,0.9602258304188592,0.0,0.0,,,0.0,0.0,True,True,0.14900719741006177,0.9500000000000001,2.0,0.0,,E3,M2+S1,T3,1034,3.3390660285949707
0.9533333333333334,0.0,1.0,1.642564648454404,0.548752846715475,0.0,0.0,,,0.0,0.0,True,True,0.15201901151887737,1.2,3.0,0.0,,E3,M2+S1,T3,1035,3.378718137741089
0.895,0.0,1.0,0.5144106674373875,0.4699999999999999,0.0,0.0,,,0.0,0.0,True,True,0.1327962940151137,2.06,5.0,1.0,,E3,M2+S1,T3,1036,3.356621026992798
0.8616666666666667,0.0,1.0,0.7335140638339246,0.4765140329308673,0.0,0.0,,,0.0,0.0,True,True,0.14734490279360277,3.6750000000000003,4.0,0.0,,E3,M2+S1,T3,1037,3.449019193649292
0.9683333333333334,0.0,1.0,1.6728769181832392,0.8312430626094811,0.0,0.0,,,0.0,0.0,True,True,0.1425911932806665,1.55,2.0,0.0,,E3,M2+S1,T3,1038,3.3495240211486816
0.965,0.0,0.9916666666666667,0.46999999999999986,0.7969202710904841,0.0,0.0,,,0.0,0.0,True,True,0.14762396913250636,1.4500000000000002,2.0,0.0,,E3,M2+S1,T3,1039,3.404820203781128
0.9433333333333334,0.0,1.0,1.4005850107136464,0.6163826580431333,0.0,0.0,,,0.0,0.0,True,True,0.17848597230645244,4.5,1.0,0.0,,E3,M2+S1,T3,1040,3.7899889945983887
0.945,0.0,0.9066666666666666,0.46999999999999964,0.8823636328852101,0.0,1.0,0.0,,0.0,0.0,False,False,0.1324231364440056,0.7666666666666667,3.0,2.0,,E3,M2+S1,T3,1041,3.4040470123291016
0.9583333333333334,2.0,0.98,0.4699999999999994,0.5448683772244822,0.0,1.0,1.0,2.2,0.0,0.0,True,False,0.1473089748903172,3.4000000000000004,1.0,0.0,,E3,M2+S1,T3,1042,3.6523592472076416
0.9816666666666667,0.0,0.9783333333333334,0.4699999999999993,0.8971873978548303,0.0,0.0,,,0.0,0.0,True,True,0.15446751831528346,0.52,5.0,3.0,,E3,M2+S1,T3,1043,3.601243257522583
0.9466666666666667,2.0,0.93,0.4699999999999995,0.6981070253816436,0.0,1.0,1.0,1.2000000000000002,0.0,0.0,True,False,0.16248888535192663,2.025,4.0,0.0,,E3,M2+S1,T3,1044,3.5457892417907715
0.8983333333333333,0.0,1.0,1.1433547163864086,0.551035826220354,0.0,0.0,,,0.0,0.0,True,True,0.192692428216638,2.375,4.0,1.0,,E3,M2+S1,T3,1045,3.4544661045074463
0.855,0.0,1.0,1.150320331316499,0.4785955970727942,0.0,0.0,,,0.0,0.0,True,True,0.16950270672814816,4.633333333333334,6.0,4.0,,E3,M2+S1,T3,1046,3.595284938812256
0.835,0.0,1.0,1.1774822747098248,0.508294989616095,0.0,1.0,1.0,6.1000000000000005,0.0,0.0,True,True,0.14256020854233833,4.266666666666667,3.0,4.0,,E3,M2+S1,T3,1047,3.2124249935150146
0.8866666666666667,0.0,1.0,1.0277901365649234,0.4931568963544426,0.0,0.0,,,0.0,0.0,True,True,0.1602279436458737,1.7571428571428573,7.0,0.0,,E3,M2+S1,T3,1048,3.6106598377227783
0.9283333333333333,0.0,1.0,0.8371995396431954,0.5047336115290245,0.0,0.0,,,0.0,0.0,True,True,0.18585180052611544,3.0500000000000003,2.0,0.0,,E3,M2+S1,T3,1049,3.383387327194214
0.965,0.0,0.9433333333333334,0.4699999999999993,0.7962237618927535,0.0,0.0,,,0.0,0.0,True,True,0.1596431514265181,1.9000000000000001,3.0,0.0,,E3,M2+S1,T4,1000,3.6757330894470215
0.79,1.0,0.7916666666666666,0.4699999999999992,0.4921557977476087,0.0,2.0,1.0,6.0,0.0,0.0,True,False,0.15950767197110108,2.35,10.0,3.0,,E3,M2+S1,T4,1001,3.333526849746704
0.915,0.0,1.0,2.2540704631132944,0.47,0.0,0.0,,,0.0,0.0,True,True,0.1541434978648304,2.7,5.0,0.0,,E3,M2+S1,T4,1002,3.3710317611694336
0.77,1.0,0.9366666666666666,0.46999999999999914,0.47,0.0,0.0,,,0.0,0.0,True,False,0.15958369230876546,6.425000000000001,4.0,0.0,,E3,M2+S1,T4,1003,3.4255032539367676
0.7583333333333333,0.0,0.8733333333333333,0.4699999999999992,0.4940109994394426,0.0,2.0,0.5,2.3000000000000003,0.0,0.0,True,False,0.0959165966232973,2.13,10.0,0.0,,E3,M2+S1,T4,1004,2.9755380153656006
0.74,0.0,0.9483333333333334,0.4699999999999996,0.4709488478039804,0.0,1.0,1.0,10.700000000000001,0.0,0.0,True,False,0.12460746225048126,0.5750000000000001,4.0,0.0,,E3,M2+S1,T4,1005,2.9948270320892334
0.8933333333333333,0.0,0.99,0.4699999999999999,0.6181115926357843,0.0,1.0,1.0,2.1,0.0,0.0,True,True,0.16122693716769007,1.56,5.0,4.0,,E3,M2+S1,T4,1006,3.403470039367676
0.81,0.0,1.0,0.9854140325252447,0.47000000000000003,0.0,0.0,,,0.0,0.0016666666666666668,True,True,0.15139548564382033,4.5,4.0,0.0,,E3,M2+S1,T4,1007,3.4249660968780518
0.7266666666666667,0.0,0.9033333333333333,0.4699999999999996,0.4699999999999992,0.0,2.0,1.0,4.1,0.0,0.0,True,False,0.16693833529927463,2.21,10.0,2.0,,E3,M2+S1,T4,1008,3.3333380222320557
0.83,0.0,0.955,0.4590116052082554,0.4972578074543793,0.0,0.0,,,0.0,0.0,True,True,0.17733873842388864,7.2,4.0,0.0,,E3,M2+S1,T4,1009,3.439134359359741
0.9883333333333333,0.0,1.0,4.417685632022191,0.9823528463859825,0.0,0.0,,,0.0,0.0,True,True,0.15387099613942845,2.1,1.0,0.0,,E3,M2+S1,T4,1010,3.3091180324554443
0.9583333333333334,0.0,1.0,2.8900887119399554,0.6880976991455328,0.0,0.0,,,0.0,0.0,True,True,0.17510383942300073,1.2,3.0,0.0,,E3,M2+S1,T4,1011,3.5530550479888916
0.635,0.0,0.9466666666666667,0.4699999999999996,0.46999999999999964,0.0,1.0,1.0,2.9000000000000004,0.0,0.0,True,False,0.1666433288393107,7.5375,8.0,2.0,,E3,M2+S1,T4,1012,3.4058260917663574
0.6833333333333333,0.0,0.98,0.4700000000000008,0.47000000000000014,0.0,0.0,,,0.0,0.0,True,False,0.1519200067287828,6.03,10.0,0.0,,E3,M2+S1,T4,1013,3.4535298347473145
0.895,0.0,0.9583333333333334,0.46999999999999975,0.49876730231391553,0.0,0.0,,,0.0,0.0,True,True,0.19144233803014035,2.96,5.0,0.0,,E3,M2+S1,T4,1014,3.651203155517578
0.75,1.0,0.98,0.4699999999999997,0.4699999999999998,0.0,0.0,,,0.0,0.0,True,False,0.18005422178683095,2.1750000000000003,8.0,0.0,,E3,M2+S1,T4,1015,3.553025960922241
0.7566666666666667,0.0,1.0,1.1362237259158188,0.4728652489331716,0.0,0.0,,,0.0,0.0,True,False,0.16449633669331074,9.016666666666667,6.0,0.0,,E3,M2+S1,T4,1016,3.1811089515686035
0.7133333333333334,0.0,0.9433333333333334,0.46999999999999953,0.4743184127471209,0.0,2.0,1.0,13.600000000000001,0.0,0.0,True,False,0.11808433552100683,0.95,10.0,2.0,,E3,M2+S1,T4,1017,3.2637810707092285
0.8833333333333333,0.0,0.9683333333333334,0.4653456851279958,0.5093677526392626,0.0,0.0,,,0.0,0.0,True,True,0.14423575775660383,2.1875,8.0,1.0,,E3,M2+S1,T4,1018,3.3242788314819336
0.825,1.0,0.8933333333333333,0.4290318671172483,0.46999999999999964,0.0,1.0,1.0,5.1000000000000005,0.0,0.0,True,False,0.13855428121390526,6.000000000000002,5.0,0.0,,E3,M2+S1,T4,1019,3.2582452297210693
0.7533333333333333,0.0,0.5583333333333333,0.4558919003177194,0.4936539784644585,0.0,1.0,1.0,1.6,0.0,0.0,True,False,0.16089423626254648,5.033333333333334,6.0,0.0,,E3,M2+S1,T4,1020,3.2705941200256348
0.9166666666666666,0.0,1.0,1.7008113284399267,0.5396007844797788,0.0,0.0,,,0.0,0.0,True,True,0.16849580998318603,3.7500000000000004,2.0,0.0,,E3,M2+S1,T4,1021,3.4633431434631348
0.8416666666666667,0.0,1.0,3.286594087488136,0.4699999999999993,0.0,0.0,,,0.0,0.0,True,True,0.12446145218029281,6.5,3.0,0.0,,E3,M2+S1,T4,1022,3.342393159866333
0.76,2.0,0.5116666666666667,0.43499555284122604,0.4699999999999998,0.0,0.0,,,0.0,0.0,True,False,0.14028594485225077,3.133333333333333,12.0,9.0,,E3,M2+S1,T4,1023,3.4849088191986084
0.785,0.0,0.9483333333333334,0.4699999999999994,0.47000000000000086,0.0,0.0,,,0.0,0.0,True,False,0.162882805504475,6.183333333333334,6.0,0.0,,E3,M2+S1,T4,1024,3.3713443279266357
0.13166666666666665,0.0,0.9933333333333333,0.4699999999999996,0.4699999999999997,0.0,3.0,0.0,,0.0,0.06333333333333334,False,False,0.033254959661784766,6.655555555555555,9.0,0.0,,E3,M2+S1,T4,1025,2.198633909225464
0.7683333333333333,1.0,0.585,0.4699999999999991,0.49685585887009837,0.0,1.0,1.0,2.6,0.0,0.0,True,False,0.13687484466385524,5.4,5.0,0.0,,E3,M2+S1,T4,1026,3.30126690864563
0.8766666666666667,0.0,1.0,1.7142499821203763,0.49585510588104714,0.0,0.0,,,0.0,0.0,True,True,0.15861995132735995,3.45,4.0,0.0,,E3,M2+S1,T4,1027,3.3331098556518555
0.9433333333333334,0.0,1.0,0.6215477476489168,0.5021654944581131,0.0,0.0,,,0.0,0.0,True,True,0.15232047667239607,4.6000000000000005,1.0,0.0,,E3,M2+S1,T4,1028,3.4933178424835205
0.82,0.0,0.9416666666666667,0.46999999999999953,0.47569174401207287,0.0,2.0,0.0,,0.0,0.0,False,False,0.14319577208126597,2.6999999999999997,6.0,0.0,,E3,M2+S1,T4,1029,3.365813970565796
0.8266666666666667,2.0,0.54,0.41611948197594784,0.4819632500685142,0.0,0.0,,,0.0,0.0,True,False,0.14110713988906667,3.7142857142857144,7.0,4.0,,E3,M2+S1,T4,1030,3.4917049407958984
0.89,0.0,1.0,1.1319747753781977,0.5197004530396007,0.0,0.0,,,0.0,0.0,True,True,0.1965887937314477,3.7000000000000006,6.0,1.0,,E3,M2+S1,T4,1031,3.493648052215576
0.76,0.0,1.0,0.5004628561406836,0.4749043083822892,0.0,0.0,,,0.0,0.0,True,False,0.16933214400770524,7.15,4.0,0.0,,E3,M2+S1,T4,1032,3.586397171020508
0.5466666666666666,0.0,0.9716666666666667,0.47,0.49764647586298644,0.0,2.0,0.5,12.4,0.0,0.0,True,False,0.10108604179966553,1.9333333333333336,3.0,4.0,,E3,M2+S1,T4,1033,2.9444081783294678
0.645,0.0,0.8833333333333333,0.46999999999999925,0.4699999999999997,0.0,1.0,1.0,3.3000000000000003,0.0,0.0,True,False,0.17006431467819247,4.65,8.0,2.0,,E3,M2+S1,T4,1034,3.4691390991210938
0.46166666666666667,0.0,0.48333333333333334,0.46999999999999953,0.46999999999999953,0.0,3.0,1.0,2.866666666666667,0.0,0.0,True,False,0.15261947730381345,13.52,5.0,4.0,,E3,M2+S1,T4,1035,3.5827410221099854
0.865,0.0,0.9416666666666667,0.46999999999999953,0.5041696467886793,0.0,1.0,1.0,1.8,0.0,0.0,True,True,0.19878385784214464,3.233333333333334,3.0,1.0,,E3,M2+S1,T4,1036,3.401153087615967
0.7283333333333334,1.0,0.94,0.46999999999999986,0.47000000000000003,0.0,5.0,1.0,2.46,0.0,0.0,True,False,0.18386208495109482,4.153333333333334,15.0,2.0,,E3,M2+S1,T4,1037,3.360828161239624
0.785,0.0,0.9116666666666666,0.4699999999999989,0.4791288883989317,0.0,2.0,1.0,9.3,0.0,0.0,True,False,0.11215278523959613,1.2333333333333334,3.0,0.0,,E3,M2+S1,T4,1038,2.9471030235290527
0.495,0.0,0.91,0.46999999999999914,0.4699999999999995,0.0,4.0,1.0,11.525,1.0,0.05333333333333334,True,False,0.15675110337786613,4.33,10.0,6.0,,E3,M2+S1,T4,1039,2.942790985107422
0.7466666666666667,0.0,0.73,0.4699999999999993,0.4699999999999997,0.0,0.0,,,0.0,0.0,True,False,0.1426245281076934,4.45,8.0,0.0,,E3,M2+S1,T4,1040,3.3333182334899902
0.48,0.0,0.9616666666666667,0.4961508181861402,0.47,0.0,0.0,,,0.0,0.0,True,False,0.18836324554443537,7.781818181818181,11.0,0.0,,E3,M2+S1,T4,1041,3.4923079013824463
0.9433333333333334,0.0,1.0,1.336836360187427,0.7466051532129061,0.0,0.0,,,0.0,0.0,True,True,0.1370260942407491,3.2,2.0,0.0,,E3,M2+S1,T4,1042,3.4749341011047363
0.20333333333333334,0.0,0.935,0.4699999999999993,0.4699999999999997,0.0,1.0,0.0,,0.0,0.0,False,False,0.0689635132245501,5.3500000000000005,6.0,1.0,,E3,M2+S1,T4,1043,1.7118878364562988
0.615,0.0,0.9283333333333333,0.46999999999999964,0.5051137662596398,0.0,1.0,1.0,1.4000000000000001,0.0,0.0,True,False,0.16887942037785317,7.6571428571428575,7.0,2.0,,E3,M2+S1,T4,1044,3.3359169960021973
0.74,1.0,0.4166666666666667,0.46999999999999914,0.4891674189063861,0.0,0.0,,,0.0,0.0,True,False,0.2540738776980837,5.516666666666667,6.0,0.0,,E3,M2+S1,T4,1045,3.4352898597717285
0.6016666666666667,1.0,0.8766666666666667,0.4699999999999997,0.46999999999999975,0.0,1.0,1.0,4.0,0.0,0.0,True,False,0.1977319471716232,5.6499999999999995,12.0,5.0,,E3,M2+S1,T4,1046,3.296128988265991
1.0,0.0,0.9783333333333334,0.4699999999999998,1.1679116823282092,0.0,0.0,,,0.0,0.0,True,True,0.15780135149427058,0.0,1.0,0.0,,E3,M2+S1,T4,1047,3.5209667682647705
0.725,1.0,1.0,0.5129918864787287,0.4699999999999997,0.0,0.0,,,0.0,0.0,True,False,0.15720907492185904,6.242857142857143,7.0,0.0,,E3,M2+S1,T4,1048,3.4761641025543213
0.6066666666666667,0.0,0.9316666666666666,0.46999999999999975,0.4700000000000001,0.0,3.0,0.6666666666666666,3.3500000000000005,0.0,0.0,False,False,0.12124951043463196,4.4,5.0,0.0,,E3,M2+S1,T4,1049,3.0723767280578613
0.79,0.0,1.0,,0.47041926343624135,0.0,0.0,,,0.0,0.0,True,False,0.155628735294447,2.9125,8.0,0.0,,E3,M2+S1,T5,1000,3.194927930831909
0.5866666666666667,0.0,1.0,,0.4699999999999999,0.0,0.0,,,0.0,0.0,True,False,0.15615889220997287,4.622222222222223,9.0,0.0,,E3,M2+S1,T5,1001,3.2740659713745117
0.71,0.0,1.0,,0.4699999999999993,0.0,0.0,,,0.0,0.0,True,False,0.1534344464419632,4.26,10.0,0.0,,E3,M2+S1,T5,1002,3.257434129714966
0.715,1.0,0.9066666666666666,0.41373216786030337,0.4699999999999997,0.0,1.0,1.0,1.3,0.0,0.0,True,False,0.14895909265167878,2.8090909090909095,11.0,0.0,,E3,M2+S1,T5,1003,3.5187771320343018
0.7866666666666666,0.0,0.78,0.46999999999999964,0.47725774050808084,0.0,0.0,,,0.0,0.0,True,False,0.17814425127911943,2.5799999999999996,10.0,1.0,,E3,M2+S1,T5,1004,3.5654101371765137
0.5116666666666667,1.0,0.7266666666666667,0.3804789957223602,0.47,0.0,3.0,1.0,4.000000000000001,0.0,0.0,True,False,0.17916384461918525,4.266666666666667,15.0,4.0,,E3,M2+S1,T5,1005,3.3102340698242188
0.8633333333333333,0.0,1.0,,0.4954639351393489,0.0,0.0,,,0.0,0.0,True,True,0.17609793046316397,3.35,6.0,0.0,,E3,M2+S1,T5,1006,3.2296628952026367
0.5683333333333334,0.0,1.0,,0.4699999999999996,0.0,0.0,,,0.0,0.0,True,False,0.12334798791560699,7.777777777777778,9.0,0.0,,E3,M2+S1,T5,1007,3.0858938694000244
0.6716666666666666,0.0,0.8883333333333333,0.4699999999999993,0.46999999999999925,0.0,1.0,0.0,,0.0,0.0,False,False,0.1363437293001537,3.6799999999999997,10.0,1.0,,E3,M2+S1,T5,1008,3.2849888801574707
0.8333333333333334,0.0,1.0,0.5128139100095751,0.48510664263775477,0.0,0.0,,,0.0,0.0,True,True,0.1617834354005118,3.9125000000000005,8.0,0.0,,E3,M2+S1,T5,1009,3.2442617416381836
0.665,0.0,0.97,0.4699999999999999,0.5012993574383535,0.0,0.0,,,0.0,0.0,True,False,0.19041122269869853,4.7,8.0,1.0,,E3,M2+S1,T5,1010,3.5186407566070557
0.8066666666666666,0.0,1.0,,0.4776981237735004,0.0,0.0,,,0.0,0.0,True,True,0.1473433003877969,4.2,8.0,0.0,,E3,M2+S1,T5,1011,3.115203857421875
0.8116666666666666,0.0,0.9916666666666667,0.4699999999999999,0.46999999999999986,0.0,0.0,,,0.0,0.0,True,True,0.1359097291882922,2.12,10.0,0.0,,E3,M2+S1,T5,1012,3.326900005340576
0.72,0.0,1.0,,0.4705893753879415,0.0,0.0,,,0.0,0.0,True,False,0.1792840760545687,3.9000000000000004,9.0,0.0,,E3,M2+S1,T5,1013,3.1064231395721436
0.8983333333333333,0.0,1.0,,0.4776082687434318,0.0,0.0,,,0.0,0.0,True,True,0.14381740624094444,2.125,8.0,0.0,,E3,M2+S1,T5,1014,3.1668949127197266
0.6,0.0,0.9166666666666666,0.46999999999999964,0.4700000000000001,0.0,0.0,,,0.0,0.0,True,False,0.1769496462763296,6.371428571428572,7.0,0.0,,E3,M2+S1,T5,1015,3.2274930477142334
0.88,0.0,1.0,2.2385553007705212,0.47978008419538754,0.0,0.0,,,0.0,0.0,True,True,0.16401834947581737,3.12,5.0,0.0,,E3,M2+S1,T5,1016,3.396630048751831
0.755,0.0,1.0,,0.4699999999999996,0.0,0.0,,,0.0,0.0,True,False,0.15202136739042915,6.0200000000000005,5.0,0.0,,E3,M2+S1,T5,1017,3.187988042831421
0.5716666666666667,0.0,1.0,,0.4725915348751452,0.0,0.0,,,0.0,0.0,True,False,0.16137432663472362,5.255555555555556,9.0,0.0,,E3,M2+S1,T5,1018,3.2111380100250244
0.7733333333333333,0.0,0.9666666666666667,0.4699999999999998,0.46999999999999986,0.0,0.0,,,0.0,0.0,True,False,0.16788496219371246,2.7750000000000004,8.0,0.0,,E3,M2+S1,T5,1019,3.2384390830993652
0.81,0.0,1.0,,0.49055696930036785,0.0,0.0,,,0.0,0.0,True,True,0.19733658214333427,5.233333333333333,6.0,0.0,,E3,M2+S1,T5,1020,3.0849530696868896
0.6666666666666666,0.0,1.0,,0.47000000000000003,0.0,0.0,,,0.0,0.0,True,False,0.1692647456447355,4.533333333333333,6.0,0.0,,E3,M2+S1,T5,1021,3.303438186645508
0.665,0.0,1.0,2.0393729135396876,0.47,0.0,0.0,,,0.0,0.0,True,False,0.15651321348631927,4.15,6.0,0.0,,E3,M2+S1,T5,1022,3.243713855743408
0.7733333333333333,0.0,1.0,,0.4699999999999993,0.0,0.0,,,0.0,0.0,True,False,0.1540744233230973,3.0900000000000003,10.0,0.0,,E3,M2+S1,T5,1023,3.0668179988861084
0.665,0.0,0.8683333333333333,0.46999999999999986,0.47000000000000053,0.0,1.0,0.0,,0.0,0.0,False,False,0.11451640814922773,3.3333333333333335,6.0,0.0,,E3,M2+S1,T5,1024,3.0014069080352783
0.66,0.0,1.0,,0.4700000000000007,0.0,0.0,,,0.0,0.0,True,False,0.1305077491695233,4.75,8.0,0.0,,E3,M2+S1,T5,1025,3.150394916534424
0.8516666666666667,0.0,0.9666666666666667,0.4699999999999995,0.49697605373923226,0.0,0.0,,,0.0,0.0,True,True,0.1840889373495924,2.8166666666666664,6.0,0.0,,E3,M2+S1,T5,1026,3.3052332401275635
0.7383333333333333,0.0,0.9933333333333333,0.4811569753166561,0.47366381478693736,0.0,1.0,1.0,4.9,0.0,0.0,True,False,0.1268976721004955,3.1333333333333333,6.0,0.0,,E3,M2+S1,T5,1027,3.2164711952209473
0.815,0.0,0.9116666666666666,0.4699999999999993,0.4755216968057222,0.0,0.0,,,0.0,0.0,True,True,0.16698246059944236,2.5333333333333337,6.0,1.0,,E3,M2+S1,T5,1028,3.347198963165283
0.7366666666666667,0.0,0.985,0.46999999999999964,0.47255671590682696,0.0,1.0,1.0,5.5,0.0,0.0,True,False,0.1541944355354051,2.542857142857143,7.0,1.0,,E3,M2+S1,T5,1029,3.063833713531494
0.7316666666666667,0.0,0.9733333333333334,0.47000000000000025,0.47000000000000003,0.0,0.0,,,0.0,0.0,True,False,0.15729279975446367,4.688888888888889,9.0,0.0,,E3,M2+S1,T5,1030,3.2581868171691895
0.8116666666666666,0.0,1.0,,0.48473752254969776,0.0,0.0,,,0.0,0.0,True,True,0.15695712954373103,3.0714285714285716,7.0,0.0,,E3,M2+S1,T5,1031,3.065134048461914
0.83,0.0,1.0,,0.4781983655756517,0.0,0.0,,,0.0,0.0,True,True,0.17397236023710091,2.7,7.0,0.0,,E3,M2+S1,T5,1032,3.14601993560791
0.8016666666666666,0.0,1.0,,0.47714652342960034,0.0,0.0,,,0.0,0.0,True,True,0.1695663545504496,2.8000000000000003,9.0,0.0,,E3,M2+S1,T5,1033,3.22851824760437
0.54,0.0,1.0,,0.46999999999999936,0.0,0.0,,,0.0,0.0,True,False,0.15306227681082357,8.061538461538461,13.0,0.0,,E3,M2+S1,T5,1034,3.183211088180542
0.7683333333333333,0.0,1.0,2.044244904982872,0.4699999999999998,0.0,0.0,,,0.0,0.0,True,False,0.11424863182775442,2.9375,8.0,0.0,,E3,M2+S1,T5,1035,3.1154277324676514
0.8,0.0,1.0,,0.4748832218226293,0.0,0.0,,,0.0,0.0,True,True,0.15070608147462064,2.8833333333333333,6.0,0.0,,E3,M2+S1,T5,1036,3.1012678146362305
0.69,0.0,0.9616666666666667,0.45163304126763065,0.47000000000000014,0.0,0.0,,,0.0,0.0,True,False,0.16613820062258697,4.04,10.0,0.0,,E3,M2+S1,T5,1037,3.3122596740722656
0.6633333333333333,1.0,0.8483333333333334,0.4699999999999995,0.4793201843685802,0.0,2.0,1.0,1.9500000000000002,0.0,0.0,True,False,0.15928332245140156,4.733333333333333,12.0,0.0,,E3,M2+S1,T5,1038,3.171165943145752
0.79,0.0,1.0,1.4275738460886431,0.4699999999999992,0.0,0.0,,,0.0,0.0,True,False,0.16840488524682073,3.266666666666667,9.0,0.0,,E3,M2+S1,T5,1039,3.3737752437591553
0.8133333333333334,2.0,0.965,0.46999999999999964,0.46999999999999975,0.0,1.0,0.0,,0.0,0.0,False,False,0.16610196726979373,2.7750000000000004,8.0,0.0,,E3,M2+S1,T5,1040,3.1986348628997803
0.7416666666666667,0.0,0.9666666666666667,0.4699999999999998,0.4850889581295366,0.0,1.0,0.0,,0.0,0.0,False,False,0.1189408975923717,3.4200000000000004,10.0,0.0,,E3,M2+S1,T5,1041,2.97898530960083
0.7516666666666667,2.0,0.8666666666666667,0.288922057636388,0.4723909841295699,0.0,1.0,1.0,8.8,0.0,0.0,True,False,0.1396992659804438,2.6999999999999997,6.0,1.0,,E3,M2+S1,T5,1042,3.0750601291656494
0.7083333333333334,0.0,1.0,,0.4699999999999992,0.0,0.0,,,0.0,0.0,True,False,0.15607222909540042,2.88,10.0,0.0,,E3,M2+S1,T5,1043,3.1262781620025635
0.6383333333333333,0.0,1.0,,0.490873605642215,0.0,0.0,,,0.0,0.0,True,False,0.19410970301410835,4.91,10.0,0.0,,E3,M2+S1,T5,1044,3.124368906021118
0.7683333333333333,0.0,0.9766666666666667,0.46999999999999964,0.4945163090962956,0.0,0.0,,,0.0,0.0,True,False,0.17343017203645467,3.1,5.0,1.0,,E3,M2+S1,T5,1045,3.1242451667785645
0.8883333333333333,0.0,0.96,0.46999999999999975,0.4847857576712456,0.0,0.0,,,0.0,0.0,True,True,0.14529020213724153,1.0375,8.0,3.0,,E3,M2+S1,T5,1046,3.174517869949341
0.83,0.0,0.9883333333333333,0.4777969838992273,0.48062704906366815,0.0,1.0,1.0,1.5,0.0,0.0,True,True,0.1578391889396491,2.8666666666666667,6.0,0.0,,E3,M2+S1,T5,1047,3.221306800842285
0.7983333333333333,0.0,0.905,0.46999999999999953,0.47000000000000014,0.0,1.0,1.0,4.6000000000000005,0.0,0.0,True,False,0.11695507955344854,1.9090909090909094,11.0,1.0,,E3,M2+S1,T5,1048,3.3739659786224365
0.61,0.0,1.0,,0.4699999999999992,0.0,0.0,,,0.0,0.0,True,False,0.15256597514408898,5.022222222222222,9.0,0.0,,E3,M2+S1,T5,1049,3.0121960639953613
0.63,0.0,0.77,0.46999999999999953,0.4699999999999996,0.0,1.0,1.0,2.0,0.0,0.0,True,False,0.1691523923621631,5.936363636363637,11.0,5.0,,E3,M2+S1,T7,1000,3.5867159366607666
0.8983333333333333,0.0,0.73,0.4578155260075064,0.4912196365673246,0.0,1.0,1.0,1.5,0.0,0.0,True,True,0.15047686676101255,1.542857142857143,7.0,5.0,,E3,M2+S1,T7,1001,3.437947988510132
0.995,0.0,1.0,,0.9936816341019251,0.0,0.0,,,0.0,0.0,True,True,0.11856674834675587,1.2000000000000002,2.0,0.0,,E3,M2+S1,T7,1002,3.186475992202759
0.20833333333333334,0.0,0.9133333333333333,0.46999999999999925,0.46999999999999975,0.0,3.0,0.3333333333333333,2.6,0.0,0.0,False,False,0.05531586498918509,12.81111111111111,9.0,0.0,,E3,M2+S1,T7,1003,2.053638219833374
0.8183333333333334,0.0,0.92,0.4699999999999992,0.4749954097460289,0.0,2.0,1.0,2.6500000000000004,0.0,0.0,True,True,0.14655083164671256,1.491666666666667,12.0,1.0,,E3,M2+S1,T7,1004,3.377528190612793
0.9083333333333333,0.0,1.0,,0.5501981122284271,0.0,0.0,,,0.0,0.0,True,True,0.1608684314038092,2.6333333333333333,3.0,0.0,,E3,M2+S1,T7,1005,3.1963982582092285
0.6683333333333333,0.0,0.955,0.4699999999999997,0.5128334270516354,0.0,1.0,1.0,1.7000000000000002,0.0,0.0,True,False,0.19709055714590687,3.825,8.0,2.0,,E3,M2+S1,T7,1006,3.315190076828003
0.8166666666666667,0.0,1.0,,0.46999999999999986,0.0,0.0,,,0.0,0.0,True,True,0.12623510083010012,3.3833333333333333,6.0,0.0,,E3,M2+S1,T7,1007,3.1466996669769287
0.795,0.0,0.9033333333333333,0.4700000000000002,0.4700000000000001,0.0,2.0,1.0,4.65,0.0,0.0,True,False,0.12763085882833689,1.5250000000000001,4.0,0.0,,E3,M2+S1,T7,1008,3.3966383934020996
0.9533333333333334,0.0,0.9966666666666667,0.493974217310136,0.5301558549787709,0.0,0.0,,,0.0,0.0,True,True,0.17430996614725344,3.9000000000000004,1.0,0.0,,E3,M2+S1,T7,1009,3.5089988708496094
0.68,1.0,0.8016666666666666,0.44201533095512885,0.5017099775817897,0.0,3.0,1.0,4.733333333333333,0.0,0.0,True,False,0.15489460462373728,2.6666666666666665,6.0,1.0,,E3,M2+S1,T7,1010,3.2498812675476074
1.0,0.0,0.8366666666666667,0.4699999999999992,1.133323962022207,0.0,2.0,1.0,2.3500000000000005,0.0,0.0,True,True,0.139104790971666,0.0,5.0,4.0,,E3,M2+S1,T7,1011,3.4509339332580566
0.9416666666666667,0.0,1.0,0.5599294393298027,0.6433387732817399,0.0,0.0,,,0.0,0.0,True,True,0.1302240734571667,2.2399999999999998,5.0,1.0,,E3,M2+S1,T7,1012,3.4905738830566406
0.7183333333333334,0.0,1.0,,0.48379770579038295,0.0,0.0,,,0.0,0.0,True,False,0.17304434177106406,4.7,5.0,0.0,,E3,M2+S1,T7,1013,3.123008966445923
0.8616666666666667,0.0,0.8916666666666667,0.4699999999999994,0.46999999999999975,0.0,2.0,0.5,5.300000000000001,0.0,0.0,True,True,0.17368879210480465,1.5299999999999998,10.0,1.0,,E3,M2+S1,T7,1014,3.484772205352783
0.865,0.0,0.985,0.46999999999999986,0.4943847943634842,0.0,0.0,,,0.0,0.0,True,True,0.16341915894968304,4.5,5.0,1.0,,E3,M2+S1,T7,1015,3.478102207183838
0.97,0.0,1.0,5.4100184810599075,0.79452042498933,0.0,0.0,,,0.0,0.0,True,True,0.19281353339992077,3.4000000000000004,1.0,0.0,,E3,M2+S1,T7,1016,3.497385025024414
0.8333333333333334,0.0,0.8566666666666667,0.4699999999999995,0.46999999999999964,0.0,1.0,1.0,1.3,0.0,0.0,True,True,0.19222283884993338,2.1692307692307695,13.0,3.0,,E3,M2+S1,T7,1017,3.4122822284698486
0.8133333333333334,0.0,0.9333333333333333,0.4699999999999996,0.4846272357938264,0.0,1.0,1.0,1.6,0.0,0.0,True,True,0.17914088922332666,2.2142857142857144,7.0,3.0,,E3,M2+S1,T7,1018,3.31610107421875
0.6216666666666667,0.0,0.7583333333333333,0.4699999999999995,0.4699999999999999,0.0,4.0,1.0,5.200000000000001,0.0,0.0,True,False,0.12770377232669697,4.525,8.0,4.0,,E3,M2+S1,T7,1019,3.3898558616638184
0.3466666666666667,0.0,1.0,,0.47981711415383754,0.0,0.0,,,0.0,0.0,True,False,0.18239885286367752,40.1,1.0,0.0,,E3,M2+S1,T7,1020,2.9648971557617188
0.585,0.0,1.0,3.6401120824258992,0.4700000000000001,0.0,0.0,,,0.0,0.0,True,False,0.16944162525268894,5.76,5.0,0.0,,E3,M2+S1,T7,1021,3.3592357635498047
0.6283333333333333,0.0,1.0,,0.46999999999999986,0.0,0.0,,,0.0,0.0,True,False,0.16226930119199479,7.557142857142858,7.0,0.0,,E3,M2+S1,T7,1022,3.2588090896606445
0.685,0.0,0.7983333333333333,0.46999999999999964,0.4699999999999996,0.0,1.0,0.0,,0.0,0.0,False,False,0.14561295399575577,3.4454545454545453,11.0,1.0,,E3,M2+S1,T7,1023,3.223236083984375
0.67,1.0,0.715,0.4699999999999991,0.47645314462388194,0.0,2.0,0.5,8.6,0.0,0.0,True,False,0.1543299104478688,6.9125,8.0,0.0,,E3,M2+S1,T7,1024,3.2396061420440674
0.7433333333333333,2.0,0.8316666666666667,0.44898392812751603,0.47,0.0,3.0,1.0,3.4666666666666672,0.0,0.0,True,False,0.14240976423020626,5.009090909090909,11.0,1.0,,E3,M2+S1,T7,1025,3.471634864807129
0.715,2.0,0.8416666666666667,0.4208018167287165,0.48508898109583953,0.0,0.0,,,0.0,0.0,True,False,0.16680044411155698,4.292307692307693,13.0,0.0,,E3,M2+S1,T7,1026,3.5134100914001465
0.8183333333333334,0.0,1.0,,0.49337256352988457,0.0,0.0,,,0.0,0.0,True,True,0.14688506890423256,4.7,5.0,0.0,,E3,M2+S1,T7,1027,3.09806489944458
0.87,0.0,0.8616666666666667,0.4699999999999996,0.4700000000000004,0.0,1.0,1.0,2.0,0.0,0.0,True,True,0.1663460652831697,2.0153846153846158,13.0,6.0,,E3,M2+S1,T7,1028,3.4448671340942383
1.0,0.0,1.0,0.5376148609301648,1.2938853242315187,0.0,0.0,,,0.0,0.0,True,True,0.128838861671305,0.0,2.0,0.0,,E3,M2+S1,T7,1029,3.7014248371124268
0.8933333333333333,0.0,1.0,,0.4711046195497637,0.0,0.0,,,0.0,0.0,True,True,0.17718067142960808,4.575,4.0,0.0,,E3,M2+S1,T7,1030,3.1460931301116943
1.0,0.0,1.0,,1.0284477958175577,0.0,0.0,,,0.0,0.0,True,True,0.15008804073415905,0.0,3.0,0.0,,E3,M2+S1,T7,1031,3.0751941204071045
0.735,0.0,0.9683333333333334,0.4699999999999999,0.4957612923348227,0.0,1.0,1.0,1.6,0.0,0.0,True,False,0.1395592257440117,7.3999999999999995,3.0,0.0,,E3,M2+S1,T7,1032,3.1982009410858154
0.9083333333333333,0.0,1.0,0.507423663221724,0.5252345582033534,0.0,1.0,1.0,1.5,0.0,0.0,True,True,0.1401602037722139,2.9000000000000004,2.0,0.0,,E3,M2+S1,T7,1033,3.589479923248291
0.6983333333333334,0.0,0.9633333333333334,0.46999999999999925,0.47,0.0,0.0,,,0.0,0.0,True,False,0.1529145736464061,5.033333333333334,12.0,1.0,,E3,M2+S1,T7,1034,3.224748134613037
0.905,0.0,1.0,0.6445036156344736,0.5819066276355462,0.0,0.0,,,0.0,0.0,True,True,0.1622620651324746,1.7285714285714284,7.0,4.0,,E3,M2+S1,T7,1035,3.8236591815948486
1.0,0.0,0.9733333333333334,0.46999999999999975,1.0171688619132726,0.0,0.0,,,0.0,0.0,True,True,0.1681836420545999,0.0,3.0,0.0,,E3,M2+S1,T7,1036,3.3381869792938232
0.8316666666666667,0.0,0.9683333333333334,0.4699999999999996,0.48102825063535415,0.0,1.0,1.0,1.5,0.0,0.0,True,True,0.14013563768818574,2.325,8.0,0.0,,E3,M2+S1,T7,1037,4.011982202529907
0.6633333333333333,2.0,0.5816666666666667,0.4699999999999993,0.46999999999999975,0.0,2.0,1.0,1.75,0.0,0.0,True,False,0.19352065252024517,5.880000000000001,10.0,7.0,,E3,M2+S1,T7,1038,3.791813850402832
0.65,1.0,0.67,0.46999999999999953,0.4700000000000001,0.0,2.0,0.5,2.4000000000000004,0.0,0.0,True,False,0.11475433750477808,5.3,7.0,6.0,,E3,M2+S1,T7,1039,3.562121868133545
0.5716666666666667,2.0,0.7366666666666667,0.4523914113448421,0.46999999999999975,0.0,4.0,0.75,6.333333333333333,0.0,0.0,False,False,0.13814952272802183,1.8363636363636366,11.0,3.0,,E3,M2+S1,T7,1040,3.534357786178589
0.9633333333333334,0.0,1.0,0.7518611844555035,0.809946023212833,0.0,0.0,,,0.0,0.0,True,True,0.20182263772945933,2.8000000000000003,2.0,0.0,,E3,M2+S1,T7,1041,4.322412014007568
0.3383333333333333,0.0,0.9866666666666667,0.46999999999999953,1.440512925769611,0.0,2.0,0.0,,0.0,0.0,False,False,0.0679255949927452,13.15,6.0,1.0,,E3,M2+S1,T7,1042,2.142622947692871
0.9016666666666666,1.0,0.5433333333333333,0.4699999999999991,0.46999999999999986,0.0,5.0,0.8,1.6250000000000002,0.0,0.0,False,False,0.14769623690972247,1.625,8.0,3.0,,E3,M2+S1,T7,1043,4.371769189834595
0.5633333333333334,0.0,0.7066666666666667,0.4699999999999991,0.4892105462356359,0.0,2.0,1.0,8.45,0.0,0.0,True,False,0.1700158643409371,4.0181818181818185,11.0,1.0,,E3,M2+S1,T7,1044,3.8150298595428467
0.73,0.0,0.9683333333333334,0.46650940638035854,0.4830984386685305,0.0,0.0,,,0.0,0.0,True,False,0.22222405772842896,3.1625,8.0,2.0,,E3,M2+S1,T7,1045,4.089282035827637
0.7483333333333333,0.0,1.0,3.0491611043219278,0.46999999999999936,0.0,0.0,,,0.0,0.0,True,False,0.1792066289540444,4.6000000000000005,7.0,0.0,,E3,M2+S1,T7,1046,3.736514091491699
0.9416666666666667,0.0,0.9916666666666667,0.46999999999999925,0.5626504627835397,0.0,0.0,,,0.0,0.0,True,True,0.18325845285939946,4.6000000000000005,1.0,0.0,,E3,M2+S1,T7,1047,4.309560060501099
1.0,0.0,1.0,0.5226434746571632,1.3091093612656146,0.0,0.0,,,0.0,0.0,True,True,0.11406597399342804,0.0,4.0,0.0,,E3,M2+S1,T7,1048,4.05680513381958
0.9383333333333334,0.0,1.0,,0.5833001620277273,0.0,0.0,,,0.0,0.0,True,True,0.1301965765591243,1.7750000000000001,4.0,0.0,,E3,M2+S1,T7,1049,3.4594099521636963
0.935,0.0,1.0,0.7411007616017263,0.5136706305179801,0.0,0.0,,,0.0,0.0,True,True,0.16522908176496476,4.9,1.0,0.0,,E3,M3+S1,T3,1000,3.989703893661499
0.8183333333333334,0.0,1.0,0.5626850095574578,0.4728088859456196,0.0,0.0,,,0.0,0.0,True,True,0.17184309318791993,5.7749999999999995,4.0,0.0,,E3,M3+S1,T3,1001,3.5262601375579834
0.9566666666666667,0.0,1.0,0.718935999764832,0.6033805271869762,0.0,0.0,,,0.0,0.0,True,True,0.14168304957429453,1.7000000000000002,2.0,0.0,,E3,M3+S1,T3,1002,4.003118991851807
0.8766666666666667,0.0,0.9416666666666667,0.4699999999999992,0.46999999999999986,0.0,0.0,,,0.0,0.0,True,True,0.14871094938244556,1.8571428571428574,7.0,1.0,,E3,M3+S1,T3,1003,3.7807910442352295
0.8483333333333334,0.0,1.0,0.7254424508020317,0.4699999999999999,0.0,0.0,,,0.0,0.0,True,True,0.17799254907249734,3.9200000000000004,5.0,1.0,,E3,M3+S1,T3,1004,3.6299009323120117
0.16666666666666666,0.0,0.9783333333333334,0.4699999999999993,1.2185904423593301,0.0,2.0,0.0,,0.0,0.0,False,False,0.02533422460961683,23.56,5.0,1.0,,E3,M3+S1,T3,1005,1.7515950202941895
,,,,,,,,,,,,,,,,,RuntimeError('T3 seed 1006: no straight run found'),E3,M3+S1,T3,1006,0.31058573722839355
0.9866666666666667,0.0,1.0,0.5786774209931066,0.9769156405451298,0.0,0.0,,,0.0,0.0,True,True,0.16786360160782607,2.3000000000000003,1.0,0.0,,E3,M3+S1,T3,1007,3.544435977935791
0.865,0.0,0.97,0.4699999999999994,0.4714640400344987,0.0,0.0,,,0.0,0.0,True,True,0.1727998775868954,4.2,5.0,4.0,,E3,M3+S1,T3,1008,3.5734667778015137
0.14666666666666667,0.0,0.9733333333333334,0.46999999999999964,0.6648636517736292,0.0,6.0,0.0,,10.0,0.5483333333333333,False,False,0.05275231132005226,14.775,4.0,1.0,,E3,M3+S1,T3,1009,3.0601279735565186
0.12166666666666667,0.0,1.0,0.5168321738080878,0.4700000000000005,0.0,4.0,0.0,,6.0,0.385,False,False,0.07646946623666442,17.375,4.0,0.0,,E3,M3+S1,T3,1010,2.9613828659057617
0.915,0.0,1.0,0.8289009580341834,0.46999999999999964,0.0,0.0,,,0.0,0.0,True,True,0.17812031655527716,3.7500000000000004,2.0,0.0,,E3,M3+S1,T3,1011,3.882674217224121
0.92,1.0,1.0,1.2578509437090966,0.4700000000000003,0.0,0.0,,,0.0,0.0,True,False,0.1663979931829307,4.6,2.0,0.0,,E3,M3+S1,T3,1012,3.811707019805908
0.9516666666666667,0.0,1.0,1.0813588507787082,0.500643039908819,0.0,0.0,,,0.0,0.0,True,True,0.13076635124367333,1.9500000000000002,2.0,0.0,,E3,M3+S1,T3,1013,3.7288739681243896
0.96,0.0,1.0,0.7786262825964133,0.5878613569546989,0.0,0.0,,,0.0,0.0,True,True,0.15936839567674307,3.0,1.0,0.0,,E3,M3+S1,T3,1014,3.6735451221466064
0.9683333333333334,0.0,1.0,1.7407932557220502,0.7283762960724607,0.0,0.0,,,0.0,0.0,True,True,0.13666910616038436,0.66,5.0,0.0,,E3,M3+S1,T3,1015,3.7444851398468018
0.9033333333333333,0.0,1.0,0.6138963292741619,0.4981007496558166,0.0,0.0,,,0.0,0.0,True,True,0.1747484122154372,1.675,4.0,1.0,,E3,M3+S1,T3,1016,3.804750919342041
0.9483333333333334,0.0,1.0,1.0996247830425714,0.5638570401643875,0.0,0.0,,,0.0,0.0,True,True,0.144363164863506,4.1000000000000005,1.0,2.0,,E3,M3+S1,T3,1017,3.792149066925049
0.83,0.0,0.9683333333333334,0.4699999999999994,0.4699999999999998,0.0,1.0,1.0,1.7000000000000002,0.0,0.0,True,True,0.17054310867711336,3.0500000000000003,6.0,3.0,,E3,M3+S1,T3,1018,3.669379949569702
0.92,0.0,1.0,1.3133470917637895,0.507155081111266,0.0,0.0,,,0.0,0.0,True,True,0.1709809522460791,5.6000000000000005,1.0,0.0,,E3,M3+S1,T3,1019,3.8096728324890137
0.92,0.0,1.0,0.7232591050942138,0.5028855152283424,0.0,0.0,,,0.0,0.0,True,True,0.16582000404721192,2.8000000000000003,3.0,0.0,,E3,M3+S1,T3,1020,3.8949508666992188
0.9466666666666667,0.0,1.0,1.3100802811505214,0.570966605890528,0.0,0.0,,,0.0,0.0,True,True,0.18889712937712697,4.1000000000000005,1.0,0.0,,E3,M3+S1,T3,1021,4.140528917312622
1.0,0.0,1.0,0.574755936454919,1.421617184634301,0.0,0.0,,,0.0,0.0,True,True,0.17154471625400633,,0.0,0.0,,E3,M3+S1,T3,1022,3.7467830181121826
0.7616666666666667,0.0,1.0,0.9126313091661351,0.48432469994341554,0.0,0.0,,,0.0,0.0,True,False,0.1687173496764695,7.3500000000000005,2.0,1.0,,E3,M3+S1,T3,1023,3.7772960662841797
0.12166666666666667,0.0,0.93,0.4699999999999991,0.658381970882151,0.0,1.0,0.0,,15.0,0.5983333333333334,False,False,0.07021839538896986,43.20000000000001,3.0,3.0,,E3,M3+S1,T3,1024,3.2644128799438477
0.95,0.0,1.0,1.1973118203510789,0.5186750465120687,0.0,0.0,,,0.0,0.0,True,True,0.13237014602727104,1.9500000000000002,2.0,1.0,,E3,M3+S1,T3,1025,3.924755096435547
0.9083333333333333,0.0,0.9883333333333333,0.47000000000000014,0.49817077565719514,0.0,1.0,1.0,2.0,0.0,0.0,True,True,0.14550966361359166,4.58,5.0,3.0,,E3,M3+S1,T3,1026,3.839454174041748
0.8333333333333334,0.0,1.0,1.2942609612554214,0.46999999999999953,0.0,0.0,,,0.0,0.0,True,True,0.18350677187063824,3.2,5.0,0.0,,E3,M3+S1,T3,1027,3.7452588081359863
0.9833333333333333,0.0,0.9733333333333334,0.46999999999999964,0.9463995974826075,0.0,1.0,1.0,2.5,0.0,0.0,True,True,0.17708114815926554,0.48333333333333334,6.0,7.0,,E3,M3+S1,T3,1028,3.5523650646209717
0.9916666666666667,0.0,1.0,1.5197868092006555,0.9716842462339671,0.0,0.0,,,0.0,0.0,True,True,0.18561376044157687,1.6666666666666667,3.0,3.0,,E3,M3+S1,T3,1029,3.7798798084259033
0.905,0.0,0.9766666666666667,0.4699999999999997,0.49472388803572553,0.0,0.0,,,0.0,0.0,True,True,0.13980911585326766,3.95,2.0,0.0,,E3,M3+S1,T3,1030,3.5533950328826904
0.9366666666666666,0.0,1.0,0.564385629282611,0.5120638683499419,0.0,1.0,1.0,1.6,0.0,0.0,True,True,0.15000180817981157,2.35,2.0,0.0,,E3,M3+S1,T3,1031,3.7536120414733887
0.9366666666666666,0.0,1.0,1.1022298582534271,0.5249942729768802,0.0,0.0,,,0.0,0.0,True,True,0.19991861848533965,1.5333333333333334,3.0,2.0,,E3,M3+S1,T3,1032,3.908080816268921
0.9766666666666667,0.0,1.0,0.5759267028351143,0.8536457921215798,0.0,0.0,,,0.0,0.0,True,True,0.1362036063057459,2.7,1.0,0.0,,E3,M3+S1,T3,1033,3.546647787094116
0.9883333333333333,0.0,1.0,0.7820446025948402,0.9602258304188592,0.0,0.0,,,0.0,0.0,True,True,0.14900719741006177,0.9500000000000001,2.0,0.0,,E3,M3+S1,T3,1034,3.619119167327881
0.9533333333333334,0.0,1.0,1.642564648454404,0.548752846715475,0.0,0.0,,,0.0,0.0,True,True,0.15201901151887737,1.2,3.0,0.0,,E3,M3+S1,T3,1035,3.531730890274048
0.895,0.0,1.0,0.5144106674373875,0.4699999999999999,0.0,0.0,,,0.0,0.0,True,True,0.1327962940151137,2.06,5.0,1.0,,E3,M3+S1,T3,1036,3.8224470615386963
0.8333333333333334,0.0,1.0,0.7335140638339246,0.4699999999999997,0.0,0.0,,,0.0,0.0,True,True,0.1620477172903159,4.4750000000000005,4.0,0.0,,E3,M3+S1,T3,1037,3.6458230018615723
0.9683333333333334,0.0,1.0,1.6728769181832392,0.8312430626094811,0.0,0.0,,,0.0,0.0,True,True,0.1425911932806665,1.55,2.0,0.0,,E3,M3+S1,T3,1038,3.7112770080566406
0.965,0.0,0.9916666666666667,0.46999999999999986,0.7969202710904841,0.0,0.0,,,0.0,0.0,True,True,0.14636414235601844,1.4500000000000002,2.0,0.0,,E3,M3+S1,T3,1039,3.584522247314453
0.945,0.0,1.0,1.4005850107136464,0.6163826580431333,0.0,0.0,,,0.0,0.0,True,True,0.18213899030320171,4.4,1.0,0.0,,E3,M3+S1,T3,1040,4.062310218811035
0.945,0.0,0.9066666666666666,0.46999999999999953,0.8823636328852101,0.0,1.0,0.0,,0.0,0.0,False,False,0.13394302983227635,0.7666666666666667,3.0,2.0,,E3,M3+S1,T3,1041,3.7548508644104004
0.9583333333333334,2.0,0.98,0.4699999999999994,0.5448683772244822,0.0,1.0,1.0,2.2,0.0,0.0,True,False,0.1473089748903172,3.4000000000000004,1.0,0.0,,E3,M3+S1,T3,1042,3.682204246520996
0.9733333333333334,0.0,0.9816666666666667,0.4699999999999997,0.8929561049540701,0.0,0.0,,,0.0,0.0,True,True,0.15344257083095036,1.28,5.0,3.0,,E3,M3+S1,T3,1043,3.7505359649658203
0.9466666666666667,2.0,0.93,0.4699999999999995,0.6981070253816436,0.0,1.0,1.0,1.2000000000000002,0.0,0.0,True,False,0.16248888535192663,2.025,4.0,0.0,,E3,M3+S1,T3,1044,3.6793551445007324
0.8883333333333333,0.0,1.0,1.1433547163864086,0.5676817321459107,0.0,0.0,,,0.0,0.0,True,True,0.17855190444848631,3.175,4.0,1.0,,E3,M3+S1,T3,1045,3.653433084487915
0.8416666666666667,0.0,1.0,1.1629779968951943,0.4713639315751314,0.0,0.0,,,0.0,0.0,True,True,0.2075071786967317,4.933333333333334,6.0,4.0,,E3,M3+S1,T3,1046,3.9554569721221924
0.835,0.0,1.0,1.1774822747098248,0.508294989616095,0.0,1.0,1.0,6.1000000000000005,0.0,0.0,True,True,0.14256020854233833,4.266666666666667,3.0,4.0,,E3,M3+S1,T3,1047,3.4596049785614014
0.8866666666666667,0.0,1.0,1.0277901365649234,0.4931568963544426,0.0,0.0,,,0.0,0.0,True,True,0.1602279436458737,1.7571428571428573,7.0,0.0,,E3,M3+S1,T3,1048,3.5320730209350586
0.9283333333333333,0.0,1.0,0.8371995396431954,0.5047336115290245,0.0,0.0,,,0.0,0.0,True,True,0.18668652506701694,3.0500000000000003,2.0,0.0,,E3,M3+S1,T3,1049,3.5621449947357178
0.965,0.0,0.9433333333333334,0.4699999999999993,0.7962237618927535,0.0,0.0,,,0.0,0.0,True,True,0.1596431514265181,1.9000000000000001,3.0,0.0,,E3,M3+S1,T4,1000,3.4726881980895996
0.7466666666666667,1.0,0.78,0.46999999999999925,0.46999999999999953,0.0,2.0,1.0,3.8500000000000005,0.0,0.0,True,False,0.14913210260847612,3.355555555555556,9.0,3.0,,E3,M3+S1,T4,1001,3.5459001064300537
0.915,0.0,1.0,2.2540704631132944,0.47,0.0,0.0,,,0.0,0.0,True,True,0.1541434978648304,2.7,5.0,0.0,,E3,M3+S1,T4,1002,3.4811158180236816
0.8916666666666667,0.0,0.9966666666666667,0.4822901468939918,0.4700000000000006,0.0,0.0,,,0.0,0.0,True,True,0.13749795799334819,3.8333333333333335,3.0,0.0,,E3,M3+S1,T4,1003,3.5389750003814697
0.4066666666666667,0.0,0.8883333333333333,0.4699999999999997,0.49896781564255904,0.0,1.0,0.0,,0.0,0.008333333333333333,True,False,0.0984725684225008,11.076923076923077,13.0,0.0,,E3,M3+S1,T4,1004,2.733483076095581
0.74,0.0,0.9483333333333334,0.4699999999999996,0.4709704620883335,0.0,1.0,1.0,10.700000000000001,0.0,0.0,True,False,0.12043382402472402,0.5750000000000001,4.0,0.0,,E3,M3+S1,T4,1005,3.2158751487731934
0.9116666666666666,0.0,0.9233333333333333,0.46999999999999986,0.639143329431218,0.0,0.0,,,0.0,0.0,True,True,0.19956365182499314,1.5400000000000003,5.0,1.0,,E3,M3+S1,T4,1006,3.698608875274658
0.7766666666666666,0.0,1.0,1.1040720130036683,0.4699999999999999,0.0,0.0,,,0.0,0.0,True,False,0.16013075917396505,6.180000000000001,5.0,0.0,,E3,M3+S1,T4,1007,3.846710205078125
0.36,0.0,0.7483333333333333,0.4699999999999992,0.46999999999999986,0.0,2.0,0.0,,12.0,0.46166666666666667,False,False,0.15231481590940674,7.233333333333333,15.0,2.0,,E3,M3+S1,T4,1008,3.45776104927063
0.83,0.0,0.955,0.4590116052082554,0.4972578074543793,0.0,0.0,,,0.0,0.0,True,True,0.17733873842388864,7.2,4.0,0.0,,E3,M3+S1,T4,1009,3.731827974319458
0.9883333333333333,0.0,1.0,4.417685632022191,0.9823528463859825,0.0,0.0,,,0.0,0.0,True,True,0.15387099613942845,2.1,1.0,0.0,,E3,M3+S1,T4,1010,3.6342458724975586
0.9583333333333334,0.0,1.0,2.8900887119399554,0.6880976991455328,0.0,0.0,,,0.0,0.0,True,True,0.17510383942300073,1.2,3.0,0.0,,E3,M3+S1,T4,1011,3.822068214416504
0.635,0.0,0.9466666666666667,0.4699999999999996,0.46999999999999964,0.0,1.0,1.0,2.9000000000000004,0.0,0.0,True,False,0.1666433288393107,7.5375,8.0,2.0,,E3,M3+S1,T4,1012,3.6343131065368652
0.6833333333333333,0.0,0.98,0.4700000000000008,0.47000000000000014,0.0,0.0,,,0.0,0.0,True,False,0.1519200067287828,6.03,10.0,0.0,,E3,M3+S1,T4,1013,3.806619882583618
0.895,0.0,0.9583333333333334,0.46999999999999975,0.49876730231391553,0.0,0.0,,,0.0,0.0,True,True,0.19144233803014035,2.96,5.0,0.0,,E3,M3+S1,T4,1014,3.575073003768921
0.75,1.0,0.98,0.4699999999999997,0.4699999999999998,0.0,0.0,,,0.0,0.0,True,False,0.18005422178683095,2.1750000000000003,8.0,0.0,,E3,M3+S1,T4,1015,3.8182311058044434
0.7566666666666667,0.0,1.0,1.1362237259158188,0.4728652489331716,0.0,0.0,,,0.0,0.0,True,False,0.16449633669331074,9.016666666666667,6.0,0.0,,E3,M3+S1,T4,1016,3.581455945968628
0.8583333333333333,0.0,0.8933333333333333,0.4699999999999994,0.5060121868114319,0.0,2.0,1.0,3.1500000000000004,0.0,0.0,True,True,0.14252347341327515,1.325,12.0,4.0,,E3,M3+S1,T4,1017,3.850909948348999
0.8833333333333333,0.0,0.9683333333333334,0.4653456851279958,0.5093677526392626,0.0,0.0,,,0.0,0.0,True,True,0.14423575775660383,2.1875,8.0,1.0,,E3,M3+S1,T4,1018,3.7238736152648926
0.825,1.0,0.8933333333333333,0.4290318671172483,0.46999999999999964,0.0,1.0,1.0,5.1000000000000005,0.0,0.0,True,False,0.13524991271538164,6.000000000000002,5.0,0.0,,E3,M3+S1,T4,1019,3.4573330879211426
0.3983333333333333,0.0,0.6116666666666667,0.4699999999999997,0.510641344652589,0.0,2.0,0.0,,15.0,0.5533333333333333,False,False,0.1472726281507823,11.5,4.0,0.0,,E3,M3+S1,T4,1020,3.8202083110809326
0.9166666666666666,0.0,1.0,1.7008113284399267,0.5396007844797788,0.0,0.0,,,0.0,0.0,True,True,0.16849580998318603,3.7500000000000004,2.0,0.0,,E3,M3+S1,T4,1021,3.602236747741699
0.8416666666666667,0.0,1.0,3.286594087488136,0.4699999999999993,0.0,0.0,,,0.0,0.0,True,True,0.12446145218029281,6.5,3.0,0.0,,E3,M3+S1,T4,1022,3.5418541431427
0.765,2.0,0.5083333333333333,0.43499555284146535,0.47000000000000014,0.0,0.0,,,0.0,0.0,True,False,0.15069977972981885,3.0416666666666665,12.0,9.0,,E3,M3+S1,T4,1023,3.684300184249878
0.7866666666666666,0.0,0.9583333333333334,0.47000000000000003,0.46999999999999986,0.0,0.0,,,0.0,0.0,True,False,0.16517003053140003,4.216666666666668,6.0,0.0,,E3,M3+S1,T4,1024,3.4911699295043945
0.16666666666666666,1.0,0.925,0.4430645145311044,0.5520503847385564,0.0,3.0,0.0,,3.0,0.27166666666666667,False,False,0.07959192526197587,10.65714285714286,7.0,0.0,,E3,M3+S1,T4,1025,3.175112009048462
0.7683333333333333,1.0,0.585,0.4699999999999991,0.49685585887009837,0.0,1.0,1.0,2.6,0.0,0.0,True,False,0.13687484466385524,5.4,5.0,0.0,,E3,M3+S1,T4,1026,3.5791308879852295
0.825,0.0,0.99,0.46999999999999975,0.49585510588104714,0.0,0.0,,,0.0,0.0,True,True,0.13652148649713555,2.6000000000000005,7.0,2.0,,E3,M3+S1,T4,1027,3.550041675567627
0.9416666666666667,0.0,1.0,0.7579201090882802,0.5353720401476196,0.0,0.0,,,0.0,0.0,True,True,0.14936614726640174,4.6000000000000005,1.0,0.0,,E3,M3+S1,T4,1028,3.9127650260925293
0.8816666666666667,0.0,0.9416666666666667,0.46999999999999953,0.47569174401207287,0.0,2.0,0.0,,3.0,0.14166666666666666,False,False,0.166237534329553,2.6999999999999997,6.0,0.0,,E3,M3+S1,T4,1029,3.833528757095337
0.825,1.0,0.5616666666666666,0.46999999999999914,0.4819632500685142,0.0,0.0,,,0.0,0.0,True,False,0.1462962045351789,3.7285714285714286,7.0,4.0,,E3,M3+S1,T4,1030,3.8435683250427246
0.89,0.0,1.0,1.1319747753781977,0.5197004530396007,0.0,0.0,,,0.0,0.0,True,True,0.1965887937314477,3.7000000000000006,6.0,1.0,,E3,M3+S1,T4,1031,3.6675608158111572
0.76,0.0,1.0,0.5004628561406836,0.4721262831428868,0.0,0.0,,,0.0,0.0,True,False,0.17908247150891637,7.175000000000001,4.0,0.0,,E3,M3+S1,T4,1032,3.9094631671905518
0.815,0.0,0.9916666666666667,0.4838611334653145,0.46999999999999953,0.0,4.0,0.0,,10.0,0.43,False,False,0.1296058575649378,5.680000000000001,5.0,5.0,,E3,M3+S1,T4,1033,3.6900432109832764
0.645,0.0,0.8833333333333333,0.46999999999999925,0.46999999999999964,0.0,1.0,1.0,3.3000000000000003,0.0,0.0,True,False,0.16987982229911036,4.65,8.0,1.0,,E3,M3+S1,T4,1034,3.8030152320861816
0.48833333333333334,2.0,0.49,0.36459097879659885,0.47000000000000003,0.0,3.0,1.0,3.0333333333333337,0.0,0.0,True,False,0.13220359831052736,14.6125,8.0,4.0,,E3,M3+S1,T4,1035,3.8398489952087402
0.8466666666666667,0.0,0.9666666666666667,0.46999999999999964,0.5041696467886793,0.0,0.0,,,0.0,0.0,True,True,0.20387418603344346,2.9750000000000005,4.0,1.0,,E3,M3+S1,T4,1036,3.7117090225219727
0.7333333333333333,1.0,0.92,0.46999999999999964,0.4717811506655009,0.0,4.0,1.0,2.8750000000000004,0.0,0.0,True,False,0.16653460825350602,3.792307692307692,13.0,1.0,,E3,M3+S1,T4,1037,3.685590982437134
0.775,0.0,0.9116666666666666,0.4699999999999989,0.4818068412889892,0.0,2.0,1.0,9.3,0.0,0.0,True,False,0.11397104240342266,0.30000000000000004,2.0,0.0,,E3,M3+S1,T4,1038,3.1414599418640137
0.43,0.0,0.8283333333333334,0.4699999999999995,0.47000000000000003,0.0,4.0,0.0,,12.0,0.49166666666666664,False,False,0.11907775258359887,9.51,10.0,3.0,,E3,M3+S1,T4,1039,3.4394121170043945
0.7466666666666667,0.0,0.73,0.4699999999999993,0.4699999999999997,0.0,0.0,,,0.0,0.0,True,False,0.1426245281076934,4.45,8.0,0.0,,E3,M3+S1,T4,1040,3.599277973175049
0.57,0.0,1.0,0.5452895611795182,0.47000000000000003,0.0,0.0,,,0.0,0.0,True,False,0.1799593841172514,5.722222222222223,9.0,0.0,,E3,M3+S1,T4,1041,3.7776761054992676
0.9433333333333334,0.0,1.0,1.336836360187427,0.7466051532129061,0.0,0.0,,,0.0,0.0,True,True,0.1370260942407491,3.2,2.0,0.0,,E3,M3+S1,T4,1042,3.8761441707611084
0.40166666666666667,0.0,0.785,0.4699999999999992,0.46999999999999964,0.0,3.0,0.0,,15.0,0.705,False,False,0.15768531303269342,8.930000000000001,10.0,2.0,,E3,M3+S1,T4,1043,3.3007287979125977
0.49,0.0,0.7683333333333333,0.4699999999999996,0.4699999999999997,0.0,4.0,0.0,,7.0,0.37833333333333335,False,False,0.13908817413987662,7.987500000000001,8.0,3.0,,E3,M3+S1,T4,1044,3.5655879974365234
0.7266666666666667,1.0,0.19166666666666668,0.44671744791911516,0.4891674189063861,0.0,2.0,0.0,,1.0,0.02666666666666667,False,False,0.2750693881380966,5.475,8.0,0.0,,E3,M3+S1,T4,1045,3.550489902496338
0.5666666666666667,0.0,0.7083333333333334,0.46999999999999925,0.4700000000000009,0.0,3.0,1.0,6.600000000000001,0.0,0.0,True,False,0.14951038973245762,3.4875000000000003,8.0,2.0,,E3,M3+S1,T4,1046,3.60927414894104
1.0,0.0,0.9783333333333334,0.4699999999999998,1.1679116823282092,0.0,0.0,,,0.0,0.0,True,True,0.15780135149427058,0.0,1.0,0.0,,E3,M3+S1,T4,1047,3.51129412651062
0.725,1.0,1.0,0.5129918864787287,0.4699999999999997,0.0,0.0,,,0.0,0.0,True,False,0.15720907492185904,6.242857142857143,7.0,0.0,,E3,M3+S1,T4,1048,3.7597692012786865
0.5216666666666666,0.0,0.9233333333333333,0.46999999999999975,0.4700000000000001,0.0,3.0,0.3333333333333333,3.7,0.0,0.0,False,False,0.113728641205505,4.380000000000001,5.0,0.0,,E3,M3+S1,T4,1049,2.853886365890503
0.79,0.0,1.0,,0.47041926343624135,0.0,0.0,,,0.0,0.0,True,False,0.1558451476603506,2.9125,8.0,0.0,,E3,M3+S1,T5,1000,3.5294899940490723
0.5866666666666667,0.0,1.0,,0.4699999999999999,0.0,0.0,,,0.0,0.0,True,False,0.15615889220997287,4.622222222222223,9.0,0.0,,E3,M3+S1,T5,1001,3.198544979095459
0.71,0.0,1.0,,0.4699999999999993,0.0,0.0,,,0.0,0.0,True,False,0.1534344464419632,4.26,10.0,0.0,,E3,M3+S1,T5,1002,3.4751882553100586
0.715,1.0,0.9066666666666666,0.41373216786030337,0.4699999999999997,0.0,1.0,1.0,1.3,0.0,0.0,True,False,0.14895909265167878,2.8090909090909095,11.0,0.0,,E3,M3+S1,T5,1003,3.574005126953125
0.7216666666666667,0.0,0.8883333333333333,0.4699999999999996,0.46999999999999964,0.0,0.0,,,0.0,0.0,True,False,0.16574073964756356,3.4818181818181815,11.0,1.0,,E3,M3+S1,T5,1004,3.5402910709381104
0.5116666666666667,1.0,0.7266666666666667,0.3804789957223602,0.47,0.0,3.0,1.0,4.000000000000001,0.0,0.0,True,False,0.17916384461918525,4.266666666666667,15.0,4.0,,E3,M3+S1,T5,1005,3.3888728618621826
0.8633333333333333,0.0,1.0,,0.4954639351393489,0.0,0.0,,,0.0,0.0,True,True,0.17609793046316397,3.35,6.0,0.0,,E3,M3+S1,T5,1006,3.2510101795196533
0.5683333333333334,0.0,1.0,,0.4699999999999996,0.0,0.0,,,0.0,0.0,True,False,0.12334798791560699,7.777777777777778,9.0,0.0,,E3,M3+S1,T5,1007,3.1763968467712402
0.67,0.0,0.8883333333333333,0.4699999999999993,0.46999999999999925,0.0,1.0,0.0,,0.0,0.0,False,False,0.1393836292376844,3.71,10.0,1.0,,E3,M3+S1,T5,1008,3.6858971118927
0.8333333333333334,0.0,1.0,0.5128139100095751,0.48510664263775477,0.0,0.0,,,0.0,0.0,True,True,0.1617834354005118,3.9125000000000005,8.0,0.0,,E3,M3+S1,T5,1009,3.4367058277130127
0.6766666666666666,0.0,0.9766666666666667,0.4699999999999999,0.49546862098187516,0.0,0.0,,,0.0,0.0,True,False,0.1936449242443682,5.9222222222222225,9.0,0.0,,E3,M3+S1,T5,1010,3.3675100803375244
0.8066666666666666,0.0,1.0,,0.4776981237735004,0.0,0.0,,,0.0,0.0,True,True,0.1473433003877969,4.2,8.0,0.0,,E3,M3+S1,T5,1011,3.153427839279175
0.8116666666666666,0.0,0.9916666666666667,0.4699999999999999,0.46999999999999986,0.0,0.0,,,0.0,0.0,True,True,0.1359097291882922,2.12,10.0,0.0,,E3,M3+S1,T5,1012,3.4294509887695312
0.72,0.0,1.0,,0.4705893753879415,0.0,0.0,,,0.0,0.0,True,False,0.1792840760545687,3.9000000000000004,9.0,0.0,,E3,M3+S1,T5,1013,3.2893948554992676
0.8983333333333333,0.0,1.0,,0.4776082687434318,0.0,0.0,,,0.0,0.0,True,True,0.14381740624094444,2.125,8.0,0.0,,E3,M3+S1,T5,1014,3.2909491062164307
0.6,0.0,0.9166666666666666,0.46999999999999964,0.4700000000000001,0.0,0.0,,,0.0,0.0,True,False,0.1769496462763296,6.371428571428572,7.0,0.0,,E3,M3+S1,T5,1015,3.3454039096832275
0.88,0.0,1.0,2.2385553007705212,0.47978008419538754,0.0,0.0,,,0.0,0.0,True,True,0.16401834947581737,3.12,5.0,0.0,,E3,M3+S1,T5,1016,3.4445431232452393
0.675,0.0,1.0,,0.4700000000000002,0.0,0.0,,,0.0,0.0,True,False,0.15982205319486417,6.8875,8.0,0.0,,E3,M3+S1,T5,1017,3.4215879440307617
0.5716666666666667,0.0,1.0,,0.4725915348751452,0.0,0.0,,,0.0,0.0,True,False,0.16137432663472362,5.255555555555556,9.0,0.0,,E3,M3+S1,T5,1018,3.1461098194122314
0.7733333333333333,0.0,0.9666666666666667,0.4699999999999998,0.46999999999999986,0.0,0.0,,,0.0,0.0,True,False,0.16788496219371246,2.7750000000000004,8.0,0.0,,E3,M3+S1,T5,1019,3.3854987621307373
0.81,0.0,1.0,,0.49055696930036785,0.0,0.0,,,0.0,0.0,True,True,0.19733658214333427,5.233333333333333,6.0,0.0,,E3,M3+S1,T5,1020,3.2527167797088623
0.6666666666666666,0.0,1.0,,0.46999999999999975,0.0,0.0,,,0.0,0.0,True,False,0.15637970991141031,3.857142857142858,7.0,0.0,,E3,M3+S1,T5,1021,3.2827320098876953
0.665,0.0,1.0,2.0393729135396876,0.47,0.0,0.0,,,0.0,0.0,True,False,0.15651321348631927,4.15,6.0,0.0,,E3,M3+S1,T5,1022,3.540383815765381
0.7666666666666667,0.0,1.0,,0.4699999999999993,0.0,0.0,,,0.0,0.0,True,False,0.14493317618705726,3.5875000000000004,8.0,0.0,,E3,M3+S1,T5,1023,3.3810150623321533
0.665,0.0,0.8683333333333333,0.46999999999999986,0.47000000000000053,0.0,1.0,0.0,,0.0,0.0,False,False,0.11451640814922773,3.3333333333333335,6.0,0.0,,E3,M3+S1,T5,1024,3.631359100341797
0.6283333333333333,0.0,1.0,,0.4699999999999991,0.0,2.0,1.0,3.95,0.0,0.0,True,False,0.11280313427180813,4.871428571428572,7.0,0.0,,E3,M3+S1,T5,1025,3.2124688625335693
0.8516666666666667,0.0,0.9666666666666667,0.4699999999999995,0.49697605373923226,0.0,0.0,,,0.0,0.0,True,True,0.18984163610647212,2.8166666666666664,6.0,0.0,,E3,M3+S1,T5,1026,3.564570903778076
0.7383333333333333,0.0,0.9933333333333333,0.4811569753166561,0.47366381478693736,0.0,1.0,1.0,4.9,0.0,0.0,True,False,0.1268976721004955,3.1333333333333333,6.0,0.0,,E3,M3+S1,T5,1027,3.397710084915161
0.8133333333333334,0.0,0.9116666666666666,0.4699999999999993,0.47545994878044967,0.0,0.0,,,0.0,0.0,True,True,0.16564787037858253,2.5333333333333337,6.0,1.0,,E3,M3+S1,T5,1028,3.6163489818573
0.8483333333333334,0.0,0.9583333333333334,0.46999999999999914,0.47,0.0,0.0,,,0.0,0.0,True,True,0.15428889093852904,2.5125,8.0,5.0,,E3,M3+S1,T5,1029,3.5105631351470947
0.7483333333333333,0.0,0.9933333333333333,0.4700000000000002,0.46999999999999986,0.0,0.0,,,0.0,0.0,True,False,0.13898632698605187,3.3300000000000005,10.0,3.0,,E3,M3+S1,T5,1030,3.576205015182495
0.8116666666666666,0.0,1.0,,0.48473752254969776,0.0,0.0,,,0.0,0.0,True,True,0.15695712954373103,3.0714285714285716,7.0,0.0,,E3,M3+S1,T5,1031,3.192356824874878
0.83,0.0,1.0,,0.4781983655756517,0.0,0.0,,,0.0,0.0,True,True,0.17397236023710091,2.7,7.0,0.0,,E3,M3+S1,T5,1032,3.3039350509643555
0.7883333333333333,0.0,1.0,,0.47183872604988397,0.0,0.0,,,0.0,0.0,True,False,0.187440288630286,3.2400000000000007,10.0,0.0,,E3,M3+S1,T5,1033,3.4733800888061523
0.54,0.0,1.0,,0.46999999999999936,0.0,0.0,,,0.0,0.0,True,False,0.15300952294299208,8.061538461538461,13.0,0.0,,E3,M3+S1,T5,1034,3.407258987426758
0.7683333333333333,0.0,1.0,2.044244904982872,0.4699999999999998,0.0,0.0,,,0.0,0.0,True,False,0.11424863182775442,2.9375,8.0,0.0,,E3,M3+S1,T5,1035,3.4375312328338623
0.8933333333333333,0.0,1.0,,0.4929813758168529,0.0,0.0,,,0.0,0.0,True,True,0.17545988667705628,2.442857142857143,7.0,0.0,,E3,M3+S1,T5,1036,3.155874013900757
0.69,0.0,0.9616666666666667,0.45163304126763065,0.47000000000000014,0.0,0.0,,,0.0,0.0,True,False,0.16613820062258697,4.04,10.0,0.0,,E3,M3+S1,T5,1037,3.428734064102173
0.6633333333333333,1.0,0.8483333333333334,0.4699999999999995,0.4793201843685802,0.0,2.0,1.0,1.9500000000000002,0.0,0.0,True,False,0.15928332245140156,4.733333333333333,12.0,0.0,,E3,M3+S1,T5,1038,3.4765520095825195
0.79,0.0,1.0,1.4275738460886431,0.4699999999999992,0.0,0.0,,,0.0,0.0,True,False,0.16840488524682073,3.266666666666667,9.0,0.0,,E3,M3+S1,T5,1039,3.5091397762298584
0.8133333333333334,2.0,0.9616666666666667,0.4699999999999999,0.46999999999999975,0.0,1.0,0.0,,0.0,0.0,False,False,0.1694773891754526,2.7750000000000004,8.0,0.0,,E3,M3+S1,T5,1040,3.385970115661621
0.7416666666666667,0.0,0.9666666666666667,0.4699999999999998,0.4850889581295366,0.0,1.0,0.0,,0.0,0.0,False,False,0.1189408975923717,3.4200000000000004,10.0,0.0,,E3,M3+S1,T5,1041,3.0185298919677734
0.7516666666666667,2.0,0.8666666666666667,0.288922057636388,0.4723909841295699,0.0,1.0,1.0,8.8,0.0,0.0,True,False,0.1396992659804438,2.6999999999999997,6.0,1.0,,E3,M3+S1,T5,1042,3.3237879276275635
0.5516666666666666,0.0,1.0,,0.4699999999999997,0.0,0.0,,,0.0,0.0,True,False,0.13220937959365683,5.433333333333334,6.0,0.0,,E3,M3+S1,T5,1043,3.256394863128662
0.6383333333333333,0.0,1.0,,0.490873605642215,0.0,0.0,,,0.0,0.0,True,False,0.19410970301410835,4.91,10.0,0.0,,E3,M3+S1,T5,1044,3.2619881629943848
0.7683333333333333,0.0,0.9766666666666667,0.46999999999999964,0.4945163090962956,0.0,0.0,,,0.0,0.0,True,False,0.17343017203645467,3.1,5.0,1.0,,E3,M3+S1,T5,1045,3.2710039615631104
0.7466666666666667,0.0,0.96,0.46999999999999975,0.46999999999999986,0.0,1.0,1.0,2.4000000000000004,0.0,0.0,True,False,0.1619349029303372,3.3333333333333335,9.0,3.0,,E3,M3+S1,T5,1046,3.311680793762207
0.83,0.0,0.9883333333333333,0.4777969838992273,0.48062704906366815,0.0,1.0,1.0,1.5,0.0,0.0,True,True,0.1578391889396491,2.8666666666666667,6.0,0.0,,E3,M3+S1,T5,1047,3.216667890548706
0.7983333333333333,0.0,0.905,0.46999999999999953,0.47000000000000014,0.0,1.0,1.0,4.6000000000000005,0.0,0.0,True,False,0.11695507955344854,1.9090909090909094,11.0,1.0,,E3,M3+S1,T5,1048,3.341602087020874
0.61,0.0,1.0,,0.4699999999999992,0.0,0.0,,,0.0,0.0,True,False,0.15256597514408898,5.022222222222222,9.0,0.0,,E3,M3+S1,T5,1049,3.234781265258789
0.63,0.0,0.77,0.46999999999999953,0.4699999999999996,0.0,1.0,1.0,2.0,0.0,0.0,True,False,0.1691523923621631,5.936363636363637,11.0,5.0,,E3,M3+S1,T7,1000,3.6074929237365723
0.8983333333333333,0.0,0.73,0.4578155260075064,0.4912196365673246,0.0,1.0,1.0,1.5,0.0,0.0,True,True,0.15047686676101255,1.542857142857143,7.0,5.0,,E3,M3+S1,T7,1001,3.4770779609680176
0.995,0.0,1.0,,0.9936816341019251,0.0,0.0,,,0.0,0.0,True,True,0.11789931459573953,1.2000000000000002,2.0,0.0,,E3,M3+S1,T7,1002,3.1146042346954346
0.6166666666666667,0.0,0.935,0.46999999999999925,0.4699999999999998,0.0,3.0,1.0,5.566666666666666,0.0,0.0,True,False,0.11440576215931084,2.48,10.0,0.0,,E3,M3+S1,T7,1003,3.41349720954895
0.8133333333333334,0.0,0.9233333333333333,0.4699999999999992,0.4699999999999999,0.0,2.0,1.0,2.6,0.0,0.0,True,True,0.16016529708776714,1.692857142857143,14.0,2.0,,E3,M3+S1,T7,1004,3.4262242317199707
0.9083333333333333,0.0,1.0,,0.5501981122284271,0.0,0.0,,,0.0,0.0,True,True,0.1608684314038092,2.6333333333333333,3.0,0.0,,E3,M3+S1,T7,1005,3.3130269050598145
0.6716666666666666,0.0,0.9733333333333334,0.4762346145816222,0.49947424023322745,0.0,1.0,1.0,2.6,0.0,0.0,True,False,0.20450685069370184,6.177777777777778,9.0,2.0,,E3,M3+S1,T7,1006,3.520563840866089
0.8166666666666667,0.0,1.0,,0.46999999999999986,0.0,0.0,,,0.0,0.0,True,True,0.1405883837800398,3.3833333333333333,6.0,0.0,,E3,M3+S1,T7,1007,3.249098062515259
0.795,0.0,0.9066666666666666,0.4700000000000002,0.47,0.0,2.0,1.0,4.65,0.0,0.0,True,False,0.12972681056987662,1.5,4.0,0.0,,E3,M3+S1,T7,1008,3.551133871078491
0.9533333333333334,0.0,0.9966666666666667,0.493974217310136,0.5301558549787709,0.0,0.0,,,0.0,0.0,True,True,0.17405073255593623,3.9000000000000004,1.0,0.0,,E3,M3+S1,T7,1009,3.583189010620117
0.6233333333333333,1.0,0.8016666666666666,0.4416559444203148,0.46999999999999953,0.0,1.0,1.0,2.9000000000000004,0.0,0.0,True,False,0.17898771066418115,6.4,8.0,1.0,,E3,M3+S1,T7,1010,3.4133408069610596
1.0,0.0,0.8366666666666667,0.4699999999999992,1.133323962022207,0.0,2.0,1.0,2.3500000000000005,0.0,0.0,True,True,0.139104790971666,0.0,5.0,4.0,,E3,M3+S1,T7,1011,3.6739931106567383
0.9416666666666667,0.0,1.0,0.5599294393298027,0.6522708777761349,0.0,0.0,,,0.0,0.0,True,True,0.15929198900132527,2.2399999999999998,5.0,1.0,,E3,M3+S1,T7,1012,3.7923967838287354
0.73,0.0,1.0,,0.4794551920319203,0.0,0.0,,,0.0,0.0,True,False,0.18126761651806025,5.366666666666667,6.0,0.0,,E3,M3+S1,T7,1013,3.2619810104370117
0.8616666666666667,0.0,0.8916666666666667,0.4699999999999994,0.46999999999999975,0.0,2.0,0.5,5.300000000000001,0.0,0.0,True,True,0.17368879210480465,1.5299999999999998,10.0,1.0,,E3,M3+S1,T7,1014,3.586225986480713
0.72,0.0,0.9216666666666666,0.46999999999999953,0.4822144810992559,0.0,0.0,,,0.0,0.0,True,False,0.1807894677253284,6.422222222222223,9.0,1.0,,E3,M3+S1,T7,1015,3.316441059112549
0.9683333333333334,0.0,1.0,5.424266450743048,0.765677090661906,0.0,0.0,,,0.0,0.0,True,True,0.19977561424144244,3.5,1.0,0.0,,E3,M3+S1,T7,1016,3.6415762901306152
0.9,2.0,0.84,0.4699999999999992,0.49166411804614985,0.0,2.0,1.0,2.0,0.0,0.0,True,False,0.16918893311303573,1.6545454545454548,11.0,1.0,,E3,M3+S1,T7,1017,3.580548048019409
0.8133333333333334,0.0,0.9333333333333333,0.4699999999999996,0.4846272357938264,0.0,1.0,1.0,1.6,0.0,0.0,True,True,0.17935367001865468,2.2142857142857144,7.0,3.0,,E3,M3+S1,T7,1018,3.4604251384735107
0.6216666666666667,0.0,0.7583333333333333,0.4699999999999995,0.4699999999999999,0.0,4.0,1.0,5.200000000000001,0.0,0.0,True,False,0.12770377232669697,4.525,8.0,4.0,,E3,M3+S1,T7,1019,3.4130821228027344
0.3466666666666667,0.0,1.0,,0.47981711415383754,0.0,0.0,,,0.0,0.0,True,False,0.18239885286367752,40.1,1.0,0.0,,E3,M3+S1,T7,1020,3.1172680854797363
0.5233333333333333,0.0,1.0,0.856069127309185,0.4700000000000001,0.0,0.0,,,0.0,0.0,True,False,0.19133206519336174,7.775,4.0,0.0,,E3,M3+S1,T7,1021,3.431467056274414
0.6066666666666667,0.0,1.0,,0.47000000000000014,0.0,0.0,,,0.0,0.0,True,False,0.1609305920147856,9.950000000000001,4.0,0.0,,E3,M3+S1,T7,1022,3.3262858390808105
0.7033333333333334,0.0,0.78,0.4699999999999998,0.46999999999999986,0.0,0.0,,,0.0,0.0,True,False,0.1608337033247065,3.4909090909090907,11.0,1.0,,E3,M3+S1,T7,1023,3.470353126525879
0.7083333333333334,0.0,0.5983333333333334,0.4699999999999991,0.48752671906841455,0.0,2.0,0.5,15.8,0.0,0.0,False,False,0.15522218506753704,2.6166666666666667,6.0,0.0,,E3,M3+S1,T7,1024,3.411597967147827
0.6866666666666666,2.0,0.6666666666666666,0.43906193002180927,0.4700000000000001,0.0,3.0,1.0,3.766666666666667,0.0,0.0,True,False,0.1599661247078607,5.261538461538462,13.0,1.0,,E3,M3+S1,T7,1025,3.44736385345459
0.715,2.0,0.8416666666666667,0.4208018167287165,0.48508898109583953,0.0,0.0,,,0.0,0.0,True,False,0.16680044411155698,4.292307692307693,13.0,0.0,,E3,M3+S1,T7,1026,3.6004140377044678
0.8183333333333334,0.0,1.0,,0.49337256352988457,0.0,0.0,,,0.0,0.0,True,True,0.14688506890423256,4.7,5.0,0.0,,E3,M3+S1,T7,1027,3.0956008434295654
0.9083333333333333,1.0,0.8766666666666667,0.4699999999999996,0.47,0.0,1.0,1.0,3.6,0.0,0.0,True,False,0.19087061205976785,1.1454545454545455,11.0,7.0,,E3,M3+S1,T7,1028,3.517610788345337
1.0,0.0,1.0,0.5376148609301648,1.2938853242315187,0.0,0.0,,,0.0,0.0,True,True,0.128838861671305,0.0,2.0,0.0,,E3,M3+S1,T7,1029,3.7780849933624268
0.8933333333333333,0.0,1.0,,0.4711046195497637,0.0,0.0,,,0.0,0.0,True,True,0.17718067142960808,4.575,4.0,0.0,,E3,M3+S1,T7,1030,3.2228620052337646
1.0,0.0,1.0,,1.0284477958175577,0.0,0.0,,,0.0,0.0,True,True,0.15008804073415905,0.0,3.0,0.0,,E3,M3+S1,T7,1031,3.1703109741210938
0.735,0.0,0.9683333333333334,0.4699999999999999,0.4957612923348227,0.0,1.0,1.0,1.6,0.0,0.0,True,False,0.1395592257440117,7.3999999999999995,3.0,0.0,,E3,M3+S1,T7,1032,3.4253900051116943
0.9083333333333333,0.0,1.0,0.507423663221724,0.5252345582033534,0.0,1.0,1.0,1.5,0.0,0.0,True,True,0.1401602037722139,2.9000000000000004,2.0,0.0,,E3,M3+S1,T7,1033,3.6268129348754883
0.6983333333333334,0.0,0.9633333333333334,0.46999999999999925,0.47,0.0,0.0,,,0.0,0.0,True,False,0.1529145736464061,5.033333333333334,12.0,1.0,,E3,M3+S1,T7,1034,3.1847448348999023
0.905,0.0,1.0,0.6445036156344736,0.5819066276355462,0.0,0.0,,,0.0,0.0,True,True,0.1622620651324746,1.7285714285714284,7.0,4.0,,E3,M3+S1,T7,1035,3.4767868518829346
1.0,0.0,0.975,0.46999999999999964,1.0312479170102817,0.0,0.0,,,0.0,0.0,True,True,0.16202201236957534,0.0,3.0,0.0,,E3,M3+S1,T7,1036,3.2817389965057373
0.8316666666666667,0.0,0.9683333333333334,0.4699999999999996,0.48102825063535415,0.0,1.0,1.0,1.5,0.0,0.0,True,True,0.14013563768818574,2.325,8.0,0.0,,E3,M3+S1,T7,1037,3.2016100883483887
0.6633333333333333,2.0,0.5816666666666667,0.4699999999999993,0.46999999999999975,0.0,2.0,1.0,1.75,0.0,0.0,True,False,0.19352065252024517,5.880000000000001,10.0,7.0,,E3,M3+S1,T7,1038,3.634549140930176
0.765,0.0,0.9566666666666667,0.4699999999999997,0.47000000000000003,0.0,0.0,,,0.0,0.0,True,False,0.13846236090829134,4.23,10.0,4.0,,E3,M3+S1,T7,1039,2.9214210510253906
0.6816666666666666,0.0,0.8966666666666666,0.46999999999999914,0.469999999999999,0.0,2.0,1.0,6.95,0.0,0.0,True,False,0.1658822126372979,2.6750000000000003,12.0,1.0,,E3,M3+S1,T7,1040,3.3207099437713623
0.9633333333333334,0.0,1.0,0.7518611844555035,0.809946023212833,0.0,0.0,,,0.0,0.0,True,True,0.20182263772945933,2.8000000000000003,2.0,0.0,,E3,M3+S1,T7,1041,2.920727014541626
0.3383333333333333,0.0,0.9866666666666667,0.46999999999999953,1.440512925769611,0.0,2.0,0.0,,0.0,0.0,False,False,0.0679255949927452,13.15,6.0,1.0,,E3,M3+S1,T7,1042,2.0136921405792236
0.9016666666666666,1.0,0.5433333333333333,0.4699999999999991,0.46999999999999986,0.0,5.0,0.6,1.5333333333333334,0.0,0.0,False,False,0.1497309485267691,1.625,8.0,3.0,,E3,M3+S1,T7,1043,3.1639490127563477
0.6283333333333333,0.0,0.7216666666666667,0.4699999999999991,0.4892105462356359,0.0,2.0,1.0,7.9,0.0,0.0,True,False,0.16922628582866273,3.03,10.0,1.0,,E3,M3+S1,T7,1044,3.179985761642456
0.73,0.0,0.9683333333333334,0.46650940638035854,0.4830984386685305,0.0,0.0,,,0.0,0.0,True,False,0.22222405772842896,3.1625,8.0,2.0,,E3,M3+S1,T7,1045,2.7478818893432617
0.7483333333333333,0.0,1.0,3.0491611043219278,0.46999999999999936,0.0,0.0,,,0.0,0.0,True,False,0.1792066289540444,4.6000000000000005,7.0,0.0,,E3,M3+S1,T7,1046,3.124121904373169
0.9416666666666667,0.0,0.9916666666666667,0.46999999999999925,0.5626504627835397,0.0,0.0,,,0.0,0.0,True,True,0.18325845285939946,4.6000000000000005,1.0,0.0,,E3,M3+S1,T7,1047,2.590575695037842
1.0,0.0,1.0,0.502464022669686,1.3091093612656146,0.0,0.0,,,0.0,0.0,True,True,0.11271624525673996,0.0,4.0,0.0,,E3,M3+S1,T7,1048,3.116910934448242
0.9333333333333333,0.0,1.0,,0.6226671434046144,0.0,0.0,,,0.0,0.0,True,True,0.1562132376896691,1.9250000000000003,4.0,0.0,,E3,M3+S1,T7,1049,1.9503679275512695
